2026-03-10 06:33:47,059 - BasicTS-launcher - INFO - Launching BasicTS training.
2026-03-10 06:33:47,297 - easytorch-env - INFO - Use devices 0.
2026-03-10 06:33:47,437 - easytorch-env - INFO - Disable TF32 mode
2026-03-10 06:33:47,950 - BasicTS - INFO - Building model.
/mnt/users/rwl/MATS/src/models/experts.py:491: UserWarning: enable_nested_tensor is True, but self.use_nested_tensor is False because encoder_layer.norm_first was True
  self.transformer = nn.TransformerEncoder(
2026-03-10 06:33:51,804 - BasicTS - INFO - Set ckpt save dir: "/mnt/users/rwl/MATS/results/main/MATS-Full-ETTm1-96/291ccb45ceb896987e4d4e6d16ed2bac"
2026-03-10 06:33:51,807 - BasicTS-training - INFO - Initializing training.
2026-03-10 06:33:51,807 - BasicTS-training - INFO - Building train data loader.
2026-03-10 06:34:21,689 - BasicTS-training - INFO - Set optim: Adam
2026-03-10 06:34:21,689 - BasicTS-training - INFO - Set lr_scheduler: CosineAnnealingLR
2026-03-10 06:34:21,690 - BasicTS-training - INFO - Building val data loader.
2026-03-10 06:34:21,691 - BasicTS-training - INFO - Building test data loader.
2026-03-10 06:34:21,694 - BasicTS-training - INFO - Total parameters: 10223151
2026-03-10 06:34:21,694 - BasicTS-training - INFO - Trainable parameters: 10223151
2026-03-10 06:34:21,694 - BasicTS-training - INFO - Epoch 1 / 100
2026-03-10 06:36:28,105 - BasicTS-training - INFO - Result <train>: [train/time: 126.41 (s), train/lr: 5.00e-04, train/loss: 0.3773, train/MAE: 0.3773, train/MSE: 0.3363, train/RMSE: 0.5799, train/MAPE: 2.0788, train/WAPE: 0.6513]
2026-03-10 06:36:29,127 - BasicTS-training - INFO - Start validation.
2026-03-10 06:36:38,682 - BasicTS-training - INFO - Result <val>: [val/time: 9.55 (s), val/loss: 0.4361, val/MAE: 0.4361, val/MSE: 0.4475, val/RMSE: 0.6690, val/MAPE: 1.9809, val/WAPE: 0.6499]
2026-03-10 06:36:41,074 - BasicTS-training - INFO - Checkpoint /mnt/users/rwl/MATS/results/main/MATS-Full-ETTm1-96/291ccb45ceb896987e4d4e6d16ed2bac/MATSArch_best_val_MAE.pt saved
2026-03-10 06:36:47,931 - BasicTS-training - INFO - Result <test>: [test/time: 6.85 (s), test/loss: 0.3702, test/MAE: 0.3702, test/MSE: 0.3574, test/RMSE: 0.5979, test/MAPE: 2.0841, test/WAPE: 0.5618]
2026-03-10 06:36:50,331 - BasicTS-training - INFO - Checkpoint /mnt/users/rwl/MATS/results/main/MATS-Full-ETTm1-96/291ccb45ceb896987e4d4e6d16ed2bac/MATSArch_001.pt saved
2026-03-10 06:36:50,332 - BasicTS-training - INFO - The estimated training finish time is 2026-03-10 10:41:51
2026-03-10 06:36:50,332 - BasicTS-training - INFO - Epoch 2 / 100
2026-03-10 06:38:33,926 - BasicTS-training - INFO - Result <train>: [train/time: 103.59 (s), train/lr: 5.00e-04, train/loss: 0.3795, train/MAE: 0.3795, train/MSE: 0.3371, train/RMSE: 0.5806, train/MAPE: 2.1085, train/WAPE: 0.6544]
2026-03-10 06:38:35,330 - BasicTS-training - INFO - Start validation.
2026-03-10 06:38:44,994 - BasicTS-training - INFO - Result <val>: [val/time: 9.66 (s), val/loss: 0.4308, val/MAE: 0.4308, val/MSE: 0.4447, val/RMSE: 0.6669, val/MAPE: 1.9973, val/WAPE: 0.6483]
2026-03-10 06:38:47,367 - BasicTS-training - INFO - Checkpoint /mnt/users/rwl/MATS/results/main/MATS-Full-ETTm1-96/291ccb45ceb896987e4d4e6d16ed2bac/MATSArch_best_val_MAE.pt saved
2026-03-10 06:38:55,183 - BasicTS-training - INFO - Result <test>: [test/time: 7.81 (s), test/loss: 0.3694, test/MAE: 0.3694, test/MSE: 0.3591, test/RMSE: 0.5993, test/MAPE: 2.1990, test/WAPE: 0.5647]
2026-03-10 06:38:57,051 - BasicTS-training - INFO - Checkpoint /mnt/users/rwl/MATS/results/main/MATS-Full-ETTm1-96/291ccb45ceb896987e4d4e6d16ed2bac/MATSArch_002.pt saved
2026-03-10 06:38:57,051 - BasicTS-training - INFO - The estimated training finish time is 2026-03-10 10:23:43
2026-03-10 06:38:57,052 - BasicTS-training - INFO - Epoch 3 / 100
2026-03-10 06:40:42,366 - BasicTS-training - INFO - Result <train>: [train/time: 105.31 (s), train/lr: 5.00e-04, train/loss: 0.3805, train/MAE: 0.3805, train/MSE: 0.3399, train/RMSE: 0.5830, train/MAPE: 2.1124, train/WAPE: 0.6566]
2026-03-10 06:40:43,982 - BasicTS-training - INFO - Start validation.
2026-03-10 06:40:51,770 - BasicTS-training - INFO - Result <val>: [val/time: 7.79 (s), val/loss: 0.4270, val/MAE: 0.4270, val/MSE: 0.4428, val/RMSE: 0.6655, val/MAPE: 1.9601, val/WAPE: 0.6422]
2026-03-10 06:40:53,839 - BasicTS-training - INFO - Checkpoint /mnt/users/rwl/MATS/results/main/MATS-Full-ETTm1-96/291ccb45ceb896987e4d4e6d16ed2bac/MATSArch_best_val_MAE.pt saved
2026-03-10 06:41:03,107 - BasicTS-training - INFO - Result <test>: [test/time: 9.27 (s), test/loss: 0.3690, test/MAE: 0.3690, test/MSE: 0.3658, test/RMSE: 0.6048, test/MAPE: 2.1226, test/WAPE: 0.5601]
2026-03-10 06:41:05,011 - BasicTS-training - INFO - Checkpoint /mnt/users/rwl/MATS/results/main/MATS-Full-ETTm1-96/291ccb45ceb896987e4d4e6d16ed2bac/MATSArch_003.pt saved
2026-03-10 06:41:05,011 - BasicTS-training - INFO - The estimated training finish time is 2026-03-10 10:18:21
2026-03-10 06:41:05,011 - BasicTS-training - INFO - Epoch 4 / 100
2026-03-10 06:42:44,253 - BasicTS-training - INFO - Result <train>: [train/time: 99.24 (s), train/lr: 4.99e-04, train/loss: 0.3779, train/MAE: 0.3779, train/MSE: 0.3382, train/RMSE: 0.5815, train/MAPE: 2.0981, train/WAPE: 0.6528]
2026-03-10 06:42:45,395 - BasicTS-training - INFO - Start validation.
2026-03-10 06:42:54,805 - BasicTS-training - INFO - Result <val>: [val/time: 9.41 (s), val/loss: 0.4302, val/MAE: 0.4302, val/MSE: 0.4437, val/RMSE: 0.6661, val/MAPE: 1.9856, val/WAPE: 0.6467]
2026-03-10 06:43:04,696 - BasicTS-training - INFO - Result <test>: [test/time: 9.00 (s), test/loss: 0.3657, test/MAE: 0.3657, test/MSE: 0.3558, test/RMSE: 0.5965, test/MAPE: 2.1029, test/WAPE: 0.5583]
2026-03-10 06:43:06,340 - BasicTS-training - INFO - Checkpoint /mnt/users/rwl/MATS/results/main/MATS-Full-ETTm1-96/291ccb45ceb896987e4d4e6d16ed2bac/MATSArch_004.pt saved
2026-03-10 06:43:06,341 - BasicTS-training - INFO - The estimated training finish time is 2026-03-10 10:12:54
2026-03-10 06:43:06,341 - BasicTS-training - INFO - Epoch 5 / 100
2026-03-10 06:44:40,675 - BasicTS-training - INFO - Result <train>: [train/time: 94.33 (s), train/lr: 4.98e-04, train/loss: 0.3780, train/MAE: 0.3780, train/MSE: 0.3391, train/RMSE: 0.5823, train/MAPE: 2.1029, train/WAPE: 0.6533]
2026-03-10 06:44:42,550 - BasicTS-training - INFO - Start validation.
2026-03-10 06:44:50,174 - BasicTS-training - INFO - Result <val>: [val/time: 7.62 (s), val/loss: 0.4277, val/MAE: 0.4277, val/MSE: 0.4391, val/RMSE: 0.6627, val/MAPE: 1.9592, val/WAPE: 0.6420]
2026-03-10 06:44:58,464 - BasicTS-training - INFO - Result <test>: [test/time: 7.48 (s), test/loss: 0.3668, test/MAE: 0.3668, test/MSE: 0.3552, test/RMSE: 0.5960, test/MAPE: 2.1314, test/WAPE: 0.5574]
2026-03-10 06:45:00,498 - BasicTS-training - INFO - Checkpoint /mnt/users/rwl/MATS/results/main/MATS-Full-ETTm1-96/291ccb45ceb896987e4d4e6d16ed2bac/MATSArch_005.pt saved
2026-03-10 06:45:00,499 - BasicTS-training - INFO - The estimated training finish time is 2026-03-10 10:07:15
2026-03-10 06:45:00,499 - BasicTS-training - INFO - Epoch 6 / 100
2026-03-10 06:46:33,497 - BasicTS-training - INFO - Result <train>: [train/time: 93.00 (s), train/lr: 4.97e-04, train/loss: 0.3780, train/MAE: 0.3780, train/MSE: 0.3390, train/RMSE: 0.5822, train/MAPE: 2.1025, train/WAPE: 0.6534]
2026-03-10 06:46:34,449 - BasicTS-training - INFO - Start validation.
2026-03-10 06:46:42,029 - BasicTS-training - INFO - Result <val>: [val/time: 7.58 (s), val/loss: 0.4259, val/MAE: 0.4259, val/MSE: 0.4377, val/RMSE: 0.6616, val/MAPE: 1.9854, val/WAPE: 0.6393]
2026-03-10 06:46:43,599 - BasicTS-training - INFO - Checkpoint /mnt/users/rwl/MATS/results/main/MATS-Full-ETTm1-96/291ccb45ceb896987e4d4e6d16ed2bac/MATSArch_best_val_MAE.pt saved
2026-03-10 06:46:51,758 - BasicTS-training - INFO - Result <test>: [test/time: 8.16 (s), test/loss: 0.3659, test/MAE: 0.3659, test/MSE: 0.3591, test/RMSE: 0.5993, test/MAPE: 2.0827, test/WAPE: 0.5556]
2026-03-10 06:46:53,247 - BasicTS-training - INFO - Checkpoint /mnt/users/rwl/MATS/results/main/MATS-Full-ETTm1-96/291ccb45ceb896987e4d4e6d16ed2bac/MATSArch_006.pt saved
2026-03-10 06:46:53,247 - BasicTS-training - INFO - The estimated training finish time is 2026-03-10 10:03:05
2026-03-10 06:46:53,247 - BasicTS-training - INFO - Epoch 7 / 100
2026-03-10 06:48:28,501 - BasicTS-training - INFO - Result <train>: [train/time: 95.25 (s), train/lr: 4.96e-04, train/loss: 0.3776, train/MAE: 0.3776, train/MSE: 0.3392, train/RMSE: 0.5824, train/MAPE: 2.1011, train/WAPE: 0.6529]
2026-03-10 06:48:29,580 - BasicTS-training - INFO - Start validation.
2026-03-10 06:48:37,755 - BasicTS-training - INFO - Result <val>: [val/time: 8.17 (s), val/loss: 0.4223, val/MAE: 0.4223, val/MSE: 0.4357, val/RMSE: 0.6601, val/MAPE: 1.9439, val/WAPE: 0.6353]
2026-03-10 06:48:39,535 - BasicTS-training - INFO - Checkpoint /mnt/users/rwl/MATS/results/main/MATS-Full-ETTm1-96/291ccb45ceb896987e4d4e6d16ed2bac/MATSArch_best_val_MAE.pt saved
2026-03-10 06:48:48,436 - BasicTS-training - INFO - Result <test>: [test/time: 8.90 (s), test/loss: 0.3655, test/MAE: 0.3655, test/MSE: 0.3595, test/RMSE: 0.5996, test/MAPE: 2.0782, test/WAPE: 0.5570]
2026-03-10 06:48:50,217 - BasicTS-training - INFO - Checkpoint /mnt/users/rwl/MATS/results/main/MATS-Full-ETTm1-96/291ccb45ceb896987e4d4e6d16ed2bac/MATSArch_007.pt saved
2026-03-10 06:48:50,217 - BasicTS-training - INFO - The estimated training finish time is 2026-03-10 10:01:07
2026-03-10 06:48:50,217 - BasicTS-training - INFO - Epoch 8 / 100
2026-03-10 06:50:30,937 - BasicTS-training - INFO - Result <train>: [train/time: 100.72 (s), train/lr: 4.94e-04, train/loss: 0.3761, train/MAE: 0.3761, train/MSE: 0.3360, train/RMSE: 0.5796, train/MAPE: 2.0813, train/WAPE: 0.6500]
2026-03-10 06:50:32,917 - BasicTS-training - INFO - Start validation.
2026-03-10 06:50:41,199 - BasicTS-training - INFO - Result <val>: [val/time: 8.28 (s), val/loss: 0.4273, val/MAE: 0.4273, val/MSE: 0.4458, val/RMSE: 0.6677, val/MAPE: 2.0059, val/WAPE: 0.6439]
2026-03-10 06:50:50,327 - BasicTS-training - INFO - Result <test>: [test/time: 8.41 (s), test/loss: 0.3702, test/MAE: 0.3702, test/MSE: 0.3709, test/RMSE: 0.6090, test/MAPE: 2.0701, test/WAPE: 0.5635]
2026-03-10 06:50:51,651 - BasicTS-training - INFO - Checkpoint /mnt/users/rwl/MATS/results/main/MATS-Full-ETTm1-96/291ccb45ceb896987e4d4e6d16ed2bac/MATSArch_008.pt saved
2026-03-10 06:50:51,651 - BasicTS-training - INFO - The estimated training finish time is 2026-03-10 10:00:34
2026-03-10 06:50:51,651 - BasicTS-training - INFO - Epoch 9 / 100
2026-03-10 06:52:27,071 - BasicTS-training - INFO - Result <train>: [train/time: 95.42 (s), train/lr: 4.92e-04, train/loss: 0.3751, train/MAE: 0.3751, train/MSE: 0.3331, train/RMSE: 0.5771, train/MAPE: 2.0689, train/WAPE: 0.6482]
2026-03-10 06:52:27,939 - BasicTS-training - INFO - Start validation.
2026-03-10 06:52:35,985 - BasicTS-training - INFO - Result <val>: [val/time: 8.04 (s), val/loss: 0.4293, val/MAE: 0.4293, val/MSE: 0.4418, val/RMSE: 0.6647, val/MAPE: 1.9203, val/WAPE: 0.6408]
2026-03-10 06:52:45,558 - BasicTS-training - INFO - Result <test>: [test/time: 8.72 (s), test/loss: 0.3692, test/MAE: 0.3692, test/MSE: 0.3680, test/RMSE: 0.6067, test/MAPE: 1.9538, test/WAPE: 0.5543]
2026-03-10 06:52:47,395 - BasicTS-training - INFO - Checkpoint /mnt/users/rwl/MATS/results/main/MATS-Full-ETTm1-96/291ccb45ceb896987e4d4e6d16ed2bac/MATSArch_009.pt saved
2026-03-10 06:52:47,396 - BasicTS-training - INFO - The estimated training finish time is 2026-03-10 09:59:05
2026-03-10 06:52:47,396 - BasicTS-training - INFO - Epoch 10 / 100
2026-03-10 06:54:27,410 - BasicTS-training - INFO - Result <train>: [train/time: 100.01 (s), train/lr: 4.90e-04, train/loss: 0.3748, train/MAE: 0.3748, train/MSE: 0.3323, train/RMSE: 0.5765, train/MAPE: 2.0660, train/WAPE: 0.6478]
2026-03-10 06:54:28,589 - BasicTS-training - INFO - Start validation.
2026-03-10 06:54:35,625 - BasicTS-training - INFO - Result <val>: [val/time: 7.03 (s), val/loss: 0.4338, val/MAE: 0.4338, val/MSE: 0.4489, val/RMSE: 0.6700, val/MAPE: 2.1048, val/WAPE: 0.6560]
2026-03-10 06:54:45,386 - BasicTS-training - INFO - Result <test>: [test/time: 9.16 (s), test/loss: 0.3784, test/MAE: 0.3784, test/MSE: 0.3706, test/RMSE: 0.6087, test/MAPE: 2.2930, test/WAPE: 0.5744]
2026-03-10 06:54:47,994 - BasicTS-training - INFO - Checkpoint /mnt/users/rwl/MATS/results/main/MATS-Full-ETTm1-96/291ccb45ceb896987e4d4e6d16ed2bac/MATSArch_010.pt saved
2026-03-10 06:54:48,833 - BasicTS-training - INFO - The estimated training finish time is 2026-03-10 09:58:51
2026-03-10 06:54:48,833 - BasicTS-training - INFO - Epoch 11 / 100
2026-03-10 06:56:23,459 - BasicTS-training - INFO - Result <train>: [train/time: 94.63 (s), train/lr: 4.88e-04, train/loss: 0.3743, train/MAE: 0.3743, train/MSE: 0.3313, train/RMSE: 0.5756, train/MAPE: 2.0621, train/WAPE: 0.6469]
2026-03-10 06:56:24,418 - BasicTS-training - INFO - Start validation.
2026-03-10 06:56:31,973 - BasicTS-training - INFO - Result <val>: [val/time: 7.55 (s), val/loss: 0.4264, val/MAE: 0.4264, val/MSE: 0.4375, val/RMSE: 0.6614, val/MAPE: 1.9680, val/WAPE: 0.6415]
2026-03-10 06:56:41,660 - BasicTS-training - INFO - Result <test>: [test/time: 8.89 (s), test/loss: 0.3677, test/MAE: 0.3677, test/MSE: 0.3581, test/RMSE: 0.5984, test/MAPE: 2.1259, test/WAPE: 0.5575]
2026-03-10 06:56:44,182 - BasicTS-training - INFO - Checkpoint /mnt/users/rwl/MATS/results/main/MATS-Full-ETTm1-96/291ccb45ceb896987e4d4e6d16ed2bac/MATSArch_011.pt saved
2026-03-10 06:56:44,182 - BasicTS-training - INFO - The estimated training finish time is 2026-03-10 09:57:45
2026-03-10 06:56:44,182 - BasicTS-training - INFO - Epoch 12 / 100
2026-03-10 06:58:20,482 - BasicTS-training - INFO - Result <train>: [train/time: 96.30 (s), train/lr: 4.85e-04, train/loss: 0.3741, train/MAE: 0.3741, train/MSE: 0.3307, train/RMSE: 0.5751, train/MAPE: 2.0611, train/WAPE: 0.6465]
2026-03-10 06:58:22,466 - BasicTS-training - INFO - Start validation.
2026-03-10 06:58:30,843 - BasicTS-training - INFO - Result <val>: [val/time: 8.38 (s), val/loss: 0.4271, val/MAE: 0.4271, val/MSE: 0.4456, val/RMSE: 0.6675, val/MAPE: 2.0216, val/WAPE: 0.6471]
2026-03-10 06:58:40,568 - BasicTS-training - INFO - Result <test>: [test/time: 8.77 (s), test/loss: 0.3736, test/MAE: 0.3736, test/MSE: 0.3734, test/RMSE: 0.6111, test/MAPE: 2.1166, test/WAPE: 0.5692]
2026-03-10 06:58:42,836 - BasicTS-training - INFO - Checkpoint /mnt/users/rwl/MATS/results/main/MATS-Full-ETTm1-96/291ccb45ceb896987e4d4e6d16ed2bac/MATSArch_012.pt saved
2026-03-10 06:58:42,837 - BasicTS-training - INFO - The estimated training finish time is 2026-03-10 09:57:16
2026-03-10 06:58:42,837 - BasicTS-training - INFO - Epoch 13 / 100
2026-03-10 07:00:17,410 - BasicTS-training - INFO - Result <train>: [train/time: 94.57 (s), train/lr: 4.82e-04, train/loss: 0.3739, train/MAE: 0.3739, train/MSE: 0.3301, train/RMSE: 0.5746, train/MAPE: 2.0618, train/WAPE: 0.6462]
2026-03-10 07:00:18,372 - BasicTS-training - INFO - Start validation.
2026-03-10 07:00:26,472 - BasicTS-training - INFO - Result <val>: [val/time: 8.10 (s), val/loss: 0.4375, val/MAE: 0.4375, val/MSE: 0.4499, val/RMSE: 0.6707, val/MAPE: 2.0105, val/WAPE: 0.6519]
2026-03-10 07:00:35,513 - BasicTS-training - INFO - Result <test>: [test/time: 7.96 (s), test/loss: 0.3795, test/MAE: 0.3795, test/MSE: 0.3738, test/RMSE: 0.6114, test/MAPE: 2.0380, test/WAPE: 0.5736]
2026-03-10 07:00:37,258 - BasicTS-training - INFO - Checkpoint /mnt/users/rwl/MATS/results/main/MATS-Full-ETTm1-96/291ccb45ceb896987e4d4e6d16ed2bac/MATSArch_013.pt saved
2026-03-10 07:00:37,259 - BasicTS-training - INFO - The estimated training finish time is 2026-03-10 09:56:20
2026-03-10 07:00:37,259 - BasicTS-training - INFO - Epoch 14 / 100
2026-03-10 07:02:07,809 - BasicTS-training - INFO - Result <train>: [train/time: 90.55 (s), train/lr: 4.79e-04, train/loss: 0.3738, train/MAE: 0.3738, train/MSE: 0.3301, train/RMSE: 0.5745, train/MAPE: 2.0596, train/WAPE: 0.6461]
2026-03-10 07:02:08,644 - BasicTS-training - INFO - Start validation.
2026-03-10 07:02:16,816 - BasicTS-training - INFO - Result <val>: [val/time: 8.17 (s), val/loss: 0.4267, val/MAE: 0.4267, val/MSE: 0.4363, val/RMSE: 0.6605, val/MAPE: 1.9697, val/WAPE: 0.6423]
2026-03-10 07:02:27,454 - BasicTS-training - INFO - Result <test>: [test/time: 9.84 (s), test/loss: 0.3686, test/MAE: 0.3686, test/MSE: 0.3545, test/RMSE: 0.5954, test/MAPE: 2.1738, test/WAPE: 0.5624]
2026-03-10 07:02:29,162 - BasicTS-training - INFO - Checkpoint /mnt/users/rwl/MATS/results/main/MATS-Full-ETTm1-96/291ccb45ceb896987e4d4e6d16ed2bac/MATSArch_014.pt saved
2026-03-10 07:02:29,163 - BasicTS-training - INFO - The estimated training finish time is 2026-03-10 09:55:14
2026-03-10 07:02:29,163 - BasicTS-training - INFO - Epoch 15 / 100
2026-03-10 07:04:03,911 - BasicTS-training - INFO - Result <train>: [train/time: 94.75 (s), train/lr: 4.76e-04, train/loss: 0.3737, train/MAE: 0.3737, train/MSE: 0.3300, train/RMSE: 0.5744, train/MAPE: 2.0585, train/WAPE: 0.6459]
2026-03-10 07:04:04,799 - BasicTS-training - INFO - Start validation.
2026-03-10 07:04:13,543 - BasicTS-training - INFO - Result <val>: [val/time: 8.74 (s), val/loss: 0.4277, val/MAE: 0.4277, val/MSE: 0.4409, val/RMSE: 0.6640, val/MAPE: 2.0248, val/WAPE: 0.6470]
2026-03-10 07:04:22,492 - BasicTS-training - INFO - Result <test>: [test/time: 8.00 (s), test/loss: 0.3679, test/MAE: 0.3679, test/MSE: 0.3563, test/RMSE: 0.5969, test/MAPE: 2.1823, test/WAPE: 0.5636]
2026-03-10 07:04:25,237 - BasicTS-training - INFO - Checkpoint /mnt/users/rwl/MATS/results/main/MATS-Full-ETTm1-96/291ccb45ceb896987e4d4e6d16ed2bac/MATSArch_015.pt saved
2026-03-10 07:04:25,237 - BasicTS-training - INFO - The estimated training finish time is 2026-03-10 09:54:44
2026-03-10 07:04:25,237 - BasicTS-training - INFO - Epoch 16 / 100
2026-03-10 07:05:59,890 - BasicTS-training - INFO - Result <train>: [train/time: 94.65 (s), train/lr: 4.73e-04, train/loss: 0.3737, train/MAE: 0.3737, train/MSE: 0.3297, train/RMSE: 0.5742, train/MAPE: 2.0599, train/WAPE: 0.6459]
2026-03-10 07:06:01,024 - BasicTS-training - INFO - Start validation.
2026-03-10 07:06:10,420 - BasicTS-training - INFO - Result <val>: [val/time: 9.39 (s), val/loss: 0.4231, val/MAE: 0.4231, val/MSE: 0.4353, val/RMSE: 0.6598, val/MAPE: 1.9850, val/WAPE: 0.6398]
2026-03-10 07:06:18,929 - BasicTS-training - INFO - Result <test>: [test/time: 7.72 (s), test/loss: 0.3660, test/MAE: 0.3660, test/MSE: 0.3549, test/RMSE: 0.5957, test/MAPE: 2.1383, test/WAPE: 0.5593]
2026-03-10 07:06:21,030 - BasicTS-training - INFO - Checkpoint /mnt/users/rwl/MATS/results/main/MATS-Full-ETTm1-96/291ccb45ceb896987e4d4e6d16ed2bac/MATSArch_016.pt saved
2026-03-10 07:06:21,031 - BasicTS-training - INFO - The estimated training finish time is 2026-03-10 09:54:16
2026-03-10 07:06:21,031 - BasicTS-training - INFO - Epoch 17 / 100
2026-03-10 07:07:58,494 - BasicTS-training - INFO - Result <train>: [train/time: 97.46 (s), train/lr: 4.69e-04, train/loss: 0.3735, train/MAE: 0.3735, train/MSE: 0.3294, train/RMSE: 0.5739, train/MAPE: 2.0590, train/WAPE: 0.6456]
2026-03-10 07:07:59,567 - BasicTS-training - INFO - Start validation.
2026-03-10 07:08:08,450 - BasicTS-training - INFO - Result <val>: [val/time: 8.88 (s), val/loss: 0.4232, val/MAE: 0.4232, val/MSE: 0.4331, val/RMSE: 0.6581, val/MAPE: 1.9584, val/WAPE: 0.6370]
2026-03-10 07:08:17,475 - BasicTS-training - INFO - Result <test>: [test/time: 8.02 (s), test/loss: 0.3644, test/MAE: 0.3644, test/MSE: 0.3507, test/RMSE: 0.5922, test/MAPE: 2.1761, test/WAPE: 0.5557]
2026-03-10 07:08:19,958 - BasicTS-training - INFO - Checkpoint /mnt/users/rwl/MATS/results/main/MATS-Full-ETTm1-96/291ccb45ceb896987e4d4e6d16ed2bac/MATSArch_017.pt saved
2026-03-10 07:08:19,958 - BasicTS-training - INFO - The estimated training finish time is 2026-03-10 09:54:10
2026-03-10 07:08:19,958 - BasicTS-training - INFO - Epoch 18 / 100
2026-03-10 07:09:47,956 - BasicTS-training - INFO - Result <train>: [train/time: 88.00 (s), train/lr: 4.65e-04, train/loss: 0.3736, train/MAE: 0.3736, train/MSE: 0.3296, train/RMSE: 0.5741, train/MAPE: 2.0593, train/WAPE: 0.6458]
2026-03-10 07:09:49,124 - BasicTS-training - INFO - Start validation.
2026-03-10 07:09:58,423 - BasicTS-training - INFO - Result <val>: [val/time: 9.30 (s), val/loss: 0.4278, val/MAE: 0.4278, val/MSE: 0.4350, val/RMSE: 0.6595, val/MAPE: 1.9813, val/WAPE: 0.6403]
2026-03-10 07:10:07,263 - BasicTS-training - INFO - Result <test>: [test/time: 7.72 (s), test/loss: 0.3680, test/MAE: 0.3680, test/MSE: 0.3550, test/RMSE: 0.5958, test/MAPE: 2.1247, test/WAPE: 0.5598]
2026-03-10 07:10:09,664 - BasicTS-training - INFO - Checkpoint /mnt/users/rwl/MATS/results/main/MATS-Full-ETTm1-96/291ccb45ceb896987e4d4e6d16ed2bac/MATSArch_018.pt saved
2026-03-10 07:10:09,695 - BasicTS-training - INFO - The estimated training finish time is 2026-03-10 09:53:14
2026-03-10 07:10:09,695 - BasicTS-training - INFO - Epoch 19 / 100
2026-03-10 07:11:47,041 - BasicTS-training - INFO - Result <train>: [train/time: 97.35 (s), train/lr: 4.61e-04, train/loss: 0.3736, train/MAE: 0.3736, train/MSE: 0.3294, train/RMSE: 0.5739, train/MAPE: 2.0592, train/WAPE: 0.6458]
2026-03-10 07:11:47,572 - BasicTS-training - INFO - Start validation.
2026-03-10 07:11:56,155 - BasicTS-training - INFO - Result <val>: [val/time: 8.58 (s), val/loss: 0.4302, val/MAE: 0.4302, val/MSE: 0.4415, val/RMSE: 0.6644, val/MAPE: 2.0267, val/WAPE: 0.6464]
2026-03-10 07:12:06,718 - BasicTS-training - INFO - Result <test>: [test/time: 9.72 (s), test/loss: 0.3730, test/MAE: 0.3730, test/MSE: 0.3612, test/RMSE: 0.6010, test/MAPE: 2.1654, test/WAPE: 0.5672]
2026-03-10 07:12:08,502 - BasicTS-training - INFO - Checkpoint /mnt/users/rwl/MATS/results/main/MATS-Full-ETTm1-96/291ccb45ceb896987e4d4e6d16ed2bac/MATSArch_019.pt saved
2026-03-10 07:12:08,502 - BasicTS-training - INFO - The estimated training finish time is 2026-03-10 09:53:11
2026-03-10 07:12:08,502 - BasicTS-training - INFO - Epoch 20 / 100
2026-03-10 07:13:42,044 - BasicTS-training - INFO - Result <train>: [train/time: 93.54 (s), train/lr: 4.57e-04, train/loss: 0.3735, train/MAE: 0.3735, train/MSE: 0.3292, train/RMSE: 0.5738, train/MAPE: 2.0615, train/WAPE: 0.6457]
2026-03-10 07:13:43,702 - BasicTS-training - INFO - Start validation.
2026-03-10 07:13:54,201 - BasicTS-training - INFO - Result <val>: [val/time: 10.50 (s), val/loss: 0.4286, val/MAE: 0.4286, val/MSE: 0.4401, val/RMSE: 0.6634, val/MAPE: 2.0406, val/WAPE: 0.6491]
2026-03-10 07:14:03,920 - BasicTS-training - INFO - Result <test>: [test/time: 8.68 (s), test/loss: 0.3691, test/MAE: 0.3691, test/MSE: 0.3544, test/RMSE: 0.5953, test/MAPE: 2.2605, test/WAPE: 0.5688]
2026-03-10 07:14:05,528 - BasicTS-training - INFO - Checkpoint /mnt/users/rwl/MATS/results/main/MATS-Full-ETTm1-96/291ccb45ceb896987e4d4e6d16ed2bac/MATSArch_020.pt saved
2026-03-10 07:14:06,577 - BasicTS-training - INFO - The estimated training finish time is 2026-03-10 09:53:05
2026-03-10 07:14:06,577 - BasicTS-training - INFO - Epoch 21 / 100
2026-03-10 07:15:38,793 - BasicTS-training - INFO - Result <train>: [train/time: 92.22 (s), train/lr: 4.52e-04, train/loss: 0.3736, train/MAE: 0.3736, train/MSE: 0.3295, train/RMSE: 0.5740, train/MAPE: 2.0594, train/WAPE: 0.6457]
2026-03-10 07:15:39,464 - BasicTS-training - INFO - Start validation.
2026-03-10 07:15:47,272 - BasicTS-training - INFO - Result <val>: [val/time: 7.81 (s), val/loss: 0.4264, val/MAE: 0.4264, val/MSE: 0.4391, val/RMSE: 0.6626, val/MAPE: 2.0220, val/WAPE: 0.6455]
2026-03-10 07:15:56,418 - BasicTS-training - INFO - Result <test>: [test/time: 8.45 (s), test/loss: 0.3680, test/MAE: 0.3680, test/MSE: 0.3548, test/RMSE: 0.5956, test/MAPE: 2.2241, test/WAPE: 0.5654]
2026-03-10 07:15:58,567 - BasicTS-training - INFO - Checkpoint /mnt/users/rwl/MATS/results/main/MATS-Full-ETTm1-96/291ccb45ceb896987e4d4e6d16ed2bac/MATSArch_021.pt saved
2026-03-10 07:15:58,567 - BasicTS-training - INFO - The estimated training finish time is 2026-03-10 09:52:31
2026-03-10 07:15:58,567 - BasicTS-training - INFO - Epoch 22 / 100
2026-03-10 07:17:31,323 - BasicTS-training - INFO - Result <train>: [train/time: 92.76 (s), train/lr: 4.48e-04, train/loss: 0.3736, train/MAE: 0.3736, train/MSE: 0.3294, train/RMSE: 0.5739, train/MAPE: 2.0618, train/WAPE: 0.6459]
2026-03-10 07:17:32,823 - BasicTS-training - INFO - Start validation.
2026-03-10 07:17:41,372 - BasicTS-training - INFO - Result <val>: [val/time: 8.55 (s), val/loss: 0.4225, val/MAE: 0.4225, val/MSE: 0.4350, val/RMSE: 0.6595, val/MAPE: 2.0041, val/WAPE: 0.6387]
2026-03-10 07:17:51,371 - BasicTS-training - INFO - Result <test>: [test/time: 9.41 (s), test/loss: 0.3639, test/MAE: 0.3639, test/MSE: 0.3551, test/RMSE: 0.5959, test/MAPE: 2.1306, test/WAPE: 0.5560]
2026-03-10 07:17:53,877 - BasicTS-training - INFO - Checkpoint /mnt/users/rwl/MATS/results/main/MATS-Full-ETTm1-96/291ccb45ceb896987e4d4e6d16ed2bac/MATSArch_022.pt saved
2026-03-10 07:17:53,877 - BasicTS-training - INFO - The estimated training finish time is 2026-03-10 09:52:14
2026-03-10 07:17:53,877 - BasicTS-training - INFO - Epoch 23 / 100
2026-03-10 07:19:25,362 - BasicTS-training - INFO - Result <train>: [train/time: 91.48 (s), train/lr: 4.43e-04, train/loss: 0.3736, train/MAE: 0.3736, train/MSE: 0.3298, train/RMSE: 0.5743, train/MAPE: 2.0583, train/WAPE: 0.6456]
2026-03-10 07:19:26,601 - BasicTS-training - INFO - Start validation.
2026-03-10 07:19:34,018 - BasicTS-training - INFO - Result <val>: [val/time: 7.42 (s), val/loss: 0.4235, val/MAE: 0.4235, val/MSE: 0.4381, val/RMSE: 0.6619, val/MAPE: 2.0276, val/WAPE: 0.6432]
2026-03-10 07:19:43,976 - BasicTS-training - INFO - Result <test>: [test/time: 9.26 (s), test/loss: 0.3677, test/MAE: 0.3677, test/MSE: 0.3595, test/RMSE: 0.5996, test/MAPE: 2.1835, test/WAPE: 0.5613]
2026-03-10 07:19:45,656 - BasicTS-training - INFO - Checkpoint /mnt/users/rwl/MATS/results/main/MATS-Full-ETTm1-96/291ccb45ceb896987e4d4e6d16ed2bac/MATSArch_023.pt saved
2026-03-10 07:19:45,657 - BasicTS-training - INFO - The estimated training finish time is 2026-03-10 09:51:44
2026-03-10 07:19:45,657 - BasicTS-training - INFO - Epoch 24 / 100
2026-03-10 07:21:23,622 - BasicTS-training - INFO - Result <train>: [train/time: 97.96 (s), train/lr: 4.38e-04, train/loss: 0.3735, train/MAE: 0.3735, train/MSE: 0.3294, train/RMSE: 0.5739, train/MAPE: 2.0603, train/WAPE: 0.6458]
2026-03-10 07:21:24,699 - BasicTS-training - INFO - Start validation.
2026-03-10 07:21:34,673 - BasicTS-training - INFO - Result <val>: [val/time: 9.97 (s), val/loss: 0.4245, val/MAE: 0.4245, val/MSE: 0.4373, val/RMSE: 0.6613, val/MAPE: 2.0082, val/WAPE: 0.6422]
2026-03-10 07:21:43,570 - BasicTS-training - INFO - Result <test>: [test/time: 8.14 (s), test/loss: 0.3671, test/MAE: 0.3671, test/MSE: 0.3577, test/RMSE: 0.5981, test/MAPE: 2.2013, test/WAPE: 0.5620]
2026-03-10 07:21:46,180 - BasicTS-training - INFO - Checkpoint /mnt/users/rwl/MATS/results/main/MATS-Full-ETTm1-96/291ccb45ceb896987e4d4e6d16ed2bac/MATSArch_024.pt saved
2026-03-10 07:21:46,181 - BasicTS-training - INFO - The estimated training finish time is 2026-03-10 09:51:53
2026-03-10 07:21:46,181 - BasicTS-training - INFO - Epoch 25 / 100
2026-03-10 07:23:17,503 - BasicTS-training - INFO - Result <train>: [train/time: 91.32 (s), train/lr: 4.32e-04, train/loss: 0.3735, train/MAE: 0.3735, train/MSE: 0.3295, train/RMSE: 0.5740, train/MAPE: 2.0617, train/WAPE: 0.6458]
2026-03-10 07:23:18,975 - BasicTS-training - INFO - Start validation.
2026-03-10 07:23:28,590 - BasicTS-training - INFO - Result <val>: [val/time: 9.61 (s), val/loss: 0.4232, val/MAE: 0.4232, val/MSE: 0.4368, val/RMSE: 0.6609, val/MAPE: 1.9676, val/WAPE: 0.6381]
2026-03-10 07:23:38,346 - BasicTS-training - INFO - Result <test>: [test/time: 8.68 (s), test/loss: 0.3650, test/MAE: 0.3650, test/MSE: 0.3573, test/RMSE: 0.5977, test/MAPE: 2.1093, test/WAPE: 0.5556]
2026-03-10 07:23:40,211 - BasicTS-training - INFO - Checkpoint /mnt/users/rwl/MATS/results/main/MATS-Full-ETTm1-96/291ccb45ceb896987e4d4e6d16ed2bac/MATSArch_025.pt saved
2026-03-10 07:23:40,212 - BasicTS-training - INFO - The estimated training finish time is 2026-03-10 09:51:35
2026-03-10 07:23:40,212 - BasicTS-training - INFO - Epoch 26 / 100
2026-03-10 07:25:15,435 - BasicTS-training - INFO - Result <train>: [train/time: 95.22 (s), train/lr: 4.27e-04, train/loss: 0.3735, train/MAE: 0.3735, train/MSE: 0.3294, train/RMSE: 0.5740, train/MAPE: 2.0594, train/WAPE: 0.6455]
2026-03-10 07:25:16,792 - BasicTS-training - INFO - Start validation.
2026-03-10 07:25:25,176 - BasicTS-training - INFO - Result <val>: [val/time: 8.38 (s), val/loss: 0.4254, val/MAE: 0.4254, val/MSE: 0.4341, val/RMSE: 0.6589, val/MAPE: 1.9812, val/WAPE: 0.6420]
2026-03-10 07:25:34,411 - BasicTS-training - INFO - Result <test>: [test/time: 8.15 (s), test/loss: 0.3682, test/MAE: 0.3682, test/MSE: 0.3529, test/RMSE: 0.5940, test/MAPE: 2.1961, test/WAPE: 0.5631]
2026-03-10 07:25:36,176 - BasicTS-training - INFO - Checkpoint /mnt/users/rwl/MATS/results/main/MATS-Full-ETTm1-96/291ccb45ceb896987e4d4e6d16ed2bac/MATSArch_026.pt saved
2026-03-10 07:25:36,177 - BasicTS-training - INFO - The estimated training finish time is 2026-03-10 09:51:26
2026-03-10 07:25:36,177 - BasicTS-training - INFO - Epoch 27 / 100
2026-03-10 07:27:09,897 - BasicTS-training - INFO - Result <train>: [train/time: 93.72 (s), train/lr: 4.21e-04, train/loss: 0.3735, train/MAE: 0.3735, train/MSE: 0.3294, train/RMSE: 0.5739, train/MAPE: 2.0593, train/WAPE: 0.6455]
2026-03-10 07:27:11,307 - BasicTS-training - INFO - Start validation.
2026-03-10 07:27:19,701 - BasicTS-training - INFO - Result <val>: [val/time: 8.39 (s), val/loss: 0.4241, val/MAE: 0.4241, val/MSE: 0.4338, val/RMSE: 0.6586, val/MAPE: 1.9849, val/WAPE: 0.6385]
2026-03-10 07:27:27,966 - BasicTS-training - INFO - Result <test>: [test/time: 7.44 (s), test/loss: 0.3670, test/MAE: 0.3670, test/MSE: 0.3556, test/RMSE: 0.5963, test/MAPE: 2.1261, test/WAPE: 0.5601]
2026-03-10 07:27:29,888 - BasicTS-training - INFO - Checkpoint /mnt/users/rwl/MATS/results/main/MATS-Full-ETTm1-96/291ccb45ceb896987e4d4e6d16ed2bac/MATSArch_027.pt saved
2026-03-10 07:27:29,889 - BasicTS-training - INFO - The estimated training finish time is 2026-03-10 09:51:09
2026-03-10 07:27:29,889 - BasicTS-training - INFO - Epoch 28 / 100
2026-03-10 07:29:03,312 - BasicTS-training - INFO - Result <train>: [train/time: 93.42 (s), train/lr: 4.15e-04, train/loss: 0.3735, train/MAE: 0.3735, train/MSE: 0.3296, train/RMSE: 0.5741, train/MAPE: 2.0586, train/WAPE: 0.6456]
2026-03-10 07:29:04,857 - BasicTS-training - INFO - Start validation.
2026-03-10 07:29:13,402 - BasicTS-training - INFO - Result <val>: [val/time: 8.54 (s), val/loss: 0.4230, val/MAE: 0.4230, val/MSE: 0.4366, val/RMSE: 0.6608, val/MAPE: 2.0199, val/WAPE: 0.6421]
2026-03-10 07:29:23,535 - BasicTS-training - INFO - Result <test>: [test/time: 8.94 (s), test/loss: 0.3666, test/MAE: 0.3666, test/MSE: 0.3553, test/RMSE: 0.5961, test/MAPE: 2.2256, test/WAPE: 0.5626]
2026-03-10 07:29:25,746 - BasicTS-training - INFO - Checkpoint /mnt/users/rwl/MATS/results/main/MATS-Full-ETTm1-96/291ccb45ceb896987e4d4e6d16ed2bac/MATSArch_028.pt saved
2026-03-10 07:29:25,746 - BasicTS-training - INFO - The estimated training finish time is 2026-03-10 09:51:01
2026-03-10 07:29:25,746 - BasicTS-training - INFO - Epoch 29 / 100
2026-03-10 07:30:56,034 - BasicTS-training - INFO - Result <train>: [train/time: 90.29 (s), train/lr: 4.09e-04, train/loss: 0.3734, train/MAE: 0.3734, train/MSE: 0.3292, train/RMSE: 0.5737, train/MAPE: 2.0579, train/WAPE: 0.6455]
2026-03-10 07:30:57,249 - BasicTS-training - INFO - Start validation.
2026-03-10 07:31:05,133 - BasicTS-training - INFO - Result <val>: [val/time: 7.88 (s), val/loss: 0.4233, val/MAE: 0.4233, val/MSE: 0.4362, val/RMSE: 0.6605, val/MAPE: 2.0295, val/WAPE: 0.6425]
2026-03-10 07:31:13,641 - BasicTS-training - INFO - Result <test>: [test/time: 7.54 (s), test/loss: 0.3682, test/MAE: 0.3682, test/MSE: 0.3576, test/RMSE: 0.5980, test/MAPE: 2.2316, test/WAPE: 0.5635]
2026-03-10 07:31:16,546 - BasicTS-training - INFO - Checkpoint /mnt/users/rwl/MATS/results/main/MATS-Full-ETTm1-96/291ccb45ceb896987e4d4e6d16ed2bac/MATSArch_029.pt saved
2026-03-10 07:31:16,547 - BasicTS-training - INFO - The estimated training finish time is 2026-03-10 09:50:36
2026-03-10 07:31:16,547 - BasicTS-training - INFO - Epoch 30 / 100
2026-03-10 07:32:52,705 - BasicTS-training - INFO - Result <train>: [train/time: 96.16 (s), train/lr: 4.03e-04, train/loss: 0.3734, train/MAE: 0.3734, train/MSE: 0.3293, train/RMSE: 0.5739, train/MAPE: 2.0573, train/WAPE: 0.6455]
2026-03-10 07:32:54,256 - BasicTS-training - INFO - Start validation.
2026-03-10 07:33:03,284 - BasicTS-training - INFO - Result <val>: [val/time: 9.03 (s), val/loss: 0.4307, val/MAE: 0.4307, val/MSE: 0.4400, val/RMSE: 0.6633, val/MAPE: 2.0258, val/WAPE: 0.6505]
2026-03-10 07:33:12,117 - BasicTS-training - INFO - Result <test>: [test/time: 8.25 (s), test/loss: 0.3735, test/MAE: 0.3735, test/MSE: 0.3568, test/RMSE: 0.5973, test/MAPE: 2.3449, test/WAPE: 0.5728]
2026-03-10 07:33:14,591 - BasicTS-training - INFO - Checkpoint /mnt/users/rwl/MATS/results/main/MATS-Full-ETTm1-96/291ccb45ceb896987e4d4e6d16ed2bac/MATSArch_030.pt saved
2026-03-10 07:33:15,787 - BasicTS-training - INFO - The estimated training finish time is 2026-03-10 09:50:41
2026-03-10 07:33:15,787 - BasicTS-training - INFO - Epoch 31 / 100
2026-03-10 07:34:48,640 - BasicTS-training - INFO - Result <train>: [train/time: 92.85 (s), train/lr: 3.97e-04, train/loss: 0.3734, train/MAE: 0.3734, train/MSE: 0.3291, train/RMSE: 0.5737, train/MAPE: 2.0579, train/WAPE: 0.6455]
2026-03-10 07:34:50,058 - BasicTS-training - INFO - Start validation.
2026-03-10 07:34:59,491 - BasicTS-training - INFO - Result <val>: [val/time: 9.43 (s), val/loss: 0.4286, val/MAE: 0.4286, val/MSE: 0.4398, val/RMSE: 0.6631, val/MAPE: 2.0379, val/WAPE: 0.6499]
2026-03-10 07:35:07,464 - BasicTS-training - INFO - Result <test>: [test/time: 7.04 (s), test/loss: 0.3702, test/MAE: 0.3702, test/MSE: 0.3547, test/RMSE: 0.5956, test/MAPE: 2.3098, test/WAPE: 0.5714]
2026-03-10 07:35:09,621 - BasicTS-training - INFO - Checkpoint /mnt/users/rwl/MATS/results/main/MATS-Full-ETTm1-96/291ccb45ceb896987e4d4e6d16ed2bac/MATSArch_031.pt saved
2026-03-10 07:35:09,621 - BasicTS-training - INFO - The estimated training finish time is 2026-03-10 09:50:28
2026-03-10 07:35:09,621 - BasicTS-training - INFO - Epoch 32 / 100
2026-03-10 07:36:39,033 - BasicTS-training - INFO - Result <train>: [train/time: 89.41 (s), train/lr: 3.91e-04, train/loss: 0.3734, train/MAE: 0.3734, train/MSE: 0.3293, train/RMSE: 0.5739, train/MAPE: 2.0575, train/WAPE: 0.6455]
2026-03-10 07:36:40,438 - BasicTS-training - INFO - Start validation.
2026-03-10 07:36:49,231 - BasicTS-training - INFO - Result <val>: [val/time: 8.79 (s), val/loss: 0.4240, val/MAE: 0.4240, val/MSE: 0.4361, val/RMSE: 0.6604, val/MAPE: 1.9598, val/WAPE: 0.6376]
2026-03-10 07:36:58,911 - BasicTS-training - INFO - Result <test>: [test/time: 8.99 (s), test/loss: 0.3660, test/MAE: 0.3660, test/MSE: 0.3594, test/RMSE: 0.5995, test/MAPE: 2.0610, test/WAPE: 0.5547]
2026-03-10 07:37:00,941 - BasicTS-training - INFO - Checkpoint /mnt/users/rwl/MATS/results/main/MATS-Full-ETTm1-96/291ccb45ceb896987e4d4e6d16ed2bac/MATSArch_032.pt saved
2026-03-10 07:37:00,942 - BasicTS-training - INFO - The estimated training finish time is 2026-03-10 09:50:09
2026-03-10 07:37:00,942 - BasicTS-training - INFO - Epoch 33 / 100
2026-03-10 07:38:35,106 - BasicTS-training - INFO - Result <train>: [train/time: 94.16 (s), train/lr: 3.84e-04, train/loss: 0.3734, train/MAE: 0.3734, train/MSE: 0.3295, train/RMSE: 0.5740, train/MAPE: 2.0569, train/WAPE: 0.6455]
2026-03-10 07:38:36,090 - BasicTS-training - INFO - Start validation.
2026-03-10 07:38:45,553 - BasicTS-training - INFO - Result <val>: [val/time: 9.46 (s), val/loss: 0.4276, val/MAE: 0.4276, val/MSE: 0.4383, val/RMSE: 0.6621, val/MAPE: 1.9297, val/WAPE: 0.6382]
2026-03-10 07:38:54,585 - BasicTS-training - INFO - Result <test>: [test/time: 8.19 (s), test/loss: 0.3667, test/MAE: 0.3667, test/MSE: 0.3611, test/RMSE: 0.6009, test/MAPE: 1.9963, test/WAPE: 0.5527]
2026-03-10 07:38:56,742 - BasicTS-training - INFO - Checkpoint /mnt/users/rwl/MATS/results/main/MATS-Full-ETTm1-96/291ccb45ceb896987e4d4e6d16ed2bac/MATSArch_033.pt saved
2026-03-10 07:38:56,742 - BasicTS-training - INFO - The estimated training finish time is 2026-03-10 09:50:03
2026-03-10 07:38:56,742 - BasicTS-training - INFO - Epoch 34 / 100
2026-03-10 07:40:28,000 - BasicTS-training - INFO - Result <train>: [train/time: 91.26 (s), train/lr: 3.77e-04, train/loss: 0.3735, train/MAE: 0.3735, train/MSE: 0.3295, train/RMSE: 0.5740, train/MAPE: 2.0577, train/WAPE: 0.6454]
2026-03-10 07:40:29,634 - BasicTS-training - INFO - Start validation.
2026-03-10 07:40:39,121 - BasicTS-training - INFO - Result <val>: [val/time: 9.49 (s), val/loss: 0.4235, val/MAE: 0.4235, val/MSE: 0.4362, val/RMSE: 0.6605, val/MAPE: 1.9675, val/WAPE: 0.6383]
2026-03-10 07:40:49,907 - BasicTS-training - INFO - Result <test>: [test/time: 10.02 (s), test/loss: 0.3653, test/MAE: 0.3653, test/MSE: 0.3585, test/RMSE: 0.5988, test/MAPE: 2.0607, test/WAPE: 0.5560]
2026-03-10 07:40:51,932 - BasicTS-training - INFO - Checkpoint /mnt/users/rwl/MATS/results/main/MATS-Full-ETTm1-96/291ccb45ceb896987e4d4e6d16ed2bac/MATSArch_034.pt saved
2026-03-10 07:40:51,932 - BasicTS-training - INFO - The estimated training finish time is 2026-03-10 09:49:57
2026-03-10 07:40:51,932 - BasicTS-training - INFO - Epoch 35 / 100
2026-03-10 07:42:26,225 - BasicTS-training - INFO - Result <train>: [train/time: 94.29 (s), train/lr: 3.70e-04, train/loss: 0.3733, train/MAE: 0.3733, train/MSE: 0.3293, train/RMSE: 0.5739, train/MAPE: 2.0568, train/WAPE: 0.6454]
2026-03-10 07:42:27,481 - BasicTS-training - INFO - Start validation.
2026-03-10 07:42:35,276 - BasicTS-training - INFO - Result <val>: [val/time: 7.79 (s), val/loss: 0.4269, val/MAE: 0.4269, val/MSE: 0.4370, val/RMSE: 0.6611, val/MAPE: 2.0047, val/WAPE: 0.6456]
2026-03-10 07:42:44,854 - BasicTS-training - INFO - Result <test>: [test/time: 8.73 (s), test/loss: 0.3699, test/MAE: 0.3699, test/MSE: 0.3547, test/RMSE: 0.5956, test/MAPE: 2.2643, test/WAPE: 0.5665]
2026-03-10 07:42:46,728 - BasicTS-training - INFO - Checkpoint /mnt/users/rwl/MATS/results/main/MATS-Full-ETTm1-96/291ccb45ceb896987e4d4e6d16ed2bac/MATSArch_035.pt saved
2026-03-10 07:42:46,729 - BasicTS-training - INFO - The estimated training finish time is 2026-03-10 09:49:50
2026-03-10 07:42:46,729 - BasicTS-training - INFO - Epoch 36 / 100
2026-03-10 07:44:21,731 - BasicTS-training - INFO - Result <train>: [train/time: 95.00 (s), train/lr: 3.63e-04, train/loss: 0.3733, train/MAE: 0.3733, train/MSE: 0.3292, train/RMSE: 0.5738, train/MAPE: 2.0593, train/WAPE: 0.6454]
2026-03-10 07:44:23,357 - BasicTS-training - INFO - Start validation.
2026-03-10 07:44:31,100 - BasicTS-training - INFO - Result <val>: [val/time: 7.74 (s), val/loss: 0.4262, val/MAE: 0.4262, val/MSE: 0.4383, val/RMSE: 0.6620, val/MAPE: 2.0083, val/WAPE: 0.6451]
2026-03-10 07:44:39,175 - BasicTS-training - INFO - Result <test>: [test/time: 7.55 (s), test/loss: 0.3672, test/MAE: 0.3672, test/MSE: 0.3547, test/RMSE: 0.5955, test/MAPE: 2.1730, test/WAPE: 0.5629]
2026-03-10 07:44:41,185 - BasicTS-training - INFO - Checkpoint /mnt/users/rwl/MATS/results/main/MATS-Full-ETTm1-96/291ccb45ceb896987e4d4e6d16ed2bac/MATSArch_036.pt saved
2026-03-10 07:44:41,186 - BasicTS-training - INFO - The estimated training finish time is 2026-03-10 09:49:42
2026-03-10 07:44:41,186 - BasicTS-training - INFO - Epoch 37 / 100
2026-03-10 07:46:16,825 - BasicTS-training - INFO - Result <train>: [train/time: 95.64 (s), train/lr: 3.56e-04, train/loss: 0.3734, train/MAE: 0.3734, train/MSE: 0.3291, train/RMSE: 0.5737, train/MAPE: 2.0588, train/WAPE: 0.6456]
2026-03-10 07:46:18,115 - BasicTS-training - INFO - Start validation.
2026-03-10 07:46:25,550 - BasicTS-training - INFO - Result <val>: [val/time: 7.43 (s), val/loss: 0.4228, val/MAE: 0.4228, val/MSE: 0.4354, val/RMSE: 0.6598, val/MAPE: 2.0037, val/WAPE: 0.6401]
2026-03-10 07:46:35,871 - BasicTS-training - INFO - Result <test>: [test/time: 9.08 (s), test/loss: 0.3662, test/MAE: 0.3662, test/MSE: 0.3543, test/RMSE: 0.5952, test/MAPE: 2.2300, test/WAPE: 0.5623]
2026-03-10 07:46:37,812 - BasicTS-training - INFO - Checkpoint /mnt/users/rwl/MATS/results/main/MATS-Full-ETTm1-96/291ccb45ceb896987e4d4e6d16ed2bac/MATSArch_037.pt saved
2026-03-10 07:46:37,813 - BasicTS-training - INFO - The estimated training finish time is 2026-03-10 09:49:40
2026-03-10 07:46:37,813 - BasicTS-training - INFO - Epoch 38 / 100
2026-03-10 07:48:11,782 - BasicTS-training - INFO - Result <train>: [train/time: 93.97 (s), train/lr: 3.49e-04, train/loss: 0.3733, train/MAE: 0.3733, train/MSE: 0.3293, train/RMSE: 0.5739, train/MAPE: 2.0577, train/WAPE: 0.6454]
2026-03-10 07:48:13,140 - BasicTS-training - INFO - Start validation.
2026-03-10 07:48:21,809 - BasicTS-training - INFO - Result <val>: [val/time: 8.67 (s), val/loss: 0.4237, val/MAE: 0.4237, val/MSE: 0.4357, val/RMSE: 0.6601, val/MAPE: 1.9950, val/WAPE: 0.6394]
2026-03-10 07:48:31,030 - BasicTS-training - INFO - Result <test>: [test/time: 8.72 (s), test/loss: 0.3653, test/MAE: 0.3653, test/MSE: 0.3553, test/RMSE: 0.5961, test/MAPE: 2.1503, test/WAPE: 0.5599]
2026-03-10 07:48:32,700 - BasicTS-training - INFO - Checkpoint /mnt/users/rwl/MATS/results/main/MATS-Full-ETTm1-96/291ccb45ceb896987e4d4e6d16ed2bac/MATSArch_038.pt saved
2026-03-10 07:48:32,700 - BasicTS-training - INFO - The estimated training finish time is 2026-03-10 09:49:34
2026-03-10 07:48:32,701 - BasicTS-training - INFO - Epoch 39 / 100
2026-03-10 07:50:08,597 - BasicTS-training - INFO - Result <train>: [train/time: 95.90 (s), train/lr: 3.42e-04, train/loss: 0.3733, train/MAE: 0.3733, train/MSE: 0.3292, train/RMSE: 0.5738, train/MAPE: 2.0567, train/WAPE: 0.6454]
2026-03-10 07:50:09,621 - BasicTS-training - INFO - Start validation.
2026-03-10 07:50:18,533 - BasicTS-training - INFO - Result <val>: [val/time: 8.91 (s), val/loss: 0.4265, val/MAE: 0.4265, val/MSE: 0.4348, val/RMSE: 0.6594, val/MAPE: 1.9908, val/WAPE: 0.6409]
2026-03-10 07:50:27,841 - BasicTS-training - INFO - Result <test>: [test/time: 8.62 (s), test/loss: 0.3661, test/MAE: 0.3661, test/MSE: 0.3526, test/RMSE: 0.5938, test/MAPE: 2.1241, test/WAPE: 0.5585]
2026-03-10 07:50:29,866 - BasicTS-training - INFO - Checkpoint /mnt/users/rwl/MATS/results/main/MATS-Full-ETTm1-96/291ccb45ceb896987e4d4e6d16ed2bac/MATSArch_039.pt saved
2026-03-10 07:50:29,867 - BasicTS-training - INFO - The estimated training finish time is 2026-03-10 09:49:34
2026-03-10 07:50:29,867 - BasicTS-training - INFO - Epoch 40 / 100
2026-03-10 07:52:06,320 - BasicTS-training - INFO - Result <train>: [train/time: 96.45 (s), train/lr: 3.35e-04, train/loss: 0.3733, train/MAE: 0.3733, train/MSE: 0.3291, train/RMSE: 0.5737, train/MAPE: 2.0572, train/WAPE: 0.6453]
2026-03-10 07:52:07,509 - BasicTS-training - INFO - Start validation.
2026-03-10 07:52:15,075 - BasicTS-training - INFO - Result <val>: [val/time: 7.56 (s), val/loss: 0.4233, val/MAE: 0.4233, val/MSE: 0.4336, val/RMSE: 0.6585, val/MAPE: 2.0018, val/WAPE: 0.6388]
2026-03-10 07:52:25,899 - BasicTS-training - INFO - Result <test>: [test/time: 9.87 (s), test/loss: 0.3648, test/MAE: 0.3648, test/MSE: 0.3529, test/RMSE: 0.5941, test/MAPE: 2.1517, test/WAPE: 0.5590]
2026-03-10 07:52:27,928 - BasicTS-training - INFO - Checkpoint /mnt/users/rwl/MATS/results/main/MATS-Full-ETTm1-96/291ccb45ceb896987e4d4e6d16ed2bac/MATSArch_040.pt saved
2026-03-10 07:52:28,647 - BasicTS-training - INFO - The estimated training finish time is 2026-03-10 09:49:38
2026-03-10 07:52:28,647 - BasicTS-training - INFO - Epoch 41 / 100
2026-03-10 07:54:02,351 - BasicTS-training - INFO - Result <train>: [train/time: 93.70 (s), train/lr: 3.27e-04, train/loss: 0.3732, train/MAE: 0.3732, train/MSE: 0.3287, train/RMSE: 0.5733, train/MAPE: 2.0569, train/WAPE: 0.6452]
2026-03-10 07:54:03,331 - BasicTS-training - INFO - Start validation.
2026-03-10 07:54:11,539 - BasicTS-training - INFO - Result <val>: [val/time: 8.21 (s), val/loss: 0.4246, val/MAE: 0.4246, val/MSE: 0.4352, val/RMSE: 0.6597, val/MAPE: 1.9737, val/WAPE: 0.6403]
2026-03-10 07:54:22,002 - BasicTS-training - INFO - Result <test>: [test/time: 9.78 (s), test/loss: 0.3658, test/MAE: 0.3658, test/MSE: 0.3534, test/RMSE: 0.5945, test/MAPE: 2.1247, test/WAPE: 0.5572]
2026-03-10 07:54:23,929 - BasicTS-training - INFO - Checkpoint /mnt/users/rwl/MATS/results/main/MATS-Full-ETTm1-96/291ccb45ceb896987e4d4e6d16ed2bac/MATSArch_041.pt saved
2026-03-10 07:54:23,929 - BasicTS-training - INFO - The estimated training finish time is 2026-03-10 09:49:34
2026-03-10 07:54:23,930 - BasicTS-training - INFO - Epoch 42 / 100
2026-03-10 07:55:56,441 - BasicTS-training - INFO - Result <train>: [train/time: 92.51 (s), train/lr: 3.20e-04, train/loss: 0.3733, train/MAE: 0.3733, train/MSE: 0.3292, train/RMSE: 0.5737, train/MAPE: 2.0572, train/WAPE: 0.6454]
2026-03-10 07:55:57,619 - BasicTS-training - INFO - Start validation.
2026-03-10 07:56:06,065 - BasicTS-training - INFO - Result <val>: [val/time: 8.44 (s), val/loss: 0.4233, val/MAE: 0.4233, val/MSE: 0.4366, val/RMSE: 0.6607, val/MAPE: 2.0282, val/WAPE: 0.6430]
2026-03-10 07:56:15,702 - BasicTS-training - INFO - Result <test>: [test/time: 8.82 (s), test/loss: 0.3665, test/MAE: 0.3665, test/MSE: 0.3546, test/RMSE: 0.5955, test/MAPE: 2.2523, test/WAPE: 0.5623]
2026-03-10 07:56:19,063 - BasicTS-training - INFO - Checkpoint /mnt/users/rwl/MATS/results/main/MATS-Full-ETTm1-96/291ccb45ceb896987e4d4e6d16ed2bac/MATSArch_042.pt saved
2026-03-10 07:56:19,063 - BasicTS-training - INFO - The estimated training finish time is 2026-03-10 09:49:29
2026-03-10 07:56:19,063 - BasicTS-training - INFO - Epoch 43 / 100
2026-03-10 07:57:55,837 - BasicTS-training - INFO - Result <train>: [train/time: 96.77 (s), train/lr: 3.12e-04, train/loss: 0.3732, train/MAE: 0.3732, train/MSE: 0.3289, train/RMSE: 0.5735, train/MAPE: 2.0565, train/WAPE: 0.6452]
2026-03-10 07:57:56,918 - BasicTS-training - INFO - Start validation.
2026-03-10 07:58:04,509 - BasicTS-training - INFO - Result <val>: [val/time: 7.59 (s), val/loss: 0.4259, val/MAE: 0.4259, val/MSE: 0.4385, val/RMSE: 0.6622, val/MAPE: 2.0012, val/WAPE: 0.6418]
2026-03-10 07:58:13,627 - BasicTS-training - INFO - Result <test>: [test/time: 8.18 (s), test/loss: 0.3670, test/MAE: 0.3670, test/MSE: 0.3590, test/RMSE: 0.5991, test/MAPE: 2.1209, test/WAPE: 0.5604]
2026-03-10 07:58:15,862 - BasicTS-training - INFO - Checkpoint /mnt/users/rwl/MATS/results/main/MATS-Full-ETTm1-96/291ccb45ceb896987e4d4e6d16ed2bac/MATSArch_043.pt saved
2026-03-10 07:58:15,926 - BasicTS-training - INFO - The estimated training finish time is 2026-03-10 09:49:28
2026-03-10 07:58:15,926 - BasicTS-training - INFO - Epoch 44 / 100
2026-03-10 07:59:52,049 - BasicTS-training - INFO - Result <train>: [train/time: 96.12 (s), train/lr: 3.05e-04, train/loss: 0.3732, train/MAE: 0.3732, train/MSE: 0.3289, train/RMSE: 0.5735, train/MAPE: 2.0566, train/WAPE: 0.6451]
2026-03-10 07:59:53,468 - BasicTS-training - INFO - Start validation.
2026-03-10 08:00:01,941 - BasicTS-training - INFO - Result <val>: [val/time: 8.47 (s), val/loss: 0.4266, val/MAE: 0.4266, val/MSE: 0.4380, val/RMSE: 0.6618, val/MAPE: 2.0186, val/WAPE: 0.6467]
2026-03-10 08:00:10,888 - BasicTS-training - INFO - Result <test>: [test/time: 8.06 (s), test/loss: 0.3684, test/MAE: 0.3684, test/MSE: 0.3541, test/RMSE: 0.5951, test/MAPE: 2.2344, test/WAPE: 0.5658]
2026-03-10 08:00:13,295 - BasicTS-training - INFO - Checkpoint /mnt/users/rwl/MATS/results/main/MATS-Full-ETTm1-96/291ccb45ceb896987e4d4e6d16ed2bac/MATSArch_044.pt saved
2026-03-10 08:00:13,295 - BasicTS-training - INFO - The estimated training finish time is 2026-03-10 09:49:29
2026-03-10 08:00:13,295 - BasicTS-training - INFO - Epoch 45 / 100
2026-03-10 08:01:49,784 - BasicTS-training - INFO - Result <train>: [train/time: 96.49 (s), train/lr: 2.97e-04, train/loss: 0.3731, train/MAE: 0.3731, train/MSE: 0.3286, train/RMSE: 0.5732, train/MAPE: 2.0569, train/WAPE: 0.6452]
2026-03-10 08:01:50,654 - BasicTS-training - INFO - Start validation.
2026-03-10 08:02:00,218 - BasicTS-training - INFO - Result <val>: [val/time: 9.56 (s), val/loss: 0.4229, val/MAE: 0.4229, val/MSE: 0.4374, val/RMSE: 0.6614, val/MAPE: 2.0190, val/WAPE: 0.6412]
2026-03-10 08:02:09,889 - BasicTS-training - INFO - Result <test>: [test/time: 8.95 (s), test/loss: 0.3678, test/MAE: 0.3678, test/MSE: 0.3586, test/RMSE: 0.5988, test/MAPE: 2.2029, test/WAPE: 0.5603]
2026-03-10 08:02:12,654 - BasicTS-training - INFO - Checkpoint /mnt/users/rwl/MATS/results/main/MATS-Full-ETTm1-96/291ccb45ceb896987e4d4e6d16ed2bac/MATSArch_045.pt saved
2026-03-10 08:02:12,654 - BasicTS-training - INFO - The estimated training finish time is 2026-03-10 09:49:34
2026-03-10 08:02:12,655 - BasicTS-training - INFO - Epoch 46 / 100
2026-03-10 08:03:51,030 - BasicTS-training - INFO - Result <train>: [train/time: 98.38 (s), train/lr: 2.89e-04, train/loss: 0.3732, train/MAE: 0.3732, train/MSE: 0.3289, train/RMSE: 0.5735, train/MAPE: 2.0566, train/WAPE: 0.6452]
2026-03-10 08:03:52,760 - BasicTS-training - INFO - Start validation.
2026-03-10 08:04:01,387 - BasicTS-training - INFO - Result <val>: [val/time: 8.63 (s), val/loss: 0.4263, val/MAE: 0.4263, val/MSE: 0.4374, val/RMSE: 0.6613, val/MAPE: 2.0102, val/WAPE: 0.6448]
2026-03-10 08:04:09,716 - BasicTS-training - INFO - Result <test>: [test/time: 7.58 (s), test/loss: 0.3675, test/MAE: 0.3675, test/MSE: 0.3539, test/RMSE: 0.5949, test/MAPE: 2.1856, test/WAPE: 0.5626]
2026-03-10 08:04:11,491 - BasicTS-training - INFO - Checkpoint /mnt/users/rwl/MATS/results/main/MATS-Full-ETTm1-96/291ccb45ceb896987e4d4e6d16ed2bac/MATSArch_046.pt saved
2026-03-10 08:04:11,491 - BasicTS-training - INFO - The estimated training finish time is 2026-03-10 09:49:38
2026-03-10 08:04:11,492 - BasicTS-training - INFO - Epoch 47 / 100
2026-03-10 08:05:45,745 - BasicTS-training - INFO - Result <train>: [train/time: 94.25 (s), train/lr: 2.81e-04, train/loss: 0.3732, train/MAE: 0.3732, train/MSE: 0.3292, train/RMSE: 0.5737, train/MAPE: 2.0573, train/WAPE: 0.6454]
2026-03-10 08:05:46,621 - BasicTS-training - INFO - Start validation.
2026-03-10 08:05:56,114 - BasicTS-training - INFO - Result <val>: [val/time: 9.49 (s), val/loss: 0.4251, val/MAE: 0.4251, val/MSE: 0.4340, val/RMSE: 0.6588, val/MAPE: 1.9716, val/WAPE: 0.6392]
2026-03-10 08:06:06,413 - BasicTS-training - INFO - Result <test>: [test/time: 8.82 (s), test/loss: 0.3651, test/MAE: 0.3651, test/MSE: 0.3531, test/RMSE: 0.5942, test/MAPE: 2.0973, test/WAPE: 0.5556]
2026-03-10 08:06:08,579 - BasicTS-training - INFO - Checkpoint /mnt/users/rwl/MATS/results/main/MATS-Full-ETTm1-96/291ccb45ceb896987e4d4e6d16ed2bac/MATSArch_047.pt saved
2026-03-10 08:06:08,580 - BasicTS-training - INFO - The estimated training finish time is 2026-03-10 09:49:38
2026-03-10 08:06:08,580 - BasicTS-training - INFO - Epoch 48 / 100
2026-03-10 08:07:41,290 - BasicTS-training - INFO - Result <train>: [train/time: 92.71 (s), train/lr: 2.74e-04, train/loss: 0.3731, train/MAE: 0.3731, train/MSE: 0.3286, train/RMSE: 0.5733, train/MAPE: 2.0561, train/WAPE: 0.6451]
2026-03-10 08:07:42,770 - BasicTS-training - INFO - Start validation.
2026-03-10 08:07:51,221 - BasicTS-training - INFO - Result <val>: [val/time: 8.45 (s), val/loss: 0.4332, val/MAE: 0.4332, val/MSE: 0.4491, val/RMSE: 0.6702, val/MAPE: 2.0849, val/WAPE: 0.6548]
2026-03-10 08:08:00,235 - BasicTS-training - INFO - Result <test>: [test/time: 8.23 (s), test/loss: 0.3785, test/MAE: 0.3785, test/MSE: 0.3693, test/RMSE: 0.6077, test/MAPE: 2.2960, test/WAPE: 0.5734]
2026-03-10 08:08:02,688 - BasicTS-training - INFO - Checkpoint /mnt/users/rwl/MATS/results/main/MATS-Full-ETTm1-96/291ccb45ceb896987e4d4e6d16ed2bac/MATSArch_048.pt saved
2026-03-10 08:08:02,688 - BasicTS-training - INFO - The estimated training finish time is 2026-03-10 09:49:31
2026-03-10 08:08:02,688 - BasicTS-training - INFO - Epoch 49 / 100
2026-03-10 08:09:30,237 - BasicTS-training - INFO - Result <train>: [train/time: 87.55 (s), train/lr: 2.66e-04, train/loss: 0.3733, train/MAE: 0.3733, train/MSE: 0.3290, train/RMSE: 0.5735, train/MAPE: 2.0566, train/WAPE: 0.6454]
2026-03-10 08:09:31,255 - BasicTS-training - INFO - Start validation.
2026-03-10 08:09:40,277 - BasicTS-training - INFO - Result <val>: [val/time: 9.02 (s), val/loss: 0.4231, val/MAE: 0.4231, val/MSE: 0.4374, val/RMSE: 0.6614, val/MAPE: 1.9462, val/WAPE: 0.6360]
2026-03-10 08:09:49,706 - BasicTS-training - INFO - Result <test>: [test/time: 8.79 (s), test/loss: 0.3654, test/MAE: 0.3654, test/MSE: 0.3621, test/RMSE: 0.6018, test/MAPE: 2.0366, test/WAPE: 0.5554]
2026-03-10 08:09:52,052 - BasicTS-training - INFO - Checkpoint /mnt/users/rwl/MATS/results/main/MATS-Full-ETTm1-96/291ccb45ceb896987e4d4e6d16ed2bac/MATSArch_049.pt saved
2026-03-10 08:09:52,052 - BasicTS-training - INFO - The estimated training finish time is 2026-03-10 09:49:16
2026-03-10 08:09:52,052 - BasicTS-training - INFO - Epoch 50 / 100
2026-03-10 08:11:25,150 - BasicTS-training - INFO - Result <train>: [train/time: 93.10 (s), train/lr: 2.58e-04, train/loss: 0.3731, train/MAE: 0.3731, train/MSE: 0.3287, train/RMSE: 0.5733, train/MAPE: 2.0548, train/WAPE: 0.6451]
2026-03-10 08:11:26,481 - BasicTS-training - INFO - Start validation.
2026-03-10 08:11:33,964 - BasicTS-training - INFO - Result <val>: [val/time: 7.47 (s), val/loss: 0.4227, val/MAE: 0.4227, val/MSE: 0.4373, val/RMSE: 0.6613, val/MAPE: 2.0249, val/WAPE: 0.6399]
2026-03-10 08:11:43,439 - BasicTS-training - INFO - Result <test>: [test/time: 8.46 (s), test/loss: 0.3642, test/MAE: 0.3642, test/MSE: 0.3567, test/RMSE: 0.5972, test/MAPE: 2.1644, test/WAPE: 0.5591]
2026-03-10 08:11:45,489 - BasicTS-training - INFO - Checkpoint /mnt/users/rwl/MATS/results/main/MATS-Full-ETTm1-96/291ccb45ceb896987e4d4e6d16ed2bac/MATSArch_050.pt saved
2026-03-10 08:11:46,438 - BasicTS-training - INFO - The estimated training finish time is 2026-03-10 09:49:10
2026-03-10 08:11:46,438 - BasicTS-training - INFO - Epoch 51 / 100
2026-03-10 08:13:17,923 - BasicTS-training - INFO - Result <train>: [train/time: 91.48 (s), train/lr: 2.50e-04, train/loss: 0.3731, train/MAE: 0.3731, train/MSE: 0.3288, train/RMSE: 0.5734, train/MAPE: 2.0559, train/WAPE: 0.6451]
2026-03-10 08:13:19,033 - BasicTS-training - INFO - Start validation.
2026-03-10 08:13:29,629 - BasicTS-training - INFO - Result <val>: [val/time: 10.59 (s), val/loss: 0.4242, val/MAE: 0.4242, val/MSE: 0.4375, val/RMSE: 0.6614, val/MAPE: 1.9671, val/WAPE: 0.6386]
2026-03-10 08:13:38,394 - BasicTS-training - INFO - Result <test>: [test/time: 8.00 (s), test/loss: 0.3651, test/MAE: 0.3651, test/MSE: 0.3608, test/RMSE: 0.6007, test/MAPE: 2.0235, test/WAPE: 0.5543]
2026-03-10 08:13:40,058 - BasicTS-training - INFO - Checkpoint /mnt/users/rwl/MATS/results/main/MATS-Full-ETTm1-96/291ccb45ceb896987e4d4e6d16ed2bac/MATSArch_051.pt saved
2026-03-10 08:13:40,059 - BasicTS-training - INFO - The estimated training finish time is 2026-03-10 09:49:04
2026-03-10 08:13:40,059 - BasicTS-training - INFO - Epoch 52 / 100
2026-03-10 08:15:13,514 - BasicTS-training - INFO - Result <train>: [train/time: 93.45 (s), train/lr: 2.42e-04, train/loss: 0.3731, train/MAE: 0.3731, train/MSE: 0.3289, train/RMSE: 0.5735, train/MAPE: 2.0560, train/WAPE: 0.6452]
2026-03-10 08:15:14,596 - BasicTS-training - INFO - Start validation.
2026-03-10 08:15:22,683 - BasicTS-training - INFO - Result <val>: [val/time: 8.08 (s), val/loss: 0.4275, val/MAE: 0.4275, val/MSE: 0.4397, val/RMSE: 0.6631, val/MAPE: 2.0472, val/WAPE: 0.6476]
2026-03-10 08:15:34,279 - BasicTS-training - INFO - Result <test>: [test/time: 10.64 (s), test/loss: 0.3685, test/MAE: 0.3685, test/MSE: 0.3551, test/RMSE: 0.5959, test/MAPE: 2.2244, test/WAPE: 0.5677]
2026-03-10 08:15:36,999 - BasicTS-training - INFO - Checkpoint /mnt/users/rwl/MATS/results/main/MATS-Full-ETTm1-96/291ccb45ceb896987e4d4e6d16ed2bac/MATSArch_052.pt saved
2026-03-10 08:15:36,999 - BasicTS-training - INFO - The estimated training finish time is 2026-03-10 09:49:04
2026-03-10 08:15:36,999 - BasicTS-training - INFO - Epoch 53 / 100
2026-03-10 08:17:07,845 - BasicTS-training - INFO - Result <train>: [train/time: 90.85 (s), train/lr: 2.34e-04, train/loss: 0.3730, train/MAE: 0.3730, train/MSE: 0.3289, train/RMSE: 0.5735, train/MAPE: 2.0562, train/WAPE: 0.6451]
2026-03-10 08:17:09,290 - BasicTS-training - INFO - Start validation.
2026-03-10 08:17:16,790 - BasicTS-training - INFO - Result <val>: [val/time: 7.50 (s), val/loss: 0.4274, val/MAE: 0.4274, val/MSE: 0.4392, val/RMSE: 0.6627, val/MAPE: 2.0506, val/WAPE: 0.6461]
2026-03-10 08:17:27,005 - BasicTS-training - INFO - Result <test>: [test/time: 9.51 (s), test/loss: 0.3676, test/MAE: 0.3676, test/MSE: 0.3543, test/RMSE: 0.5953, test/MAPE: 2.1940, test/WAPE: 0.5649]
2026-03-10 08:17:29,501 - BasicTS-training - INFO - Checkpoint /mnt/users/rwl/MATS/results/main/MATS-Full-ETTm1-96/291ccb45ceb896987e4d4e6d16ed2bac/MATSArch_053.pt saved
2026-03-10 08:17:29,502 - BasicTS-training - INFO - The estimated training finish time is 2026-03-10 09:48:56
2026-03-10 08:17:29,502 - BasicTS-training - INFO - Epoch 54 / 100
2026-03-10 08:19:02,703 - BasicTS-training - INFO - Result <train>: [train/time: 93.20 (s), train/lr: 2.26e-04, train/loss: 0.3730, train/MAE: 0.3730, train/MSE: 0.3286, train/RMSE: 0.5732, train/MAPE: 2.0564, train/WAPE: 0.6452]
2026-03-10 08:19:03,797 - BasicTS-training - INFO - Start validation.
2026-03-10 08:19:10,936 - BasicTS-training - INFO - Result <val>: [val/time: 7.14 (s), val/loss: 0.4256, val/MAE: 0.4256, val/MSE: 0.4381, val/RMSE: 0.6619, val/MAPE: 2.0267, val/WAPE: 0.6446]
2026-03-10 08:19:19,630 - BasicTS-training - INFO - Result <test>: [test/time: 7.38 (s), test/loss: 0.3679, test/MAE: 0.3679, test/MSE: 0.3554, test/RMSE: 0.5962, test/MAPE: 2.2213, test/WAPE: 0.5656]
2026-03-10 08:19:21,603 - BasicTS-training - INFO - Checkpoint /mnt/users/rwl/MATS/results/main/MATS-Full-ETTm1-96/291ccb45ceb896987e4d4e6d16ed2bac/MATSArch_054.pt saved
2026-03-10 08:19:21,603 - BasicTS-training - INFO - The estimated training finish time is 2026-03-10 09:48:47
2026-03-10 08:19:21,603 - BasicTS-training - INFO - Epoch 55 / 100
2026-03-10 08:20:54,034 - BasicTS-training - INFO - Result <train>: [train/time: 92.43 (s), train/lr: 2.19e-04, train/loss: 0.3731, train/MAE: 0.3731, train/MSE: 0.3285, train/RMSE: 0.5731, train/MAPE: 2.0557, train/WAPE: 0.6452]
2026-03-10 08:20:55,669 - BasicTS-training - INFO - Start validation.
2026-03-10 08:21:03,612 - BasicTS-training - INFO - Result <val>: [val/time: 7.94 (s), val/loss: 0.4251, val/MAE: 0.4251, val/MSE: 0.4401, val/RMSE: 0.6634, val/MAPE: 2.0075, val/WAPE: 0.6417]
2026-03-10 08:21:13,667 - BasicTS-training - INFO - Result <test>: [test/time: 9.04 (s), test/loss: 0.3658, test/MAE: 0.3658, test/MSE: 0.3604, test/RMSE: 0.6004, test/MAPE: 2.0751, test/WAPE: 0.5586]
2026-03-10 08:21:15,999 - BasicTS-training - INFO - Checkpoint /mnt/users/rwl/MATS/results/main/MATS-Full-ETTm1-96/291ccb45ceb896987e4d4e6d16ed2bac/MATSArch_055.pt saved
2026-03-10 08:21:16,000 - BasicTS-training - INFO - The estimated training finish time is 2026-03-10 09:48:43
2026-03-10 08:21:16,000 - BasicTS-training - INFO - Epoch 56 / 100
2026-03-10 08:22:50,814 - BasicTS-training - INFO - Result <train>: [train/time: 94.81 (s), train/lr: 2.11e-04, train/loss: 0.3731, train/MAE: 0.3731, train/MSE: 0.3288, train/RMSE: 0.5734, train/MAPE: 2.0564, train/WAPE: 0.6453]
2026-03-10 08:22:51,845 - BasicTS-training - INFO - Start validation.
2026-03-10 08:22:59,419 - BasicTS-training - INFO - Result <val>: [val/time: 7.57 (s), val/loss: 0.4259, val/MAE: 0.4259, val/MSE: 0.4387, val/RMSE: 0.6623, val/MAPE: 2.0018, val/WAPE: 0.6427]
2026-03-10 08:23:08,873 - BasicTS-training - INFO - Result <test>: [test/time: 8.67 (s), test/loss: 0.3671, test/MAE: 0.3671, test/MSE: 0.3593, test/RMSE: 0.5994, test/MAPE: 2.1047, test/WAPE: 0.5606]
2026-03-10 08:23:10,845 - BasicTS-training - INFO - Checkpoint /mnt/users/rwl/MATS/results/main/MATS-Full-ETTm1-96/291ccb45ceb896987e4d4e6d16ed2bac/MATSArch_056.pt saved
2026-03-10 08:23:10,845 - BasicTS-training - INFO - The estimated training finish time is 2026-03-10 09:48:40
2026-03-10 08:23:10,845 - BasicTS-training - INFO - Epoch 57 / 100
2026-03-10 08:24:40,925 - BasicTS-training - INFO - Result <train>: [train/time: 90.08 (s), train/lr: 2.03e-04, train/loss: 0.3731, train/MAE: 0.3731, train/MSE: 0.3286, train/RMSE: 0.5733, train/MAPE: 2.0553, train/WAPE: 0.6451]
2026-03-10 08:24:42,400 - BasicTS-training - INFO - Start validation.
2026-03-10 08:24:51,423 - BasicTS-training - INFO - Result <val>: [val/time: 9.02 (s), val/loss: 0.4236, val/MAE: 0.4236, val/MSE: 0.4381, val/RMSE: 0.6619, val/MAPE: 2.0132, val/WAPE: 0.6421]
2026-03-10 08:25:01,195 - BasicTS-training - INFO - Result <test>: [test/time: 8.83 (s), test/loss: 0.3642, test/MAE: 0.3642, test/MSE: 0.3545, test/RMSE: 0.5954, test/MAPE: 2.1545, test/WAPE: 0.5577]
2026-03-10 08:25:02,264 - BasicTS-training - INFO - Checkpoint /mnt/users/rwl/MATS/results/main/MATS-Full-ETTm1-96/291ccb45ceb896987e4d4e6d16ed2bac/MATSArch_057.pt saved
2026-03-10 08:25:02,265 - BasicTS-training - INFO - The estimated training finish time is 2026-03-10 09:48:31
2026-03-10 08:25:02,265 - BasicTS-training - INFO - Epoch 58 / 100
2026-03-10 08:26:36,501 - BasicTS-training - INFO - Result <train>: [train/time: 94.24 (s), train/lr: 1.95e-04, train/loss: 0.3731, train/MAE: 0.3731, train/MSE: 0.3286, train/RMSE: 0.5732, train/MAPE: 2.0566, train/WAPE: 0.6452]
2026-03-10 08:26:37,739 - BasicTS-training - INFO - Start validation.
2026-03-10 08:26:45,497 - BasicTS-training - INFO - Result <val>: [val/time: 7.76 (s), val/loss: 0.4226, val/MAE: 0.4226, val/MSE: 0.4354, val/RMSE: 0.6599, val/MAPE: 1.9626, val/WAPE: 0.6370]
2026-03-10 08:26:54,786 - BasicTS-training - INFO - Result <test>: [test/time: 8.50 (s), test/loss: 0.3637, test/MAE: 0.3637, test/MSE: 0.3553, test/RMSE: 0.5961, test/MAPE: 2.0785, test/WAPE: 0.5540]
2026-03-10 08:26:56,793 - BasicTS-training - INFO - Checkpoint /mnt/users/rwl/MATS/results/main/MATS-Full-ETTm1-96/291ccb45ceb896987e4d4e6d16ed2bac/MATSArch_058.pt saved
2026-03-10 08:26:56,793 - BasicTS-training - INFO - The estimated training finish time is 2026-03-10 09:48:28
2026-03-10 08:26:56,793 - BasicTS-training - INFO - Epoch 59 / 100
2026-03-10 08:28:31,573 - BasicTS-training - INFO - Result <train>: [train/time: 94.78 (s), train/lr: 1.88e-04, train/loss: 0.3731, train/MAE: 0.3731, train/MSE: 0.3287, train/RMSE: 0.5733, train/MAPE: 2.0562, train/WAPE: 0.6454]
2026-03-10 08:28:32,506 - BasicTS-training - INFO - Start validation.
2026-03-10 08:28:40,879 - BasicTS-training - INFO - Result <val>: [val/time: 8.37 (s), val/loss: 0.4265, val/MAE: 0.4265, val/MSE: 0.4386, val/RMSE: 0.6623, val/MAPE: 2.0292, val/WAPE: 0.6452]
2026-03-10 08:28:50,319 - BasicTS-training - INFO - Result <test>: [test/time: 8.49 (s), test/loss: 0.3682, test/MAE: 0.3682, test/MSE: 0.3556, test/RMSE: 0.5963, test/MAPE: 2.2155, test/WAPE: 0.5650]
2026-03-10 08:28:52,536 - BasicTS-training - INFO - Checkpoint /mnt/users/rwl/MATS/results/main/MATS-Full-ETTm1-96/291ccb45ceb896987e4d4e6d16ed2bac/MATSArch_059.pt saved
2026-03-10 08:28:52,537 - BasicTS-training - INFO - The estimated training finish time is 2026-03-10 09:48:27
2026-03-10 08:28:52,537 - BasicTS-training - INFO - Epoch 60 / 100
2026-03-10 08:30:26,704 - BasicTS-training - INFO - Result <train>: [train/time: 94.17 (s), train/lr: 1.80e-04, train/loss: 0.3731, train/MAE: 0.3731, train/MSE: 0.3285, train/RMSE: 0.5732, train/MAPE: 2.0567, train/WAPE: 0.6453]
2026-03-10 08:30:27,823 - BasicTS-training - INFO - Start validation.
2026-03-10 08:30:36,531 - BasicTS-training - INFO - Result <val>: [val/time: 8.71 (s), val/loss: 0.4257, val/MAE: 0.4257, val/MSE: 0.4367, val/RMSE: 0.6608, val/MAPE: 1.9881, val/WAPE: 0.6421]
2026-03-10 08:30:46,679 - BasicTS-training - INFO - Result <test>: [test/time: 9.35 (s), test/loss: 0.3654, test/MAE: 0.3654, test/MSE: 0.3537, test/RMSE: 0.5947, test/MAPE: 2.1135, test/WAPE: 0.5579]
2026-03-10 08:30:48,836 - BasicTS-training - INFO - Checkpoint /mnt/users/rwl/MATS/results/main/MATS-Full-ETTm1-96/291ccb45ceb896987e4d4e6d16ed2bac/MATSArch_060.pt saved
2026-03-10 08:30:50,231 - BasicTS-training - INFO - The estimated training finish time is 2026-03-10 09:48:29
2026-03-10 08:30:50,231 - BasicTS-training - INFO - Epoch 61 / 100
2026-03-10 08:32:23,735 - BasicTS-training - INFO - Result <train>: [train/time: 93.50 (s), train/lr: 1.73e-04, train/loss: 0.3729, train/MAE: 0.3729, train/MSE: 0.3283, train/RMSE: 0.5730, train/MAPE: 2.0560, train/WAPE: 0.6450]
2026-03-10 08:32:24,941 - BasicTS-training - INFO - Start validation.
2026-03-10 08:32:32,878 - BasicTS-training - INFO - Result <val>: [val/time: 7.94 (s), val/loss: 0.4253, val/MAE: 0.4253, val/MSE: 0.4372, val/RMSE: 0.6612, val/MAPE: 2.0095, val/WAPE: 0.6432]
2026-03-10 08:32:44,055 - BasicTS-training - INFO - Result <test>: [test/time: 9.91 (s), test/loss: 0.3661, test/MAE: 0.3661, test/MSE: 0.3528, test/RMSE: 0.5940, test/MAPE: 2.1794, test/WAPE: 0.5622]
2026-03-10 08:32:46,473 - BasicTS-training - INFO - Checkpoint /mnt/users/rwl/MATS/results/main/MATS-Full-ETTm1-96/291ccb45ceb896987e4d4e6d16ed2bac/MATSArch_061.pt saved
2026-03-10 08:32:46,474 - BasicTS-training - INFO - The estimated training finish time is 2026-03-10 09:48:28
2026-03-10 08:32:46,474 - BasicTS-training - INFO - Epoch 62 / 100
2026-03-10 08:34:16,847 - BasicTS-training - INFO - Result <train>: [train/time: 90.37 (s), train/lr: 1.65e-04, train/loss: 0.3731, train/MAE: 0.3731, train/MSE: 0.3287, train/RMSE: 0.5734, train/MAPE: 2.0563, train/WAPE: 0.6453]
2026-03-10 08:34:17,908 - BasicTS-training - INFO - Start validation.
2026-03-10 08:34:27,134 - BasicTS-training - INFO - Result <val>: [val/time: 9.22 (s), val/loss: 0.4224, val/MAE: 0.4224, val/MSE: 0.4367, val/RMSE: 0.6608, val/MAPE: 1.9943, val/WAPE: 0.6393]
2026-03-10 08:34:36,455 - BasicTS-training - INFO - Result <test>: [test/time: 8.33 (s), test/loss: 0.3648, test/MAE: 0.3648, test/MSE: 0.3568, test/RMSE: 0.5973, test/MAPE: 2.1305, test/WAPE: 0.5579]
2026-03-10 08:34:38,366 - BasicTS-training - INFO - Checkpoint /mnt/users/rwl/MATS/results/main/MATS-Full-ETTm1-96/291ccb45ceb896987e4d4e6d16ed2bac/MATSArch_062.pt saved
2026-03-10 08:34:38,367 - BasicTS-training - INFO - The estimated training finish time is 2026-03-10 09:48:21
2026-03-10 08:34:38,367 - BasicTS-training - INFO - Epoch 63 / 100
2026-03-10 08:36:15,737 - BasicTS-training - INFO - Result <train>: [train/time: 97.37 (s), train/lr: 1.58e-04, train/loss: 0.3730, train/MAE: 0.3730, train/MSE: 0.3288, train/RMSE: 0.5734, train/MAPE: 2.0557, train/WAPE: 0.6452]
2026-03-10 08:36:17,135 - BasicTS-training - INFO - Start validation.
2026-03-10 08:36:25,148 - BasicTS-training - INFO - Result <val>: [val/time: 7.91 (s), val/loss: 0.4232, val/MAE: 0.4232, val/MSE: 0.4368, val/RMSE: 0.6609, val/MAPE: 1.9854, val/WAPE: 0.6399]
2026-03-10 08:36:35,983 - BasicTS-training - INFO - Result <test>: [test/time: 9.48 (s), test/loss: 0.3649, test/MAE: 0.3649, test/MSE: 0.3548, test/RMSE: 0.5957, test/MAPE: 2.1344, test/WAPE: 0.5572]
2026-03-10 08:36:37,789 - BasicTS-training - INFO - Checkpoint /mnt/users/rwl/MATS/results/main/MATS-Full-ETTm1-96/291ccb45ceb896987e4d4e6d16ed2bac/MATSArch_063.pt saved
2026-03-10 08:36:37,789 - BasicTS-training - INFO - The estimated training finish time is 2026-03-10 09:48:26
2026-03-10 08:36:37,789 - BasicTS-training - INFO - Epoch 64 / 100
2026-03-10 08:38:13,198 - BasicTS-training - INFO - Result <train>: [train/time: 95.41 (s), train/lr: 1.51e-04, train/loss: 0.3729, train/MAE: 0.3729, train/MSE: 0.3285, train/RMSE: 0.5732, train/MAPE: 2.0544, train/WAPE: 0.6450]
2026-03-10 08:38:14,448 - BasicTS-training - INFO - Start validation.
2026-03-10 08:38:26,491 - BasicTS-training - INFO - Result <val>: [val/time: 12.04 (s), val/loss: 0.4227, val/MAE: 0.4227, val/MSE: 0.4362, val/RMSE: 0.6605, val/MAPE: 1.9931, val/WAPE: 0.6388]
2026-03-10 08:38:36,167 - BasicTS-training - INFO - Result <test>: [test/time: 8.82 (s), test/loss: 0.3638, test/MAE: 0.3638, test/MSE: 0.3554, test/RMSE: 0.5961, test/MAPE: 2.1220, test/WAPE: 0.5562]
2026-03-10 08:38:38,393 - BasicTS-training - INFO - Checkpoint /mnt/users/rwl/MATS/results/main/MATS-Full-ETTm1-96/291ccb45ceb896987e4d4e6d16ed2bac/MATSArch_064.pt saved
2026-03-10 08:38:38,393 - BasicTS-training - INFO - The estimated training finish time is 2026-03-10 09:48:32
2026-03-10 08:38:38,394 - BasicTS-training - INFO - Epoch 65 / 100
2026-03-10 08:40:14,539 - BasicTS-training - INFO - Result <train>: [train/time: 96.15 (s), train/lr: 1.44e-04, train/loss: 0.3729, train/MAE: 0.3729, train/MSE: 0.3283, train/RMSE: 0.5730, train/MAPE: 2.0569, train/WAPE: 0.6451]
2026-03-10 08:40:16,054 - BasicTS-training - INFO - Start validation.
2026-03-10 08:40:24,594 - BasicTS-training - INFO - Result <val>: [val/time: 8.54 (s), val/loss: 0.4228, val/MAE: 0.4228, val/MSE: 0.4367, val/RMSE: 0.6608, val/MAPE: 1.9854, val/WAPE: 0.6386]
2026-03-10 08:40:34,197 - BasicTS-training - INFO - Result <test>: [test/time: 8.52 (s), test/loss: 0.3642, test/MAE: 0.3642, test/MSE: 0.3565, test/RMSE: 0.5971, test/MAPE: 2.1025, test/WAPE: 0.5558]
2026-03-10 08:40:36,099 - BasicTS-training - INFO - Checkpoint /mnt/users/rwl/MATS/results/main/MATS-Full-ETTm1-96/291ccb45ceb896987e4d4e6d16ed2bac/MATSArch_065.pt saved
2026-03-10 08:40:36,100 - BasicTS-training - INFO - The estimated training finish time is 2026-03-10 09:48:34
2026-03-10 08:40:36,100 - BasicTS-training - INFO - Epoch 66 / 100
2026-03-10 08:42:06,902 - BasicTS-training - INFO - Result <train>: [train/time: 90.80 (s), train/lr: 1.37e-04, train/loss: 0.3729, train/MAE: 0.3729, train/MSE: 0.3285, train/RMSE: 0.5731, train/MAPE: 2.0570, train/WAPE: 0.6451]
2026-03-10 08:42:08,166 - BasicTS-training - INFO - Start validation.
2026-03-10 08:42:16,514 - BasicTS-training - INFO - Result <val>: [val/time: 8.35 (s), val/loss: 0.4223, val/MAE: 0.4223, val/MSE: 0.4354, val/RMSE: 0.6599, val/MAPE: 1.9771, val/WAPE: 0.6376]
2026-03-10 08:42:25,707 - BasicTS-training - INFO - Result <test>: [test/time: 7.74 (s), test/loss: 0.3641, test/MAE: 0.3641, test/MSE: 0.3545, test/RMSE: 0.5954, test/MAPE: 2.1464, test/WAPE: 0.5558]
2026-03-10 08:42:27,811 - BasicTS-training - INFO - Checkpoint /mnt/users/rwl/MATS/results/main/MATS-Full-ETTm1-96/291ccb45ceb896987e4d4e6d16ed2bac/MATSArch_066.pt saved
2026-03-10 08:42:27,811 - BasicTS-training - INFO - The estimated training finish time is 2026-03-10 09:48:27
2026-03-10 08:42:27,811 - BasicTS-training - INFO - Epoch 67 / 100
2026-03-10 08:44:02,473 - BasicTS-training - INFO - Result <train>: [train/time: 94.66 (s), train/lr: 1.30e-04, train/loss: 0.3730, train/MAE: 0.3730, train/MSE: 0.3285, train/RMSE: 0.5731, train/MAPE: 2.0568, train/WAPE: 0.6451]
2026-03-10 08:44:03,605 - BasicTS-training - INFO - Start validation.
2026-03-10 08:44:11,114 - BasicTS-training - INFO - Result <val>: [val/time: 7.51 (s), val/loss: 0.4263, val/MAE: 0.4263, val/MSE: 0.4404, val/RMSE: 0.6636, val/MAPE: 2.0145, val/WAPE: 0.6438]
2026-03-10 08:44:19,446 - BasicTS-training - INFO - Result <test>: [test/time: 7.25 (s), test/loss: 0.3699, test/MAE: 0.3699, test/MSE: 0.3594, test/RMSE: 0.5995, test/MAPE: 2.2018, test/WAPE: 0.5617]
2026-03-10 08:44:22,438 - BasicTS-training - INFO - Checkpoint /mnt/users/rwl/MATS/results/main/MATS-Full-ETTm1-96/291ccb45ceb896987e4d4e6d16ed2bac/MATSArch_067.pt saved
2026-03-10 08:44:22,438 - BasicTS-training - INFO - The estimated training finish time is 2026-03-10 09:48:24
2026-03-10 08:44:22,438 - BasicTS-training - INFO - Epoch 68 / 100
2026-03-10 08:45:55,256 - BasicTS-training - INFO - Result <train>: [train/time: 92.82 (s), train/lr: 1.23e-04, train/loss: 0.3729, train/MAE: 0.3729, train/MSE: 0.3286, train/RMSE: 0.5732, train/MAPE: 2.0571, train/WAPE: 0.6452]
2026-03-10 08:45:56,324 - BasicTS-training - INFO - Start validation.
2026-03-10 08:46:04,690 - BasicTS-training - INFO - Result <val>: [val/time: 8.36 (s), val/loss: 0.4272, val/MAE: 0.4272, val/MSE: 0.4375, val/RMSE: 0.6614, val/MAPE: 2.0250, val/WAPE: 0.6444]
2026-03-10 08:46:13,709 - BasicTS-training - INFO - Result <test>: [test/time: 8.39 (s), test/loss: 0.3687, test/MAE: 0.3687, test/MSE: 0.3555, test/RMSE: 0.5962, test/MAPE: 2.2261, test/WAPE: 0.5659]
2026-03-10 08:46:16,095 - BasicTS-training - INFO - Checkpoint /mnt/users/rwl/MATS/results/main/MATS-Full-ETTm1-96/291ccb45ceb896987e4d4e6d16ed2bac/MATSArch_068.pt saved
2026-03-10 08:46:16,096 - BasicTS-training - INFO - The estimated training finish time is 2026-03-10 09:48:20
2026-03-10 08:46:16,096 - BasicTS-training - INFO - Epoch 69 / 100
2026-03-10 08:47:48,020 - BasicTS-training - INFO - Result <train>: [train/time: 91.92 (s), train/lr: 1.16e-04, train/loss: 0.3730, train/MAE: 0.3730, train/MSE: 0.3287, train/RMSE: 0.5733, train/MAPE: 2.0569, train/WAPE: 0.6453]
2026-03-10 08:47:48,913 - BasicTS-training - INFO - Start validation.
2026-03-10 08:47:58,318 - BasicTS-training - INFO - Result <val>: [val/time: 9.40 (s), val/loss: 0.4238, val/MAE: 0.4238, val/MSE: 0.4348, val/RMSE: 0.6594, val/MAPE: 1.9677, val/WAPE: 0.6378]
2026-03-10 08:48:07,683 - BasicTS-training - INFO - Result <test>: [test/time: 8.61 (s), test/loss: 0.3651, test/MAE: 0.3651, test/MSE: 0.3566, test/RMSE: 0.5972, test/MAPE: 2.0899, test/WAPE: 0.5562]
2026-03-10 08:48:09,536 - BasicTS-training - INFO - Checkpoint /mnt/users/rwl/MATS/results/main/MATS-Full-ETTm1-96/291ccb45ceb896987e4d4e6d16ed2bac/MATSArch_069.pt saved
2026-03-10 08:48:09,537 - BasicTS-training - INFO - The estimated training finish time is 2026-03-10 09:48:16
2026-03-10 08:48:09,537 - BasicTS-training - INFO - Epoch 70 / 100
2026-03-10 08:49:42,987 - BasicTS-training - INFO - Result <train>: [train/time: 93.45 (s), train/lr: 1.09e-04, train/loss: 0.3729, train/MAE: 0.3729, train/MSE: 0.3284, train/RMSE: 0.5731, train/MAPE: 2.0568, train/WAPE: 0.6451]
2026-03-10 08:49:44,604 - BasicTS-training - INFO - Start validation.
2026-03-10 08:49:52,985 - BasicTS-training - INFO - Result <val>: [val/time: 8.38 (s), val/loss: 0.4255, val/MAE: 0.4255, val/MSE: 0.4378, val/RMSE: 0.6617, val/MAPE: 1.9896, val/WAPE: 0.6420]
2026-03-10 08:50:01,079 - BasicTS-training - INFO - Result <test>: [test/time: 7.43 (s), test/loss: 0.3656, test/MAE: 0.3656, test/MSE: 0.3541, test/RMSE: 0.5951, test/MAPE: 2.1546, test/WAPE: 0.5590]
2026-03-10 08:50:03,067 - BasicTS-training - INFO - Checkpoint /mnt/users/rwl/MATS/results/main/MATS-Full-ETTm1-96/291ccb45ceb896987e4d4e6d16ed2bac/MATSArch_070.pt saved
2026-03-10 08:50:04,219 - BasicTS-training - INFO - The estimated training finish time is 2026-03-10 09:48:13
2026-03-10 08:50:04,219 - BasicTS-training - INFO - Epoch 71 / 100
2026-03-10 08:51:39,680 - BasicTS-training - INFO - Result <train>: [train/time: 95.46 (s), train/lr: 1.03e-04, train/loss: 0.3730, train/MAE: 0.3730, train/MSE: 0.3286, train/RMSE: 0.5732, train/MAPE: 2.0572, train/WAPE: 0.6452]
2026-03-10 08:51:40,943 - BasicTS-training - INFO - Start validation.
2026-03-10 08:51:49,190 - BasicTS-training - INFO - Result <val>: [val/time: 8.25 (s), val/loss: 0.4251, val/MAE: 0.4251, val/MSE: 0.4369, val/RMSE: 0.6610, val/MAPE: 1.9710, val/WAPE: 0.6392]
2026-03-10 08:51:57,888 - BasicTS-training - INFO - Result <test>: [test/time: 7.84 (s), test/loss: 0.3653, test/MAE: 0.3653, test/MSE: 0.3566, test/RMSE: 0.5971, test/MAPE: 2.0555, test/WAPE: 0.5563]
2026-03-10 08:51:59,628 - BasicTS-training - INFO - Checkpoint /mnt/users/rwl/MATS/results/main/MATS-Full-ETTm1-96/291ccb45ceb896987e4d4e6d16ed2bac/MATSArch_071.pt saved
2026-03-10 08:51:59,629 - BasicTS-training - INFO - The estimated training finish time is 2026-03-10 09:48:12
2026-03-10 08:51:59,629 - BasicTS-training - INFO - Epoch 72 / 100
2026-03-10 08:53:31,378 - BasicTS-training - INFO - Result <train>: [train/time: 91.75 (s), train/lr: 9.68e-05, train/loss: 0.3728, train/MAE: 0.3728, train/MSE: 0.3287, train/RMSE: 0.5733, train/MAPE: 2.0572, train/WAPE: 0.6450]
2026-03-10 08:53:32,034 - BasicTS-training - INFO - Start validation.
2026-03-10 08:53:41,019 - BasicTS-training - INFO - Result <val>: [val/time: 8.98 (s), val/loss: 0.4254, val/MAE: 0.4254, val/MSE: 0.4373, val/RMSE: 0.6613, val/MAPE: 2.0065, val/WAPE: 0.6425]
2026-03-10 08:53:50,198 - BasicTS-training - INFO - Result <test>: [test/time: 8.20 (s), test/loss: 0.3652, test/MAE: 0.3652, test/MSE: 0.3535, test/RMSE: 0.5946, test/MAPE: 2.1426, test/WAPE: 0.5589]
2026-03-10 08:53:52,031 - BasicTS-training - INFO - Checkpoint /mnt/users/rwl/MATS/results/main/MATS-Full-ETTm1-96/291ccb45ceb896987e4d4e6d16ed2bac/MATSArch_072.pt saved
2026-03-10 08:53:52,032 - BasicTS-training - INFO - The estimated training finish time is 2026-03-10 09:48:07
2026-03-10 08:53:52,032 - BasicTS-training - INFO - Epoch 73 / 100
2026-03-10 08:55:19,583 - BasicTS-training - INFO - Result <train>: [train/time: 87.55 (s), train/lr: 9.06e-05, train/loss: 0.3729, train/MAE: 0.3729, train/MSE: 0.3285, train/RMSE: 0.5732, train/MAPE: 2.0573, train/WAPE: 0.6451]
2026-03-10 08:55:20,590 - BasicTS-training - INFO - Start validation.
2026-03-10 08:55:29,244 - BasicTS-training - INFO - Result <val>: [val/time: 8.65 (s), val/loss: 0.4242, val/MAE: 0.4242, val/MSE: 0.4364, val/RMSE: 0.6606, val/MAPE: 2.0103, val/WAPE: 0.6428]
2026-03-10 08:55:40,121 - BasicTS-training - INFO - Result <test>: [test/time: 10.30 (s), test/loss: 0.3661, test/MAE: 0.3661, test/MSE: 0.3538, test/RMSE: 0.5948, test/MAPE: 2.2078, test/WAPE: 0.5611]
2026-03-10 08:55:41,607 - BasicTS-training - INFO - Checkpoint /mnt/users/rwl/MATS/results/main/MATS-Full-ETTm1-96/291ccb45ceb896987e4d4e6d16ed2bac/MATSArch_073.pt saved
2026-03-10 08:55:41,646 - BasicTS-training - INFO - The estimated training finish time is 2026-03-10 09:47:57
2026-03-10 08:55:41,646 - BasicTS-training - INFO - Epoch 74 / 100
2026-03-10 08:57:09,383 - BasicTS-training - INFO - Result <train>: [train/time: 87.74 (s), train/lr: 8.47e-05, train/loss: 0.3729, train/MAE: 0.3729, train/MSE: 0.3285, train/RMSE: 0.5732, train/MAPE: 2.0580, train/WAPE: 0.6452]
2026-03-10 08:57:10,661 - BasicTS-training - INFO - Start validation.
2026-03-10 08:57:18,921 - BasicTS-training - INFO - Result <val>: [val/time: 8.26 (s), val/loss: 0.4230, val/MAE: 0.4230, val/MSE: 0.4371, val/RMSE: 0.6612, val/MAPE: 1.9972, val/WAPE: 0.6397]
2026-03-10 08:57:29,047 - BasicTS-training - INFO - Result <test>: [test/time: 9.42 (s), test/loss: 0.3640, test/MAE: 0.3640, test/MSE: 0.3562, test/RMSE: 0.5968, test/MAPE: 2.1186, test/WAPE: 0.5571]
2026-03-10 08:57:31,476 - BasicTS-training - INFO - Checkpoint /mnt/users/rwl/MATS/results/main/MATS-Full-ETTm1-96/291ccb45ceb896987e4d4e6d16ed2bac/MATSArch_074.pt saved
2026-03-10 08:57:31,476 - BasicTS-training - INFO - The estimated training finish time is 2026-03-10 09:47:49
2026-03-10 08:57:31,476 - BasicTS-training - INFO - Epoch 75 / 100
2026-03-10 08:59:04,567 - BasicTS-training - INFO - Result <train>: [train/time: 93.09 (s), train/lr: 7.89e-05, train/loss: 0.3729, train/MAE: 0.3729, train/MSE: 0.3287, train/RMSE: 0.5733, train/MAPE: 2.0570, train/WAPE: 0.6452]
2026-03-10 08:59:05,876 - BasicTS-training - INFO - Start validation.
2026-03-10 08:59:15,955 - BasicTS-training - INFO - Result <val>: [val/time: 10.08 (s), val/loss: 0.4232, val/MAE: 0.4232, val/MSE: 0.4352, val/RMSE: 0.6597, val/MAPE: 2.0044, val/WAPE: 0.6401]
2026-03-10 08:59:25,445 - BasicTS-training - INFO - Result <test>: [test/time: 8.42 (s), test/loss: 0.3650, test/MAE: 0.3650, test/MSE: 0.3536, test/RMSE: 0.5946, test/MAPE: 2.1778, test/WAPE: 0.5593]
2026-03-10 08:59:27,620 - BasicTS-training - INFO - Checkpoint /mnt/users/rwl/MATS/results/main/MATS-Full-ETTm1-96/291ccb45ceb896987e4d4e6d16ed2bac/MATSArch_075.pt saved
2026-03-10 08:59:27,621 - BasicTS-training - INFO - The estimated training finish time is 2026-03-10 09:47:49
2026-03-10 08:59:27,621 - BasicTS-training - INFO - Epoch 76 / 100
2026-03-10 09:01:05,874 - BasicTS-training - INFO - Result <train>: [train/time: 98.25 (s), train/lr: 7.32e-05, train/loss: 0.3728, train/MAE: 0.3728, train/MSE: 0.3285, train/RMSE: 0.5732, train/MAPE: 2.0576, train/WAPE: 0.6451]
2026-03-10 09:01:07,610 - BasicTS-training - INFO - Start validation.
2026-03-10 09:01:16,792 - BasicTS-training - INFO - Result <val>: [val/time: 9.18 (s), val/loss: 0.4273, val/MAE: 0.4273, val/MSE: 0.4413, val/RMSE: 0.6643, val/MAPE: 1.9616, val/WAPE: 0.6405]
2026-03-10 09:01:25,713 - BasicTS-training - INFO - Result <test>: [test/time: 8.02 (s), test/loss: 0.3679, test/MAE: 0.3679, test/MSE: 0.3642, test/RMSE: 0.6035, test/MAPE: 1.9916, test/WAPE: 0.5580]
2026-03-10 09:01:27,501 - BasicTS-training - INFO - Checkpoint /mnt/users/rwl/MATS/results/main/MATS-Full-ETTm1-96/291ccb45ceb896987e4d4e6d16ed2bac/MATSArch_076.pt saved
2026-03-10 09:01:27,502 - BasicTS-training - INFO - The estimated training finish time is 2026-03-10 09:47:54
2026-03-10 09:01:27,502 - BasicTS-training - INFO - Epoch 77 / 100
2026-03-10 09:02:58,562 - BasicTS-training - INFO - Result <train>: [train/time: 91.06 (s), train/lr: 6.78e-05, train/loss: 0.3728, train/MAE: 0.3728, train/MSE: 0.3284, train/RMSE: 0.5731, train/MAPE: 2.0567, train/WAPE: 0.6450]
2026-03-10 09:02:59,927 - BasicTS-training - INFO - Start validation.
2026-03-10 09:03:07,485 - BasicTS-training - INFO - Result <val>: [val/time: 7.56 (s), val/loss: 0.4256, val/MAE: 0.4256, val/MSE: 0.4369, val/RMSE: 0.6610, val/MAPE: 1.9702, val/WAPE: 0.6402]
2026-03-10 09:03:17,383 - BasicTS-training - INFO - Result <test>: [test/time: 8.70 (s), test/loss: 0.3655, test/MAE: 0.3655, test/MSE: 0.3547, test/RMSE: 0.5955, test/MAPE: 2.0875, test/WAPE: 0.5566]
2026-03-10 09:03:19,236 - BasicTS-training - INFO - Checkpoint /mnt/users/rwl/MATS/results/main/MATS-Full-ETTm1-96/291ccb45ceb896987e4d4e6d16ed2bac/MATSArch_077.pt saved
2026-03-10 09:03:19,237 - BasicTS-training - INFO - The estimated training finish time is 2026-03-10 09:47:48
2026-03-10 09:03:19,237 - BasicTS-training - INFO - Epoch 78 / 100
2026-03-10 09:04:50,205 - BasicTS-training - INFO - Result <train>: [train/time: 90.97 (s), train/lr: 6.25e-05, train/loss: 0.3729, train/MAE: 0.3729, train/MSE: 0.3286, train/RMSE: 0.5732, train/MAPE: 2.0596, train/WAPE: 0.6451]
2026-03-10 09:04:51,597 - BasicTS-training - INFO - Start validation.
2026-03-10 09:05:00,727 - BasicTS-training - INFO - Result <val>: [val/time: 9.13 (s), val/loss: 0.4234, val/MAE: 0.4234, val/MSE: 0.4386, val/RMSE: 0.6622, val/MAPE: 1.9884, val/WAPE: 0.6395]
2026-03-10 09:05:09,406 - BasicTS-training - INFO - Result <test>: [test/time: 7.67 (s), test/loss: 0.3648, test/MAE: 0.3648, test/MSE: 0.3591, test/RMSE: 0.5993, test/MAPE: 2.0847, test/WAPE: 0.5562]
2026-03-10 09:05:11,551 - BasicTS-training - INFO - Checkpoint /mnt/users/rwl/MATS/results/main/MATS-Full-ETTm1-96/291ccb45ceb896987e4d4e6d16ed2bac/MATSArch_078.pt saved
2026-03-10 09:05:11,552 - BasicTS-training - INFO - The estimated training finish time is 2026-03-10 09:47:43
2026-03-10 09:05:11,552 - BasicTS-training - INFO - Epoch 79 / 100
2026-03-10 09:06:39,103 - BasicTS-training - INFO - Result <train>: [train/time: 87.55 (s), train/lr: 5.74e-05, train/loss: 0.3728, train/MAE: 0.3728, train/MSE: 0.3284, train/RMSE: 0.5730, train/MAPE: 2.0565, train/WAPE: 0.6450]
2026-03-10 09:06:40,755 - BasicTS-training - INFO - Start validation.
2026-03-10 09:06:48,373 - BasicTS-training - INFO - Result <val>: [val/time: 7.62 (s), val/loss: 0.4240, val/MAE: 0.4240, val/MSE: 0.4389, val/RMSE: 0.6625, val/MAPE: 2.0084, val/WAPE: 0.6410]
2026-03-10 09:06:57,192 - BasicTS-training - INFO - Result <test>: [test/time: 7.64 (s), test/loss: 0.3652, test/MAE: 0.3652, test/MSE: 0.3576, test/RMSE: 0.5980, test/MAPE: 2.1352, test/WAPE: 0.5590]
2026-03-10 09:06:59,914 - BasicTS-training - INFO - Checkpoint /mnt/users/rwl/MATS/results/main/MATS-Full-ETTm1-96/291ccb45ceb896987e4d4e6d16ed2bac/MATSArch_079.pt saved
2026-03-10 09:06:59,914 - BasicTS-training - INFO - The estimated training finish time is 2026-03-10 09:47:34
2026-03-10 09:06:59,914 - BasicTS-training - INFO - Epoch 80 / 100
2026-03-10 09:08:20,532 - BasicTS-training - INFO - Result <train>: [train/time: 80.62 (s), train/lr: 5.25e-05, train/loss: 0.3728, train/MAE: 0.3728, train/MSE: 0.3286, train/RMSE: 0.5732, train/MAPE: 2.0563, train/WAPE: 0.6449]
2026-03-10 09:08:21,905 - BasicTS-training - INFO - Start validation.
2026-03-10 09:08:29,826 - BasicTS-training - INFO - Result <val>: [val/time: 7.92 (s), val/loss: 0.4240, val/MAE: 0.4240, val/MSE: 0.4369, val/RMSE: 0.6609, val/MAPE: 1.9969, val/WAPE: 0.6418]
2026-03-10 09:08:37,472 - BasicTS-training - INFO - Result <test>: [test/time: 7.09 (s), test/loss: 0.3658, test/MAE: 0.3658, test/MSE: 0.3544, test/RMSE: 0.5953, test/MAPE: 2.1707, test/WAPE: 0.5600]
2026-03-10 09:08:39,242 - BasicTS-training - INFO - Checkpoint /mnt/users/rwl/MATS/results/main/MATS-Full-ETTm1-96/291ccb45ceb896987e4d4e6d16ed2bac/MATSArch_080.pt saved
2026-03-10 09:08:40,313 - BasicTS-training - INFO - The estimated training finish time is 2026-03-10 09:47:14
2026-03-10 09:08:40,313 - BasicTS-training - INFO - Epoch 81 / 100
2026-03-10 09:10:11,881 - BasicTS-training - INFO - Result <train>: [train/time: 91.57 (s), train/lr: 4.77e-05, train/loss: 0.3727, train/MAE: 0.3727, train/MSE: 0.3282, train/RMSE: 0.5729, train/MAPE: 2.0578, train/WAPE: 0.6450]
2026-03-10 09:10:13,163 - BasicTS-training - INFO - Start validation.
2026-03-10 09:10:21,416 - BasicTS-training - INFO - Result <val>: [val/time: 8.25 (s), val/loss: 0.4235, val/MAE: 0.4235, val/MSE: 0.4388, val/RMSE: 0.6624, val/MAPE: 2.0081, val/WAPE: 0.6409]
2026-03-10 09:10:32,272 - BasicTS-training - INFO - Result <test>: [test/time: 9.52 (s), test/loss: 0.3642, test/MAE: 0.3642, test/MSE: 0.3564, test/RMSE: 0.5970, test/MAPE: 2.1245, test/WAPE: 0.5577]
2026-03-10 09:10:34,298 - BasicTS-training - INFO - Checkpoint /mnt/users/rwl/MATS/results/main/MATS-Full-ETTm1-96/291ccb45ceb896987e4d4e6d16ed2bac/MATSArch_081.pt saved
2026-03-10 09:10:34,299 - BasicTS-training - INFO - The estimated training finish time is 2026-03-10 09:47:12
2026-03-10 09:10:34,299 - BasicTS-training - INFO - Epoch 82 / 100
2026-03-10 09:12:06,406 - BasicTS-training - INFO - Result <train>: [train/time: 92.11 (s), train/lr: 4.32e-05, train/loss: 0.3728, train/MAE: 0.3728, train/MSE: 0.3284, train/RMSE: 0.5731, train/MAPE: 2.0571, train/WAPE: 0.6450]
2026-03-10 09:12:08,007 - BasicTS-training - INFO - Start validation.
2026-03-10 09:12:15,963 - BasicTS-training - INFO - Result <val>: [val/time: 7.95 (s), val/loss: 0.4249, val/MAE: 0.4249, val/MSE: 0.4379, val/RMSE: 0.6618, val/MAPE: 2.0269, val/WAPE: 0.6440]
2026-03-10 09:12:24,064 - BasicTS-training - INFO - Result <test>: [test/time: 7.53 (s), test/loss: 0.3667, test/MAE: 0.3667, test/MSE: 0.3546, test/RMSE: 0.5955, test/MAPE: 2.2363, test/WAPE: 0.5638]
2026-03-10 09:12:26,242 - BasicTS-training - INFO - Checkpoint /mnt/users/rwl/MATS/results/main/MATS-Full-ETTm1-96/291ccb45ceb896987e4d4e6d16ed2bac/MATSArch_082.pt saved
2026-03-10 09:12:26,243 - BasicTS-training - INFO - The estimated training finish time is 2026-03-10 09:47:08
2026-03-10 09:12:26,243 - BasicTS-training - INFO - Epoch 83 / 100
2026-03-10 09:13:54,071 - BasicTS-training - INFO - Result <train>: [train/time: 87.83 (s), train/lr: 3.89e-05, train/loss: 0.3727, train/MAE: 0.3727, train/MSE: 0.3282, train/RMSE: 0.5729, train/MAPE: 2.0587, train/WAPE: 0.6449]
2026-03-10 09:13:54,987 - BasicTS-training - INFO - Start validation.
2026-03-10 09:14:03,153 - BasicTS-training - INFO - Result <val>: [val/time: 8.16 (s), val/loss: 0.4237, val/MAE: 0.4237, val/MSE: 0.4368, val/RMSE: 0.6609, val/MAPE: 1.9834, val/WAPE: 0.6396]
2026-03-10 09:14:13,200 - BasicTS-training - INFO - Result <test>: [test/time: 9.18 (s), test/loss: 0.3646, test/MAE: 0.3646, test/MSE: 0.3555, test/RMSE: 0.5963, test/MAPE: 2.1185, test/WAPE: 0.5578]
2026-03-10 09:14:14,634 - BasicTS-training - INFO - Checkpoint /mnt/users/rwl/MATS/results/main/MATS-Full-ETTm1-96/291ccb45ceb896987e4d4e6d16ed2bac/MATSArch_083.pt saved
2026-03-10 09:14:14,634 - BasicTS-training - INFO - The estimated training finish time is 2026-03-10 09:46:59
2026-03-10 09:14:14,634 - BasicTS-training - INFO - Epoch 84 / 100
2026-03-10 09:15:44,959 - BasicTS-training - INFO - Result <train>: [train/time: 90.33 (s), train/lr: 3.48e-05, train/loss: 0.3727, train/MAE: 0.3727, train/MSE: 0.3284, train/RMSE: 0.5730, train/MAPE: 2.0570, train/WAPE: 0.6450]
2026-03-10 09:15:46,471 - BasicTS-training - INFO - Start validation.
2026-03-10 09:15:55,709 - BasicTS-training - INFO - Result <val>: [val/time: 9.24 (s), val/loss: 0.4239, val/MAE: 0.4239, val/MSE: 0.4380, val/RMSE: 0.6618, val/MAPE: 1.9562, val/WAPE: 0.6377]
2026-03-10 09:16:05,303 - BasicTS-training - INFO - Result <test>: [test/time: 8.22 (s), test/loss: 0.3641, test/MAE: 0.3641, test/MSE: 0.3590, test/RMSE: 0.5991, test/MAPE: 2.0296, test/WAPE: 0.5534]
2026-03-10 09:16:07,457 - BasicTS-training - INFO - Checkpoint /mnt/users/rwl/MATS/results/main/MATS-Full-ETTm1-96/291ccb45ceb896987e4d4e6d16ed2bac/MATSArch_084.pt saved
2026-03-10 09:16:07,457 - BasicTS-training - INFO - The estimated training finish time is 2026-03-10 09:46:56
2026-03-10 09:16:07,457 - BasicTS-training - INFO - Epoch 85 / 100
2026-03-10 09:17:29,731 - BasicTS-training - INFO - Result <train>: [train/time: 82.27 (s), train/lr: 3.09e-05, train/loss: 0.3727, train/MAE: 0.3727, train/MSE: 0.3284, train/RMSE: 0.5731, train/MAPE: 2.0566, train/WAPE: 0.6449]
2026-03-10 09:17:31,065 - BasicTS-training - INFO - Start validation.
2026-03-10 09:17:38,336 - BasicTS-training - INFO - Result <val>: [val/time: 7.27 (s), val/loss: 0.4235, val/MAE: 0.4235, val/MSE: 0.4367, val/RMSE: 0.6608, val/MAPE: 1.9866, val/WAPE: 0.6393]
2026-03-10 09:17:47,494 - BasicTS-training - INFO - Result <test>: [test/time: 8.29 (s), test/loss: 0.3641, test/MAE: 0.3641, test/MSE: 0.3554, test/RMSE: 0.5961, test/MAPE: 2.1095, test/WAPE: 0.5558]
2026-03-10 09:17:50,122 - BasicTS-training - INFO - Checkpoint /mnt/users/rwl/MATS/results/main/MATS-Full-ETTm1-96/291ccb45ceb896987e4d4e6d16ed2bac/MATSArch_085.pt saved
2026-03-10 09:17:50,122 - BasicTS-training - INFO - The estimated training finish time is 2026-03-10 09:46:40
2026-03-10 09:17:50,122 - BasicTS-training - INFO - Epoch 86 / 100
2026-03-10 09:19:17,740 - BasicTS-training - INFO - Result <train>: [train/time: 87.62 (s), train/lr: 2.72e-05, train/loss: 0.3726, train/MAE: 0.3726, train/MSE: 0.3283, train/RMSE: 0.5730, train/MAPE: 2.0561, train/WAPE: 0.6449]
2026-03-10 09:19:19,050 - BasicTS-training - INFO - Start validation.
2026-03-10 09:19:28,337 - BasicTS-training - INFO - Result <val>: [val/time: 9.29 (s), val/loss: 0.4248, val/MAE: 0.4248, val/MSE: 0.4380, val/RMSE: 0.6618, val/MAPE: 1.9920, val/WAPE: 0.6402]
2026-03-10 09:19:37,741 - BasicTS-training - INFO - Result <test>: [test/time: 8.53 (s), test/loss: 0.3657, test/MAE: 0.3657, test/MSE: 0.3575, test/RMSE: 0.5979, test/MAPE: 2.0977, test/WAPE: 0.5586]
2026-03-10 09:19:39,367 - BasicTS-training - INFO - Checkpoint /mnt/users/rwl/MATS/results/main/MATS-Full-ETTm1-96/291ccb45ceb896987e4d4e6d16ed2bac/MATSArch_086.pt saved
2026-03-10 09:19:39,368 - BasicTS-training - INFO - The estimated training finish time is 2026-03-10 09:46:33
2026-03-10 09:19:39,368 - BasicTS-training - INFO - Epoch 87 / 100
2026-03-10 09:21:11,117 - BasicTS-training - INFO - Result <train>: [train/time: 91.75 (s), train/lr: 2.38e-05, train/loss: 0.3727, train/MAE: 0.3727, train/MSE: 0.3283, train/RMSE: 0.5730, train/MAPE: 2.0587, train/WAPE: 0.6449]
2026-03-10 09:21:12,383 - BasicTS-training - INFO - Start validation.
2026-03-10 09:21:19,889 - BasicTS-training - INFO - Result <val>: [val/time: 7.51 (s), val/loss: 0.4242, val/MAE: 0.4242, val/MSE: 0.4381, val/RMSE: 0.6619, val/MAPE: 2.0049, val/WAPE: 0.6416]
2026-03-10 09:21:29,268 - BasicTS-training - INFO - Result <test>: [test/time: 8.53 (s), test/loss: 0.3653, test/MAE: 0.3653, test/MSE: 0.3560, test/RMSE: 0.5967, test/MAPE: 2.1447, test/WAPE: 0.5596]
2026-03-10 09:21:32,005 - BasicTS-training - INFO - Checkpoint /mnt/users/rwl/MATS/results/main/MATS-Full-ETTm1-96/291ccb45ceb896987e4d4e6d16ed2bac/MATSArch_087.pt saved
2026-03-10 09:21:32,006 - BasicTS-training - INFO - The estimated training finish time is 2026-03-10 09:46:30
2026-03-10 09:21:32,006 - BasicTS-training - INFO - Epoch 88 / 100
2026-03-10 09:22:59,122 - BasicTS-training - INFO - Result <train>: [train/time: 87.12 (s), train/lr: 2.06e-05, train/loss: 0.3727, train/MAE: 0.3727, train/MSE: 0.3283, train/RMSE: 0.5730, train/MAPE: 2.0558, train/WAPE: 0.6449]
2026-03-10 09:23:00,189 - BasicTS-training - INFO - Start validation.
2026-03-10 09:23:08,859 - BasicTS-training - INFO - Result <val>: [val/time: 8.67 (s), val/loss: 0.4245, val/MAE: 0.4245, val/MSE: 0.4372, val/RMSE: 0.6612, val/MAPE: 1.9677, val/WAPE: 0.6387]
2026-03-10 09:23:17,883 - BasicTS-training - INFO - Result <test>: [test/time: 8.08 (s), test/loss: 0.3645, test/MAE: 0.3645, test/MSE: 0.3568, test/RMSE: 0.5973, test/MAPE: 2.0590, test/WAPE: 0.5544]
2026-03-10 09:23:19,755 - BasicTS-training - INFO - Checkpoint /mnt/users/rwl/MATS/results/main/MATS-Full-ETTm1-96/291ccb45ceb896987e4d4e6d16ed2bac/MATSArch_088.pt saved
2026-03-10 09:23:19,755 - BasicTS-training - INFO - The estimated training finish time is 2026-03-10 09:46:22
2026-03-10 09:23:19,755 - BasicTS-training - INFO - Epoch 89 / 100
2026-03-10 09:24:51,281 - BasicTS-training - INFO - Result <train>: [train/time: 91.53 (s), train/lr: 1.76e-05, train/loss: 0.3726, train/MAE: 0.3726, train/MSE: 0.3284, train/RMSE: 0.5731, train/MAPE: 2.0566, train/WAPE: 0.6448]
2026-03-10 09:24:53,011 - BasicTS-training - INFO - Start validation.
2026-03-10 09:25:01,085 - BasicTS-training - INFO - Result <val>: [val/time: 8.07 (s), val/loss: 0.4231, val/MAE: 0.4231, val/MSE: 0.4360, val/RMSE: 0.6603, val/MAPE: 1.9859, val/WAPE: 0.6394]
2026-03-10 09:25:10,173 - BasicTS-training - INFO - Result <test>: [test/time: 7.96 (s), test/loss: 0.3639, test/MAE: 0.3639, test/MSE: 0.3537, test/RMSE: 0.5947, test/MAPE: 2.1382, test/WAPE: 0.5557]
2026-03-10 09:25:12,117 - BasicTS-training - INFO - Checkpoint /mnt/users/rwl/MATS/results/main/MATS-Full-ETTm1-96/291ccb45ceb896987e4d4e6d16ed2bac/MATSArch_089.pt saved
2026-03-10 09:25:12,118 - BasicTS-training - INFO - The estimated training finish time is 2026-03-10 09:46:18
2026-03-10 09:25:12,118 - BasicTS-training - INFO - Epoch 90 / 100
2026-03-10 09:26:46,221 - BasicTS-training - INFO - Result <train>: [train/time: 94.10 (s), train/lr: 1.48e-05, train/loss: 0.3726, train/MAE: 0.3726, train/MSE: 0.3281, train/RMSE: 0.5728, train/MAPE: 2.0573, train/WAPE: 0.6449]
2026-03-10 09:26:47,233 - BasicTS-training - INFO - Start validation.
2026-03-10 09:26:55,258 - BasicTS-training - INFO - Result <val>: [val/time: 8.02 (s), val/loss: 0.4238, val/MAE: 0.4238, val/MSE: 0.4381, val/RMSE: 0.6619, val/MAPE: 2.0130, val/WAPE: 0.6421]
2026-03-10 09:27:04,456 - BasicTS-training - INFO - Result <test>: [test/time: 7.89 (s), test/loss: 0.3650, test/MAE: 0.3650, test/MSE: 0.3550, test/RMSE: 0.5958, test/MAPE: 2.1753, test/WAPE: 0.5601]
2026-03-10 09:27:06,495 - BasicTS-training - INFO - Checkpoint /mnt/users/rwl/MATS/results/main/MATS-Full-ETTm1-96/291ccb45ceb896987e4d4e6d16ed2bac/MATSArch_090.pt saved
2026-03-10 09:27:07,465 - BasicTS-training - INFO - The estimated training finish time is 2026-03-10 09:46:19
2026-03-10 09:27:07,465 - BasicTS-training - INFO - Epoch 91 / 100
2026-03-10 09:28:39,523 - BasicTS-training - INFO - Result <train>: [train/time: 92.06 (s), train/lr: 1.22e-05, train/loss: 0.3725, train/MAE: 0.3725, train/MSE: 0.3281, train/RMSE: 0.5728, train/MAPE: 2.0569, train/WAPE: 0.6447]
2026-03-10 09:28:40,747 - BasicTS-training - INFO - Start validation.
2026-03-10 09:28:49,778 - BasicTS-training - INFO - Result <val>: [val/time: 9.03 (s), val/loss: 0.4242, val/MAE: 0.4242, val/MSE: 0.4377, val/RMSE: 0.6616, val/MAPE: 2.0088, val/WAPE: 0.6419]
2026-03-10 09:29:01,109 - BasicTS-training - INFO - Result <test>: [test/time: 10.17 (s), test/loss: 0.3649, test/MAE: 0.3649, test/MSE: 0.3544, test/RMSE: 0.5953, test/MAPE: 2.1653, test/WAPE: 0.5594]
2026-03-10 09:29:04,311 - BasicTS-training - INFO - Checkpoint /mnt/users/rwl/MATS/results/main/MATS-Full-ETTm1-96/291ccb45ceb896987e4d4e6d16ed2bac/MATSArch_091.pt saved
2026-03-10 09:29:04,311 - BasicTS-training - INFO - The estimated training finish time is 2026-03-10 09:46:20
2026-03-10 09:29:04,311 - BasicTS-training - INFO - Epoch 92 / 100
2026-03-10 09:30:34,619 - BasicTS-training - INFO - Result <train>: [train/time: 90.31 (s), train/lr: 9.93e-06, train/loss: 0.3726, train/MAE: 0.3726, train/MSE: 0.3282, train/RMSE: 0.5729, train/MAPE: 2.0559, train/WAPE: 0.6448]
2026-03-10 09:30:35,974 - BasicTS-training - INFO - Start validation.
2026-03-10 09:30:45,628 - BasicTS-training - INFO - Result <val>: [val/time: 9.65 (s), val/loss: 0.4233, val/MAE: 0.4233, val/MSE: 0.4369, val/RMSE: 0.6610, val/MAPE: 1.9937, val/WAPE: 0.6398]
2026-03-10 09:30:54,666 - BasicTS-training - INFO - Result <test>: [test/time: 8.35 (s), test/loss: 0.3645, test/MAE: 0.3645, test/MSE: 0.3557, test/RMSE: 0.5964, test/MAPE: 2.1303, test/WAPE: 0.5574]
2026-03-10 09:30:56,805 - BasicTS-training - INFO - Checkpoint /mnt/users/rwl/MATS/results/main/MATS-Full-ETTm1-96/291ccb45ceb896987e4d4e6d16ed2bac/MATSArch_092.pt saved
2026-03-10 09:30:56,806 - BasicTS-training - INFO - The estimated training finish time is 2026-03-10 09:46:18
2026-03-10 09:30:56,806 - BasicTS-training - INFO - Epoch 93 / 100
2026-03-10 09:32:28,983 - BasicTS-training - INFO - Result <train>: [train/time: 92.18 (s), train/lr: 7.85e-06, train/loss: 0.3725, train/MAE: 0.3725, train/MSE: 0.3282, train/RMSE: 0.5729, train/MAPE: 2.0575, train/WAPE: 0.6448]
2026-03-10 09:32:30,185 - BasicTS-training - INFO - Start validation.
2026-03-10 09:32:37,947 - BasicTS-training - INFO - Result <val>: [val/time: 7.76 (s), val/loss: 0.4236, val/MAE: 0.4236, val/MSE: 0.4375, val/RMSE: 0.6614, val/MAPE: 1.9900, val/WAPE: 0.6399]
2026-03-10 09:32:47,578 - BasicTS-training - INFO - Result <test>: [test/time: 8.67 (s), test/loss: 0.3643, test/MAE: 0.3643, test/MSE: 0.3559, test/RMSE: 0.5966, test/MAPE: 2.1025, test/WAPE: 0.5567]
2026-03-10 09:32:49,518 - BasicTS-training - INFO - Checkpoint /mnt/users/rwl/MATS/results/main/MATS-Full-ETTm1-96/291ccb45ceb896987e4d4e6d16ed2bac/MATSArch_093.pt saved
2026-03-10 09:32:49,518 - BasicTS-training - INFO - The estimated training finish time is 2026-03-10 09:46:15
2026-03-10 09:32:49,519 - BasicTS-training - INFO - Epoch 94 / 100
2026-03-10 09:34:22,268 - BasicTS-training - INFO - Result <train>: [train/time: 92.75 (s), train/lr: 6.02e-06, train/loss: 0.3725, train/MAE: 0.3725, train/MSE: 0.3283, train/RMSE: 0.5730, train/MAPE: 2.0562, train/WAPE: 0.6448]
2026-03-10 09:34:23,525 - BasicTS-training - INFO - Start validation.
2026-03-10 09:34:32,167 - BasicTS-training - INFO - Result <val>: [val/time: 8.64 (s), val/loss: 0.4235, val/MAE: 0.4235, val/MSE: 0.4369, val/RMSE: 0.6610, val/MAPE: 1.9844, val/WAPE: 0.6395]
2026-03-10 09:34:41,740 - BasicTS-training - INFO - Result <test>: [test/time: 8.52 (s), test/loss: 0.3643, test/MAE: 0.3643, test/MSE: 0.3556, test/RMSE: 0.5963, test/MAPE: 2.1077, test/WAPE: 0.5567]
2026-03-10 09:34:43,977 - BasicTS-training - INFO - Checkpoint /mnt/users/rwl/MATS/results/main/MATS-Full-ETTm1-96/291ccb45ceb896987e4d4e6d16ed2bac/MATSArch_094.pt saved
2026-03-10 09:34:43,978 - BasicTS-training - INFO - The estimated training finish time is 2026-03-10 09:46:14
2026-03-10 09:34:43,978 - BasicTS-training - INFO - Epoch 95 / 100
2026-03-10 09:36:16,563 - BasicTS-training - INFO - Result <train>: [train/time: 92.59 (s), train/lr: 4.43e-06, train/loss: 0.3724, train/MAE: 0.3724, train/MSE: 0.3279, train/RMSE: 0.5726, train/MAPE: 2.0563, train/WAPE: 0.6446]
2026-03-10 09:36:17,623 - BasicTS-training - INFO - Start validation.
2026-03-10 09:36:26,545 - BasicTS-training - INFO - Result <val>: [val/time: 8.92 (s), val/loss: 0.4229, val/MAE: 0.4229, val/MSE: 0.4365, val/RMSE: 0.6607, val/MAPE: 1.9812, val/WAPE: 0.6388]
2026-03-10 09:36:35,295 - BasicTS-training - INFO - Result <test>: [test/time: 8.09 (s), test/loss: 0.3637, test/MAE: 0.3637, test/MSE: 0.3551, test/RMSE: 0.5959, test/MAPE: 2.1113, test/WAPE: 0.5553]
2026-03-10 09:36:38,050 - BasicTS-training - INFO - Checkpoint /mnt/users/rwl/MATS/results/main/MATS-Full-ETTm1-96/291ccb45ceb896987e4d4e6d16ed2bac/MATSArch_095.pt saved
2026-03-10 09:36:38,051 - BasicTS-training - INFO - The estimated training finish time is 2026-03-10 09:46:13
2026-03-10 09:36:38,051 - BasicTS-training - INFO - Epoch 96 / 100
2026-03-10 09:38:04,882 - BasicTS-training - INFO - Result <train>: [train/time: 86.83 (s), train/lr: 3.08e-06, train/loss: 0.3725, train/MAE: 0.3725, train/MSE: 0.3282, train/RMSE: 0.5729, train/MAPE: 2.0553, train/WAPE: 0.6446]
2026-03-10 09:38:06,086 - BasicTS-training - INFO - Start validation.
2026-03-10 09:38:13,717 - BasicTS-training - INFO - Result <val>: [val/time: 7.63 (s), val/loss: 0.4231, val/MAE: 0.4231, val/MSE: 0.4370, val/RMSE: 0.6610, val/MAPE: 1.9870, val/WAPE: 0.6392]
2026-03-10 09:38:23,708 - BasicTS-training - INFO - Result <test>: [test/time: 8.93 (s), test/loss: 0.3638, test/MAE: 0.3638, test/MSE: 0.3556, test/RMSE: 0.5964, test/MAPE: 2.1067, test/WAPE: 0.5559]
2026-03-10 09:38:26,361 - BasicTS-training - INFO - Checkpoint /mnt/users/rwl/MATS/results/main/MATS-Full-ETTm1-96/291ccb45ceb896987e4d4e6d16ed2bac/MATSArch_096.pt saved
2026-03-10 09:38:26,362 - BasicTS-training - INFO - The estimated training finish time is 2026-03-10 09:46:06
2026-03-10 09:38:26,362 - BasicTS-training - INFO - Epoch 97 / 100
2026-03-10 09:39:51,361 - BasicTS-training - INFO - Result <train>: [train/time: 85.00 (s), train/lr: 1.97e-06, train/loss: 0.3724, train/MAE: 0.3724, train/MSE: 0.3280, train/RMSE: 0.5727, train/MAPE: 2.0565, train/WAPE: 0.6447]
2026-03-10 09:39:53,280 - BasicTS-training - INFO - Start validation.
2026-03-10 09:40:01,894 - BasicTS-training - INFO - Result <val>: [val/time: 8.61 (s), val/loss: 0.4233, val/MAE: 0.4233, val/MSE: 0.4371, val/RMSE: 0.6611, val/MAPE: 1.9819, val/WAPE: 0.6390]
2026-03-10 09:40:10,403 - BasicTS-training - INFO - Result <test>: [test/time: 7.44 (s), test/loss: 0.3640, test/MAE: 0.3640, test/MSE: 0.3562, test/RMSE: 0.5968, test/MAPE: 2.0907, test/WAPE: 0.5556]
2026-03-10 09:40:11,862 - BasicTS-training - INFO - Checkpoint /mnt/users/rwl/MATS/results/main/MATS-Full-ETTm1-96/291ccb45ceb896987e4d4e6d16ed2bac/MATSArch_097.pt saved
2026-03-10 09:40:11,863 - BasicTS-training - INFO - The estimated training finish time is 2026-03-10 09:45:56
2026-03-10 09:40:11,863 - BasicTS-training - INFO - Epoch 98 / 100
2026-03-10 09:41:44,957 - BasicTS-training - INFO - Result <train>: [train/time: 93.09 (s), train/lr: 1.11e-06, train/loss: 0.3724, train/MAE: 0.3724, train/MSE: 0.3279, train/RMSE: 0.5727, train/MAPE: 2.0554, train/WAPE: 0.6445]
2026-03-10 09:41:46,089 - BasicTS-training - INFO - Start validation.
2026-03-10 09:41:55,385 - BasicTS-training - INFO - Result <val>: [val/time: 9.29 (s), val/loss: 0.4232, val/MAE: 0.4232, val/MSE: 0.4368, val/RMSE: 0.6609, val/MAPE: 1.9802, val/WAPE: 0.6387]
2026-03-10 09:42:04,238 - BasicTS-training - INFO - Result <test>: [test/time: 7.44 (s), test/loss: 0.3638, test/MAE: 0.3638, test/MSE: 0.3560, test/RMSE: 0.5967, test/MAPE: 2.0929, test/WAPE: 0.5554]
2026-03-10 09:42:06,565 - BasicTS-training - INFO - Checkpoint /mnt/users/rwl/MATS/results/main/MATS-Full-ETTm1-96/291ccb45ceb896987e4d4e6d16ed2bac/MATSArch_098.pt saved
2026-03-10 09:42:06,565 - BasicTS-training - INFO - The estimated training finish time is 2026-03-10 09:45:56
2026-03-10 09:42:06,565 - BasicTS-training - INFO - Epoch 99 / 100
2026-03-10 09:43:29,642 - BasicTS-training - INFO - Result <train>: [train/time: 83.08 (s), train/lr: 4.93e-07, train/loss: 0.3724, train/MAE: 0.3724, train/MSE: 0.3280, train/RMSE: 0.5727, train/MAPE: 2.0562, train/WAPE: 0.6446]
2026-03-10 09:43:30,539 - BasicTS-training - INFO - Start validation.
2026-03-10 09:43:38,642 - BasicTS-training - INFO - Result <val>: [val/time: 8.10 (s), val/loss: 0.4233, val/MAE: 0.4233, val/MSE: 0.4368, val/RMSE: 0.6609, val/MAPE: 1.9796, val/WAPE: 0.6387]
2026-03-10 09:43:47,179 - BasicTS-training - INFO - Result <test>: [test/time: 7.09 (s), test/loss: 0.3639, test/MAE: 0.3639, test/MSE: 0.3560, test/RMSE: 0.5966, test/MAPE: 2.0914, test/WAPE: 0.5553]
2026-03-10 09:43:49,648 - BasicTS-training - INFO - Checkpoint /mnt/users/rwl/MATS/results/main/MATS-Full-ETTm1-96/291ccb45ceb896987e4d4e6d16ed2bac/MATSArch_099.pt saved
2026-03-10 09:43:49,649 - BasicTS-training - INFO - The estimated training finish time is 2026-03-10 09:45:44
2026-03-10 09:43:49,649 - BasicTS-training - INFO - Epoch 100 / 100
2026-03-10 09:45:09,027 - BasicTS-training - INFO - Result <train>: [train/time: 79.38 (s), train/lr: 1.23e-07, train/loss: 0.3724, train/MAE: 0.3724, train/MSE: 0.3282, train/RMSE: 0.5729, train/MAPE: 2.0536, train/WAPE: 0.6445]
2026-03-10 09:45:10,558 - BasicTS-training - INFO - Start validation.
2026-03-10 09:45:18,083 - BasicTS-training - INFO - Result <val>: [val/time: 7.52 (s), val/loss: 0.4232, val/MAE: 0.4232, val/MSE: 0.4366, val/RMSE: 0.6608, val/MAPE: 1.9819, val/WAPE: 0.6389]
2026-03-10 09:45:26,544 - BasicTS-training - INFO - Result <test>: [test/time: 7.59 (s), test/loss: 0.3639, test/MAE: 0.3639, test/MSE: 0.3555, test/RMSE: 0.5962, test/MAPE: 2.1027, test/WAPE: 0.5556]
2026-03-10 09:45:29,562 - BasicTS-training - INFO - Checkpoint /mnt/users/rwl/MATS/results/main/MATS-Full-ETTm1-96/291ccb45ceb896987e4d4e6d16ed2bac/MATSArch_100.pt saved
2026-03-10 09:45:30,350 - BasicTS-training - INFO - The training finished at 2026-03-10 09:45:30
2026-03-10 09:45:30,355 - BasicTS-training - INFO - Evaluating the best model on the test set.
2026-03-10 09:45:30,355 - BasicTS-training - INFO - Loading Checkpoint from '/mnt/users/rwl/MATS/results/main/MATS-Full-ETTm1-96/291ccb45ceb896987e4d4e6d16ed2bac/MATSArch_best_val_MAE.pt'
2026-03-10 09:45:55,872 - BasicTS-training - INFO - Result <test>: [test/time: 24.90 (s), test/loss: 0.3655, test/MAE: 0.3655, test/MSE: 0.3595, test/RMSE: 0.5996, test/MAPE: 2.0782, test/WAPE: 0.5570]
2026-03-10 09:45:55,909 - BasicTS-training - INFO - Test metrics saved to /mnt/users/rwl/MATS/results/main/MATS-Full-ETTm1-96/291ccb45ceb896987e4d4e6d16ed2bac/test_metrics.json.
