2026-03-10 06:33:47,058 - BasicTS-launcher - INFO - Launching BasicTS training.
2026-03-10 06:33:47,219 - easytorch-env - INFO - Use devices 0.
2026-03-10 06:33:47,352 - easytorch-env - INFO - Disable TF32 mode
2026-03-10 06:33:47,775 - BasicTS - INFO - Building model.
/mnt/users/rwl/MATS/src/models/experts.py:491: UserWarning: enable_nested_tensor is True, but self.use_nested_tensor is False because encoder_layer.norm_first was True
  self.transformer = nn.TransformerEncoder(
2026-03-10 06:33:51,610 - BasicTS - INFO - Set ckpt save dir: "/mnt/users/rwl/MATS/results/main/MATS-Full-ETTm1-720/900d7ca85bca4c2ead552194e8afc410"
2026-03-10 06:33:51,811 - BasicTS-training - INFO - Initializing training.
2026-03-10 06:33:51,811 - BasicTS-training - INFO - Building train data loader.
2026-03-10 06:34:21,689 - BasicTS-training - INFO - Set optim: Adam
2026-03-10 06:34:21,689 - BasicTS-training - INFO - Set lr_scheduler: CosineAnnealingLR
2026-03-10 06:34:21,689 - BasicTS-training - INFO - Building val data loader.
2026-03-10 06:34:21,691 - BasicTS-training - INFO - Building test data loader.
2026-03-10 06:34:21,694 - BasicTS-training - INFO - Total parameters: 10292271
2026-03-10 06:34:21,694 - BasicTS-training - INFO - Trainable parameters: 10292271
2026-03-10 06:34:21,694 - BasicTS-training - INFO - Epoch 1 / 100
2026-03-10 06:42:00,484 - BasicTS-training - INFO - Result <train>: [train/time: 458.79 (s), train/lr: 5.00e-04, train/loss: 0.4954, train/MAE: 0.4954, train/MSE: 0.5081, train/RMSE: 0.7128, train/MAPE: 2.8313, train/WAPE: 0.7691]
2026-03-10 06:42:02,003 - BasicTS-training - INFO - Start validation.
2026-03-10 06:44:09,673 - BasicTS-training - INFO - Result <val>: [val/time: 127.67 (s), val/loss: 0.6983, val/MAE: 0.6983, val/MSE: 1.0771, val/RMSE: 1.0378, val/MAPE: 2.9622, val/WAPE: 0.8714]
2026-03-10 06:44:12,258 - BasicTS-training - INFO - Checkpoint /mnt/users/rwl/MATS/results/main/MATS-Full-ETTm1-720/900d7ca85bca4c2ead552194e8afc410/MATSArch_best_val_MAE.pt saved
2026-03-10 06:46:19,482 - BasicTS-training - INFO - Result <test>: [test/time: 127.22 (s), test/loss: 0.4808, test/MAE: 0.4808, test/MSE: 0.5276, test/RMSE: 0.7264, test/MAPE: 2.5460, test/WAPE: 0.6906]
2026-03-10 06:46:21,710 - BasicTS-training - INFO - Checkpoint /mnt/users/rwl/MATS/results/main/MATS-Full-ETTm1-720/900d7ca85bca4c2ead552194e8afc410/MATSArch_001.pt saved
2026-03-10 06:46:21,711 - BasicTS-training - INFO - The estimated training finish time is 2026-03-11 02:33:15
2026-03-10 06:46:21,711 - BasicTS-training - INFO - Epoch 2 / 100
2026-03-10 06:53:53,941 - BasicTS-training - INFO - Result <train>: [train/time: 452.23 (s), train/lr: 5.00e-04, train/loss: 0.4997, train/MAE: 0.4997, train/MSE: 0.5111, train/RMSE: 0.7149, train/MAPE: 2.8198, train/WAPE: 0.7760]
2026-03-10 06:53:55,256 - BasicTS-training - INFO - Start validation.
2026-03-10 06:56:02,364 - BasicTS-training - INFO - Result <val>: [val/time: 127.11 (s), val/loss: 0.7021, val/MAE: 0.7021, val/MSE: 1.0876, val/RMSE: 1.0429, val/MAPE: 3.1279, val/WAPE: 0.8811]
2026-03-10 06:58:13,369 - BasicTS-training - INFO - Result <test>: [test/time: 129.39 (s), test/loss: 0.4851, test/MAE: 0.4851, test/MSE: 0.5306, test/RMSE: 0.7284, test/MAPE: 2.6788, test/WAPE: 0.6970]
2026-03-10 06:58:15,917 - BasicTS-training - INFO - Checkpoint /mnt/users/rwl/MATS/results/main/MATS-Full-ETTm1-720/900d7ca85bca4c2ead552194e8afc410/MATSArch_002.pt saved
2026-03-10 06:58:15,917 - BasicTS-training - INFO - The estimated training finish time is 2026-03-11 02:28:58
2026-03-10 06:58:15,917 - BasicTS-training - INFO - Epoch 3 / 100
2026-03-10 07:05:47,717 - BasicTS-training - INFO - Result <train>: [train/time: 451.80 (s), train/lr: 5.00e-04, train/loss: 0.5001, train/MAE: 0.5001, train/MSE: 0.5119, train/RMSE: 0.7154, train/MAPE: 2.8320, train/WAPE: 0.7767]
2026-03-10 07:05:49,100 - BasicTS-training - INFO - Start validation.
2026-03-10 07:07:55,501 - BasicTS-training - INFO - Result <val>: [val/time: 126.40 (s), val/loss: 0.7045, val/MAE: 0.7045, val/MSE: 1.0923, val/RMSE: 1.0451, val/MAPE: 3.0176, val/WAPE: 0.8803]
2026-03-10 07:10:05,581 - BasicTS-training - INFO - Result <test>: [test/time: 128.69 (s), test/loss: 0.4840, test/MAE: 0.4840, test/MSE: 0.5342, test/RMSE: 0.7309, test/MAPE: 2.6164, test/WAPE: 0.6950]
2026-03-10 07:10:08,282 - BasicTS-training - INFO - Checkpoint /mnt/users/rwl/MATS/results/main/MATS-Full-ETTm1-720/900d7ca85bca4c2ead552194e8afc410/MATSArch_003.pt saved
2026-03-10 07:10:08,282 - BasicTS-training - INFO - The estimated training finish time is 2026-03-11 02:26:32
2026-03-10 07:10:08,282 - BasicTS-training - INFO - Epoch 4 / 100
2026-03-10 07:17:43,923 - BasicTS-training - INFO - Result <train>: [train/time: 455.64 (s), train/lr: 4.99e-04, train/loss: 0.4999, train/MAE: 0.4999, train/MSE: 0.5120, train/RMSE: 0.7155, train/MAPE: 2.8344, train/WAPE: 0.7765]
2026-03-10 07:17:45,272 - BasicTS-training - INFO - Start validation.
2026-03-10 07:19:54,872 - BasicTS-training - INFO - Result <val>: [val/time: 129.60 (s), val/loss: 0.6990, val/MAE: 0.6990, val/MSE: 1.0836, val/RMSE: 1.0410, val/MAPE: 2.9935, val/WAPE: 0.8754]
2026-03-10 07:22:06,741 - BasicTS-training - INFO - Result <test>: [test/time: 130.59 (s), test/loss: 0.4806, test/MAE: 0.4806, test/MSE: 0.5287, test/RMSE: 0.7271, test/MAPE: 2.6416, test/WAPE: 0.6915]
2026-03-10 07:22:09,494 - BasicTS-training - INFO - Checkpoint /mnt/users/rwl/MATS/results/main/MATS-Full-ETTm1-720/900d7ca85bca4c2ead552194e8afc410/MATSArch_004.pt saved
2026-03-10 07:22:09,494 - BasicTS-training - INFO - The estimated training finish time is 2026-03-11 02:28:59
2026-03-10 07:22:09,494 - BasicTS-training - INFO - Epoch 5 / 100
2026-03-10 07:29:40,195 - BasicTS-training - INFO - Result <train>: [train/time: 450.70 (s), train/lr: 4.98e-04, train/loss: 0.4997, train/MAE: 0.4997, train/MSE: 0.5116, train/RMSE: 0.7153, train/MAPE: 2.8319, train/WAPE: 0.7763]
2026-03-10 07:29:40,925 - BasicTS-training - INFO - Start validation.
2026-03-10 07:31:48,516 - BasicTS-training - INFO - Result <val>: [val/time: 127.59 (s), val/loss: 0.7026, val/MAE: 0.7026, val/MSE: 1.0886, val/RMSE: 1.0434, val/MAPE: 3.1242, val/WAPE: 0.8810]
2026-03-10 07:33:58,358 - BasicTS-training - INFO - Result <test>: [test/time: 128.73 (s), test/loss: 0.4826, test/MAE: 0.4826, test/MSE: 0.5291, test/RMSE: 0.7274, test/MAPE: 2.6751, test/WAPE: 0.6945]
2026-03-10 07:34:00,779 - BasicTS-training - INFO - Checkpoint /mnt/users/rwl/MATS/results/main/MATS-Full-ETTm1-720/900d7ca85bca4c2ead552194e8afc410/MATSArch_005.pt saved
2026-03-10 07:34:00,779 - BasicTS-training - INFO - The estimated training finish time is 2026-03-11 02:27:09
2026-03-10 07:34:00,779 - BasicTS-training - INFO - Epoch 6 / 100
2026-03-10 07:41:37,255 - BasicTS-training - INFO - Result <train>: [train/time: 456.48 (s), train/lr: 4.97e-04, train/loss: 0.4996, train/MAE: 0.4996, train/MSE: 0.5115, train/RMSE: 0.7152, train/MAPE: 2.8318, train/WAPE: 0.7760]
2026-03-10 07:41:38,301 - BasicTS-training - INFO - Start validation.
2026-03-10 07:43:43,556 - BasicTS-training - INFO - Result <val>: [val/time: 125.25 (s), val/loss: 0.7000, val/MAE: 0.7000, val/MSE: 1.0873, val/RMSE: 1.0427, val/MAPE: 3.0578, val/WAPE: 0.8787]
2026-03-10 07:45:51,997 - BasicTS-training - INFO - Result <test>: [test/time: 127.13 (s), test/loss: 0.4824, test/MAE: 0.4824, test/MSE: 0.5296, test/RMSE: 0.7277, test/MAPE: 2.6156, test/WAPE: 0.6928]
2026-03-10 07:45:55,326 - BasicTS-training - INFO - Checkpoint /mnt/users/rwl/MATS/results/main/MATS-Full-ETTm1-720/900d7ca85bca4c2ead552194e8afc410/MATSArch_006.pt saved
2026-03-10 07:45:55,327 - BasicTS-training - INFO - The estimated training finish time is 2026-03-11 02:26:50
2026-03-10 07:45:55,327 - BasicTS-training - INFO - Epoch 7 / 100
2026-03-10 07:53:25,204 - BasicTS-training - INFO - Result <train>: [train/time: 449.88 (s), train/lr: 4.96e-04, train/loss: 0.4995, train/MAE: 0.4995, train/MSE: 0.5114, train/RMSE: 0.7151, train/MAPE: 2.8311, train/WAPE: 0.7760]
2026-03-10 07:53:26,296 - BasicTS-training - INFO - Start validation.
2026-03-10 07:55:33,472 - BasicTS-training - INFO - Result <val>: [val/time: 127.17 (s), val/loss: 0.7011, val/MAE: 0.7011, val/MSE: 1.0874, val/RMSE: 1.0428, val/MAPE: 3.0766, val/WAPE: 0.8786]
2026-03-10 07:57:45,153 - BasicTS-training - INFO - Result <test>: [test/time: 130.87 (s), test/loss: 0.4806, test/MAE: 0.4806, test/MSE: 0.5284, test/RMSE: 0.7269, test/MAPE: 2.5772, test/WAPE: 0.6906]
2026-03-10 07:57:47,300 - BasicTS-training - INFO - Checkpoint /mnt/users/rwl/MATS/results/main/MATS-Full-ETTm1-720/900d7ca85bca4c2ead552194e8afc410/MATSArch_007.pt saved
2026-03-10 07:57:47,301 - BasicTS-training - INFO - The estimated training finish time is 2026-03-11 02:26:00
2026-03-10 07:57:47,301 - BasicTS-training - INFO - Epoch 8 / 100
2026-03-10 08:05:21,323 - BasicTS-training - INFO - Result <train>: [train/time: 454.02 (s), train/lr: 4.94e-04, train/loss: 0.4995, train/MAE: 0.4995, train/MSE: 0.5112, train/RMSE: 0.7150, train/MAPE: 2.8295, train/WAPE: 0.7760]
2026-03-10 08:05:22,552 - BasicTS-training - INFO - Start validation.
2026-03-10 08:07:28,211 - BasicTS-training - INFO - Result <val>: [val/time: 125.66 (s), val/loss: 0.7032, val/MAE: 0.7032, val/MSE: 1.0965, val/RMSE: 1.0471, val/MAPE: 3.0420, val/WAPE: 0.8842]
2026-03-10 08:09:38,917 - BasicTS-training - INFO - Result <test>: [test/time: 129.84 (s), test/loss: 0.4860, test/MAE: 0.4860, test/MSE: 0.5372, test/RMSE: 0.7329, test/MAPE: 2.6851, test/WAPE: 0.6996]
2026-03-10 08:09:41,098 - BasicTS-training - INFO - Checkpoint /mnt/users/rwl/MATS/results/main/MATS-Full-ETTm1-720/900d7ca85bca4c2ead552194e8afc410/MATSArch_008.pt saved
2026-03-10 08:09:41,098 - BasicTS-training - INFO - The estimated training finish time is 2026-03-11 02:25:45
2026-03-10 08:09:41,098 - BasicTS-training - INFO - Epoch 9 / 100
2026-03-10 08:17:18,918 - BasicTS-training - INFO - Result <train>: [train/time: 457.82 (s), train/lr: 4.92e-04, train/loss: 0.4994, train/MAE: 0.4994, train/MSE: 0.5112, train/RMSE: 0.7150, train/MAPE: 2.8305, train/WAPE: 0.7759]
2026-03-10 08:17:20,381 - BasicTS-training - INFO - Start validation.
2026-03-10 08:19:28,358 - BasicTS-training - INFO - Result <val>: [val/time: 127.98 (s), val/loss: 0.7013, val/MAE: 0.7013, val/MSE: 1.0925, val/RMSE: 1.0452, val/MAPE: 3.1226, val/WAPE: 0.8819]
2026-03-10 08:21:40,326 - BasicTS-training - INFO - Result <test>: [test/time: 130.52 (s), test/loss: 0.4846, test/MAE: 0.4846, test/MSE: 0.5359, test/RMSE: 0.7321, test/MAPE: 2.7198, test/WAPE: 0.6973]
2026-03-10 08:21:43,615 - BasicTS-training - INFO - Checkpoint /mnt/users/rwl/MATS/results/main/MATS-Full-ETTm1-720/900d7ca85bca4c2ead552194e8afc410/MATSArch_009.pt saved
2026-03-10 08:21:43,615 - BasicTS-training - INFO - The estimated training finish time is 2026-03-11 02:27:11
2026-03-10 08:21:43,615 - BasicTS-training - INFO - Epoch 10 / 100
2026-03-10 08:29:18,097 - BasicTS-training - INFO - Result <train>: [train/time: 454.48 (s), train/lr: 4.90e-04, train/loss: 0.4994, train/MAE: 0.4994, train/MSE: 0.5112, train/RMSE: 0.7150, train/MAPE: 2.8284, train/WAPE: 0.7758]
2026-03-10 08:29:19,252 - BasicTS-training - INFO - Start validation.
2026-03-10 08:31:24,932 - BasicTS-training - INFO - Result <val>: [val/time: 125.67 (s), val/loss: 0.6980, val/MAE: 0.6980, val/MSE: 1.0808, val/RMSE: 1.0396, val/MAPE: 3.0786, val/WAPE: 0.8759]
2026-03-10 08:31:27,302 - BasicTS-training - INFO - Checkpoint /mnt/users/rwl/MATS/results/main/MATS-Full-ETTm1-720/900d7ca85bca4c2ead552194e8afc410/MATSArch_best_val_MAE.pt saved
2026-03-10 08:33:35,981 - BasicTS-training - INFO - Result <test>: [test/time: 128.68 (s), test/loss: 0.4826, test/MAE: 0.4826, test/MSE: 0.5275, test/RMSE: 0.7263, test/MAPE: 2.7650, test/WAPE: 0.6959]
2026-03-10 08:33:38,622 - BasicTS-training - INFO - Checkpoint /mnt/users/rwl/MATS/results/main/MATS-Full-ETTm1-720/900d7ca85bca4c2ead552194e8afc410/MATSArch_010.pt saved
2026-03-10 08:33:39,961 - BasicTS-training - INFO - The estimated training finish time is 2026-03-11 02:27:17
2026-03-10 08:33:39,961 - BasicTS-training - INFO - Epoch 11 / 100
2026-03-10 08:41:14,004 - BasicTS-training - INFO - Result <train>: [train/time: 454.04 (s), train/lr: 4.88e-04, train/loss: 0.4995, train/MAE: 0.4995, train/MSE: 0.5112, train/RMSE: 0.7150, train/MAPE: 2.8300, train/WAPE: 0.7760]
2026-03-10 08:41:15,340 - BasicTS-training - INFO - Start validation.
2026-03-10 08:43:20,531 - BasicTS-training - INFO - Result <val>: [val/time: 125.19 (s), val/loss: 0.7017, val/MAE: 0.7017, val/MSE: 1.0900, val/RMSE: 1.0440, val/MAPE: 3.0918, val/WAPE: 0.8807]
2026-03-10 08:45:27,413 - BasicTS-training - INFO - Result <test>: [test/time: 126.00 (s), test/loss: 0.4825, test/MAE: 0.4825, test/MSE: 0.5304, test/RMSE: 0.7283, test/MAPE: 2.6258, test/WAPE: 0.6932]
2026-03-10 08:45:29,410 - BasicTS-training - INFO - Checkpoint /mnt/users/rwl/MATS/results/main/MATS-Full-ETTm1-720/900d7ca85bca4c2ead552194e8afc410/MATSArch_011.pt saved
2026-03-10 08:45:29,410 - BasicTS-training - INFO - The estimated training finish time is 2026-03-11 02:26:20
2026-03-10 08:45:29,410 - BasicTS-training - INFO - Epoch 12 / 100
2026-03-10 08:53:06,237 - BasicTS-training - INFO - Result <train>: [train/time: 456.83 (s), train/lr: 4.85e-04, train/loss: 0.4994, train/MAE: 0.4994, train/MSE: 0.5112, train/RMSE: 0.7150, train/MAPE: 2.8307, train/WAPE: 0.7759]
2026-03-10 08:53:07,669 - BasicTS-training - INFO - Start validation.
2026-03-10 08:55:13,442 - BasicTS-training - INFO - Result <val>: [val/time: 125.77 (s), val/loss: 0.6995, val/MAE: 0.6995, val/MSE: 1.0857, val/RMSE: 1.0420, val/MAPE: 3.0155, val/WAPE: 0.8777]
2026-03-10 08:57:24,398 - BasicTS-training - INFO - Result <test>: [test/time: 129.96 (s), test/loss: 0.4804, test/MAE: 0.4804, test/MSE: 0.5268, test/RMSE: 0.7258, test/MAPE: 2.6315, test/WAPE: 0.6923]
2026-03-10 08:57:26,594 - BasicTS-training - INFO - Checkpoint /mnt/users/rwl/MATS/results/main/MATS-Full-ETTm1-720/900d7ca85bca4c2ead552194e8afc410/MATSArch_012.pt saved
2026-03-10 08:57:26,595 - BasicTS-training - INFO - The estimated training finish time is 2026-03-11 02:26:36
2026-03-10 08:57:26,595 - BasicTS-training - INFO - Epoch 13 / 100
2026-03-10 09:05:03,622 - BasicTS-training - INFO - Result <train>: [train/time: 457.03 (s), train/lr: 4.82e-04, train/loss: 0.4995, train/MAE: 0.4995, train/MSE: 0.5112, train/RMSE: 0.7150, train/MAPE: 2.8307, train/WAPE: 0.7759]
2026-03-10 09:05:05,193 - BasicTS-training - INFO - Start validation.
2026-03-10 09:07:09,879 - BasicTS-training - INFO - Result <val>: [val/time: 124.68 (s), val/loss: 0.7014, val/MAE: 0.7014, val/MSE: 1.0855, val/RMSE: 1.0419, val/MAPE: 3.0228, val/WAPE: 0.8786]
2026-03-10 09:09:18,755 - BasicTS-training - INFO - Result <test>: [test/time: 127.75 (s), test/loss: 0.4808, test/MAE: 0.4808, test/MSE: 0.5273, test/RMSE: 0.7261, test/MAPE: 2.5255, test/WAPE: 0.6907]
2026-03-10 09:09:20,870 - BasicTS-training - INFO - Checkpoint /mnt/users/rwl/MATS/results/main/MATS-Full-ETTm1-720/900d7ca85bca4c2ead552194e8afc410/MATSArch_013.pt saved
2026-03-10 09:09:20,871 - BasicTS-training - INFO - The estimated training finish time is 2026-03-11 02:26:28
2026-03-10 09:09:20,871 - BasicTS-training - INFO - Epoch 14 / 100
2026-03-10 09:16:57,319 - BasicTS-training - INFO - Result <train>: [train/time: 456.45 (s), train/lr: 4.79e-04, train/loss: 0.4994, train/MAE: 0.4994, train/MSE: 0.5111, train/RMSE: 0.7149, train/MAPE: 2.8298, train/WAPE: 0.7759]
2026-03-10 09:16:59,019 - BasicTS-training - INFO - Start validation.
2026-03-10 09:19:07,307 - BasicTS-training - INFO - Result <val>: [val/time: 128.29 (s), val/loss: 0.7131, val/MAE: 0.7131, val/MSE: 1.0993, val/RMSE: 1.0485, val/MAPE: 3.2228, val/WAPE: 0.8909]
2026-03-10 09:21:18,547 - BasicTS-training - INFO - Result <test>: [test/time: 129.44 (s), test/loss: 0.4932, test/MAE: 0.4932, test/MSE: 0.5401, test/RMSE: 0.7349, test/MAPE: 2.7313, test/WAPE: 0.7054]
2026-03-10 09:21:21,218 - BasicTS-training - INFO - Checkpoint /mnt/users/rwl/MATS/results/main/MATS-Full-ETTm1-720/900d7ca85bca4c2ead552194e8afc410/MATSArch_014.pt saved
2026-03-10 09:21:21,227 - BasicTS-training - INFO - The estimated training finish time is 2026-03-11 02:27:04
2026-03-10 09:21:21,227 - BasicTS-training - INFO - Epoch 15 / 100
2026-03-10 09:28:52,454 - BasicTS-training - INFO - Result <train>: [train/time: 451.23 (s), train/lr: 4.76e-04, train/loss: 0.4993, train/MAE: 0.4993, train/MSE: 0.5111, train/RMSE: 0.7149, train/MAPE: 2.8289, train/WAPE: 0.7757]
2026-03-10 09:28:53,142 - BasicTS-training - INFO - Start validation.
2026-03-10 09:31:00,655 - BasicTS-training - INFO - Result <val>: [val/time: 127.51 (s), val/loss: 0.7009, val/MAE: 0.7009, val/MSE: 1.0848, val/RMSE: 1.0415, val/MAPE: 3.0143, val/WAPE: 0.8767]
2026-03-10 09:33:07,824 - BasicTS-training - INFO - Result <test>: [test/time: 125.61 (s), test/loss: 0.4807, test/MAE: 0.4807, test/MSE: 0.5286, test/RMSE: 0.7271, test/MAPE: 2.5634, test/WAPE: 0.6908]
2026-03-10 09:33:10,485 - BasicTS-training - INFO - Checkpoint /mnt/users/rwl/MATS/results/main/MATS-Full-ETTm1-720/900d7ca85bca4c2ead552194e8afc410/MATSArch_015.pt saved
2026-03-10 09:33:10,486 - BasicTS-training - INFO - The estimated training finish time is 2026-03-11 02:26:22
2026-03-10 09:33:10,486 - BasicTS-training - INFO - Epoch 16 / 100
2026-03-10 09:40:54,611 - BasicTS-training - INFO - Result <train>: [train/time: 464.13 (s), train/lr: 4.73e-04, train/loss: 0.4995, train/MAE: 0.4995, train/MSE: 0.5112, train/RMSE: 0.7150, train/MAPE: 2.8305, train/WAPE: 0.7759]
2026-03-10 09:40:55,672 - BasicTS-training - INFO - Start validation.
2026-03-10 09:43:03,871 - BasicTS-training - INFO - Result <val>: [val/time: 128.20 (s), val/loss: 0.7013, val/MAE: 0.7013, val/MSE: 1.0875, val/RMSE: 1.0428, val/MAPE: 3.1219, val/WAPE: 0.8805]
2026-03-10 09:45:13,466 - BasicTS-training - INFO - Result <test>: [test/time: 128.49 (s), test/loss: 0.4853, test/MAE: 0.4853, test/MSE: 0.5327, test/RMSE: 0.7299, test/MAPE: 2.7926, test/WAPE: 0.6992]
2026-03-10 09:45:18,244 - BasicTS-training - INFO - Checkpoint /mnt/users/rwl/MATS/results/main/MATS-Full-ETTm1-720/900d7ca85bca4c2ead552194e8afc410/MATSArch_016.pt saved
2026-03-10 09:45:18,244 - BasicTS-training - INFO - The estimated training finish time is 2026-03-11 02:27:40
2026-03-10 09:45:18,244 - BasicTS-training - INFO - Epoch 17 / 100
2026-03-10 09:52:43,671 - BasicTS-training - INFO - Result <train>: [train/time: 445.43 (s), train/lr: 4.69e-04, train/loss: 0.4993, train/MAE: 0.4993, train/MSE: 0.5109, train/RMSE: 0.7148, train/MAPE: 2.8284, train/WAPE: 0.7756]
2026-03-10 09:52:44,473 - BasicTS-training - INFO - Start validation.
2026-03-10 09:54:47,811 - BasicTS-training - INFO - Result <val>: [val/time: 123.34 (s), val/loss: 0.7000, val/MAE: 0.7000, val/MSE: 1.0873, val/RMSE: 1.0427, val/MAPE: 3.0611, val/WAPE: 0.8792]
2026-03-10 09:56:55,340 - BasicTS-training - INFO - Result <test>: [test/time: 126.47 (s), test/loss: 0.4819, test/MAE: 0.4819, test/MSE: 0.5294, test/RMSE: 0.7276, test/MAPE: 2.6389, test/WAPE: 0.6939]
2026-03-10 09:56:57,781 - BasicTS-training - INFO - Checkpoint /mnt/users/rwl/MATS/results/main/MATS-Full-ETTm1-720/900d7ca85bca4c2ead552194e8afc410/MATSArch_017.pt saved
2026-03-10 09:56:57,782 - BasicTS-training - INFO - The estimated training finish time is 2026-03-11 02:26:04
2026-03-10 09:56:57,782 - BasicTS-training - INFO - Epoch 18 / 100
2026-03-10 10:04:17,541 - BasicTS-training - INFO - Result <train>: [train/time: 439.76 (s), train/lr: 4.65e-04, train/loss: 0.4993, train/MAE: 0.4993, train/MSE: 0.5110, train/RMSE: 0.7149, train/MAPE: 2.8293, train/WAPE: 0.7757]
2026-03-10 10:04:18,944 - BasicTS-training - INFO - Start validation.
2026-03-10 10:06:20,639 - BasicTS-training - INFO - Result <val>: [val/time: 121.69 (s), val/loss: 0.6992, val/MAE: 0.6992, val/MSE: 1.0851, val/RMSE: 1.0417, val/MAPE: 3.0591, val/WAPE: 0.8784]
2026-03-10 10:08:24,572 - BasicTS-training - INFO - Result <test>: [test/time: 122.41 (s), test/loss: 0.4803, test/MAE: 0.4803, test/MSE: 0.5279, test/RMSE: 0.7266, test/MAPE: 2.5701, test/WAPE: 0.6909]
2026-03-10 10:08:26,959 - BasicTS-training - INFO - Checkpoint /mnt/users/rwl/MATS/results/main/MATS-Full-ETTm1-720/900d7ca85bca4c2ead552194e8afc410/MATSArch_018.pt saved
2026-03-10 10:08:26,960 - BasicTS-training - INFO - The estimated training finish time is 2026-03-11 02:23:40
2026-03-10 10:08:26,960 - BasicTS-training - INFO - Epoch 19 / 100
2026-03-10 10:15:47,887 - BasicTS-training - INFO - Result <train>: [train/time: 440.93 (s), train/lr: 4.61e-04, train/loss: 0.4992, train/MAE: 0.4992, train/MSE: 0.5110, train/RMSE: 0.7149, train/MAPE: 2.8279, train/WAPE: 0.7756]
2026-03-10 10:15:49,450 - BasicTS-training - INFO - Start validation.
2026-03-10 10:17:54,911 - BasicTS-training - INFO - Result <val>: [val/time: 125.46 (s), val/loss: 0.7010, val/MAE: 0.7010, val/MSE: 1.0909, val/RMSE: 1.0445, val/MAPE: 3.1010, val/WAPE: 0.8816]
2026-03-10 10:20:00,772 - BasicTS-training - INFO - Result <test>: [test/time: 124.30 (s), test/loss: 0.4849, test/MAE: 0.4849, test/MSE: 0.5342, test/RMSE: 0.7309, test/MAPE: 2.6745, test/WAPE: 0.6969]
2026-03-10 10:20:02,701 - BasicTS-training - INFO - Checkpoint /mnt/users/rwl/MATS/results/main/MATS-Full-ETTm1-720/900d7ca85bca4c2ead552194e8afc410/MATSArch_019.pt saved
2026-03-10 10:20:02,701 - BasicTS-training - INFO - The estimated training finish time is 2026-03-11 02:22:06
2026-03-10 10:20:02,701 - BasicTS-training - INFO - Epoch 20 / 100
2026-03-10 10:27:20,496 - BasicTS-training - INFO - Result <train>: [train/time: 437.79 (s), train/lr: 4.57e-04, train/loss: 0.4993, train/MAE: 0.4993, train/MSE: 0.5111, train/RMSE: 0.7149, train/MAPE: 2.8300, train/WAPE: 0.7757]
2026-03-10 10:27:21,542 - BasicTS-training - INFO - Start validation.
2026-03-10 10:29:26,488 - BasicTS-training - INFO - Result <val>: [val/time: 124.95 (s), val/loss: 0.7074, val/MAE: 0.7074, val/MSE: 1.0912, val/RMSE: 1.0446, val/MAPE: 3.1443, val/WAPE: 0.8843]
2026-03-10 10:31:33,287 - BasicTS-training - INFO - Result <test>: [test/time: 125.71 (s), test/loss: 0.4853, test/MAE: 0.4853, test/MSE: 0.5303, test/RMSE: 0.7282, test/MAPE: 2.6256, test/WAPE: 0.6961]
2026-03-10 10:31:35,189 - BasicTS-training - INFO - Checkpoint /mnt/users/rwl/MATS/results/main/MATS-Full-ETTm1-720/900d7ca85bca4c2ead552194e8afc410/MATSArch_020.pt saved
2026-03-10 10:31:35,969 - BasicTS-training - INFO - The estimated training finish time is 2026-03-11 02:20:29
2026-03-10 10:31:35,969 - BasicTS-training - INFO - Epoch 21 / 100
2026-03-10 10:39:01,893 - BasicTS-training - INFO - Result <train>: [train/time: 445.92 (s), train/lr: 4.52e-04, train/loss: 0.4992, train/MAE: 0.4992, train/MSE: 0.5109, train/RMSE: 0.7148, train/MAPE: 2.8276, train/WAPE: 0.7755]
2026-03-10 10:39:03,810 - BasicTS-training - INFO - Start validation.
2026-03-10 10:41:06,476 - BasicTS-training - INFO - Result <val>: [val/time: 122.66 (s), val/loss: 0.7014, val/MAE: 0.7014, val/MSE: 1.0876, val/RMSE: 1.0429, val/MAPE: 3.0702, val/WAPE: 0.8796]
2026-03-10 10:43:12,675 - BasicTS-training - INFO - Result <test>: [test/time: 125.10 (s), test/loss: 0.4803, test/MAE: 0.4803, test/MSE: 0.5265, test/RMSE: 0.7256, test/MAPE: 2.6333, test/WAPE: 0.6916]
2026-03-10 10:43:14,822 - BasicTS-training - INFO - Checkpoint /mnt/users/rwl/MATS/results/main/MATS-Full-ETTm1-720/900d7ca85bca4c2ead552194e8afc410/MATSArch_021.pt saved
2026-03-10 10:43:14,823 - BasicTS-training - INFO - The estimated training finish time is 2026-03-11 02:19:28
2026-03-10 10:43:14,823 - BasicTS-training - INFO - Epoch 22 / 100
2026-03-10 10:50:35,702 - BasicTS-training - INFO - Result <train>: [train/time: 440.88 (s), train/lr: 4.48e-04, train/loss: 0.4992, train/MAE: 0.4992, train/MSE: 0.5109, train/RMSE: 0.7147, train/MAPE: 2.8275, train/WAPE: 0.7755]
2026-03-10 10:50:36,844 - BasicTS-training - INFO - Start validation.
2026-03-10 10:52:41,872 - BasicTS-training - INFO - Result <val>: [val/time: 125.03 (s), val/loss: 0.6992, val/MAE: 0.6992, val/MSE: 1.0810, val/RMSE: 1.0397, val/MAPE: 3.0750, val/WAPE: 0.8764]
2026-03-10 10:54:47,593 - BasicTS-training - INFO - Result <test>: [test/time: 123.81 (s), test/loss: 0.4799, test/MAE: 0.4799, test/MSE: 0.5252, test/RMSE: 0.7247, test/MAPE: 2.6216, test/WAPE: 0.6905]
2026-03-10 10:54:49,521 - BasicTS-training - INFO - Checkpoint /mnt/users/rwl/MATS/results/main/MATS-Full-ETTm1-720/900d7ca85bca4c2ead552194e8afc410/MATSArch_022.pt saved
2026-03-10 10:54:49,522 - BasicTS-training - INFO - The estimated training finish time is 2026-03-11 02:18:14
2026-03-10 10:54:49,522 - BasicTS-training - INFO - Epoch 23 / 100
2026-03-10 11:02:14,600 - BasicTS-training - INFO - Result <train>: [train/time: 445.08 (s), train/lr: 4.43e-04, train/loss: 0.4991, train/MAE: 0.4991, train/MSE: 0.5108, train/RMSE: 0.7147, train/MAPE: 2.8274, train/WAPE: 0.7754]
2026-03-10 11:02:16,197 - BasicTS-training - INFO - Start validation.
2026-03-10 11:04:20,783 - BasicTS-training - INFO - Result <val>: [val/time: 124.58 (s), val/loss: 0.6989, val/MAE: 0.6989, val/MSE: 1.0834, val/RMSE: 1.0409, val/MAPE: 3.0829, val/WAPE: 0.8782]
2026-03-10 11:06:24,830 - BasicTS-training - INFO - Result <test>: [test/time: 122.60 (s), test/loss: 0.4848, test/MAE: 0.4848, test/MSE: 0.5321, test/RMSE: 0.7294, test/MAPE: 2.7980, test/WAPE: 0.6977]
2026-03-10 11:06:27,192 - BasicTS-training - INFO - Checkpoint /mnt/users/rwl/MATS/results/main/MATS-Full-ETTm1-720/900d7ca85bca4c2ead552194e8afc410/MATSArch_023.pt saved
2026-03-10 11:06:27,192 - BasicTS-training - INFO - The estimated training finish time is 2026-03-11 02:17:19
2026-03-10 11:06:27,192 - BasicTS-training - INFO - Epoch 24 / 100
2026-03-10 11:13:50,679 - BasicTS-training - INFO - Result <train>: [train/time: 443.44 (s), train/lr: 4.38e-04, train/loss: 0.4991, train/MAE: 0.4991, train/MSE: 0.5110, train/RMSE: 0.7148, train/MAPE: 2.8278, train/WAPE: 0.7755]
2026-03-10 11:13:51,850 - BasicTS-training - INFO - Start validation.
2026-03-10 11:15:56,477 - BasicTS-training - INFO - Result <val>: [val/time: 124.63 (s), val/loss: 0.6985, val/MAE: 0.6985, val/MSE: 1.0845, val/RMSE: 1.0414, val/MAPE: 3.0994, val/WAPE: 0.8779]
2026-03-10 11:18:01,865 - BasicTS-training - INFO - Result <test>: [test/time: 124.59 (s), test/loss: 0.4828, test/MAE: 0.4828, test/MSE: 0.5304, test/RMSE: 0.7283, test/MAPE: 2.7046, test/WAPE: 0.6952]
2026-03-10 11:18:04,463 - BasicTS-training - INFO - Checkpoint /mnt/users/rwl/MATS/results/main/MATS-Full-ETTm1-720/900d7ca85bca4c2ead552194e8afc410/MATSArch_024.pt saved
2026-03-10 11:18:04,464 - BasicTS-training - INFO - The estimated training finish time is 2026-03-11 02:16:27
2026-03-10 11:18:04,464 - BasicTS-training - INFO - Epoch 25 / 100
2026-03-10 11:25:31,536 - BasicTS-training - INFO - Result <train>: [train/time: 447.07 (s), train/lr: 4.32e-04, train/loss: 0.4989, train/MAE: 0.4989, train/MSE: 0.5107, train/RMSE: 0.7146, train/MAPE: 2.8266, train/WAPE: 0.7751]
2026-03-10 11:25:32,750 - BasicTS-training - INFO - Start validation.
2026-03-10 11:27:34,704 - BasicTS-training - INFO - Result <val>: [val/time: 121.95 (s), val/loss: 0.7040, val/MAE: 0.7040, val/MSE: 1.0904, val/RMSE: 1.0442, val/MAPE: 3.1396, val/WAPE: 0.8820]
2026-03-10 11:29:39,412 - BasicTS-training - INFO - Result <test>: [test/time: 124.37 (s), test/loss: 0.4819, test/MAE: 0.4819, test/MSE: 0.5287, test/RMSE: 0.7271, test/MAPE: 2.5636, test/WAPE: 0.6914]
2026-03-10 11:29:41,414 - BasicTS-training - INFO - Checkpoint /mnt/users/rwl/MATS/results/main/MATS-Full-ETTm1-720/900d7ca85bca4c2ead552194e8afc410/MATSArch_025.pt saved
2026-03-10 11:29:41,415 - BasicTS-training - INFO - The estimated training finish time is 2026-03-11 02:15:37
2026-03-10 11:29:41,415 - BasicTS-training - INFO - Epoch 26 / 100
2026-03-10 11:37:05,599 - BasicTS-training - INFO - Result <train>: [train/time: 444.18 (s), train/lr: 4.27e-04, train/loss: 0.4990, train/MAE: 0.4990, train/MSE: 0.5107, train/RMSE: 0.7146, train/MAPE: 2.8265, train/WAPE: 0.7752]
2026-03-10 11:37:06,599 - BasicTS-training - INFO - Start validation.
2026-03-10 11:39:12,553 - BasicTS-training - INFO - Result <val>: [val/time: 125.95 (s), val/loss: 0.7010, val/MAE: 0.7010, val/MSE: 1.0886, val/RMSE: 1.0434, val/MAPE: 3.1291, val/WAPE: 0.8804]
2026-03-10 11:41:17,552 - BasicTS-training - INFO - Result <test>: [test/time: 124.04 (s), test/loss: 0.4826, test/MAE: 0.4826, test/MSE: 0.5316, test/RMSE: 0.7291, test/MAPE: 2.6728, test/WAPE: 0.6942]
2026-03-10 11:41:19,428 - BasicTS-training - INFO - Checkpoint /mnt/users/rwl/MATS/results/main/MATS-Full-ETTm1-720/900d7ca85bca4c2ead552194e8afc410/MATSArch_026.pt saved
2026-03-10 11:41:19,429 - BasicTS-training - INFO - The estimated training finish time is 2026-03-11 02:14:56
2026-03-10 11:41:19,429 - BasicTS-training - INFO - Epoch 27 / 100
2026-03-10 11:48:46,184 - BasicTS-training - INFO - Result <train>: [train/time: 446.75 (s), train/lr: 4.21e-04, train/loss: 0.4989, train/MAE: 0.4989, train/MSE: 0.5105, train/RMSE: 0.7145, train/MAPE: 2.8262, train/WAPE: 0.7751]
2026-03-10 11:48:47,295 - BasicTS-training - INFO - Start validation.
2026-03-10 11:50:52,944 - BasicTS-training - INFO - Result <val>: [val/time: 125.65 (s), val/loss: 0.7019, val/MAE: 0.7019, val/MSE: 1.0842, val/RMSE: 1.0412, val/MAPE: 3.1388, val/WAPE: 0.8797]
2026-03-10 11:53:01,300 - BasicTS-training - INFO - Result <test>: [test/time: 125.92 (s), test/loss: 0.4827, test/MAE: 0.4827, test/MSE: 0.5281, test/RMSE: 0.7267, test/MAPE: 2.6382, test/WAPE: 0.6933]
2026-03-10 11:53:03,520 - BasicTS-training - INFO - Checkpoint /mnt/users/rwl/MATS/results/main/MATS-Full-ETTm1-720/900d7ca85bca4c2ead552194e8afc410/MATSArch_027.pt saved
2026-03-10 11:53:03,521 - BasicTS-training - INFO - The estimated training finish time is 2026-03-11 02:14:40
2026-03-10 11:53:03,521 - BasicTS-training - INFO - Epoch 28 / 100
2026-03-10 12:00:31,188 - BasicTS-training - INFO - Result <train>: [train/time: 447.67 (s), train/lr: 4.15e-04, train/loss: 0.4989, train/MAE: 0.4989, train/MSE: 0.5106, train/RMSE: 0.7145, train/MAPE: 2.8259, train/WAPE: 0.7751]
2026-03-10 12:00:32,250 - BasicTS-training - INFO - Start validation.
2026-03-10 12:02:35,589 - BasicTS-training - INFO - Result <val>: [val/time: 123.34 (s), val/loss: 0.7017, val/MAE: 0.7017, val/MSE: 1.0871, val/RMSE: 1.0427, val/MAPE: 3.1541, val/WAPE: 0.8803]
2026-03-10 12:04:40,910 - BasicTS-training - INFO - Result <test>: [test/time: 123.97 (s), test/loss: 0.4839, test/MAE: 0.4839, test/MSE: 0.5317, test/RMSE: 0.7292, test/MAPE: 2.7270, test/WAPE: 0.6966]
2026-03-10 12:04:43,823 - BasicTS-training - INFO - Checkpoint /mnt/users/rwl/MATS/results/main/MATS-Full-ETTm1-720/900d7ca85bca4c2ead552194e8afc410/MATSArch_028.pt saved
2026-03-10 12:04:43,824 - BasicTS-training - INFO - The estimated training finish time is 2026-03-11 02:14:12
2026-03-10 12:04:43,824 - BasicTS-training - INFO - Epoch 29 / 100
2026-03-10 12:12:03,822 - BasicTS-training - INFO - Result <train>: [train/time: 440.00 (s), train/lr: 4.09e-04, train/loss: 0.4989, train/MAE: 0.4989, train/MSE: 0.5107, train/RMSE: 0.7146, train/MAPE: 2.8246, train/WAPE: 0.7751]
2026-03-10 12:12:05,529 - BasicTS-training - INFO - Start validation.
2026-03-10 12:14:08,429 - BasicTS-training - INFO - Result <val>: [val/time: 122.90 (s), val/loss: 0.7038, val/MAE: 0.7038, val/MSE: 1.0900, val/RMSE: 1.0440, val/MAPE: 3.1155, val/WAPE: 0.8813]
2026-03-10 12:16:13,181 - BasicTS-training - INFO - Result <test>: [test/time: 123.82 (s), test/loss: 0.4819, test/MAE: 0.4819, test/MSE: 0.5285, test/RMSE: 0.7270, test/MAPE: 2.5925, test/WAPE: 0.6913]
2026-03-10 12:16:15,230 - BasicTS-training - INFO - Checkpoint /mnt/users/rwl/MATS/results/main/MATS-Full-ETTm1-720/900d7ca85bca4c2ead552194e8afc410/MATSArch_029.pt saved
2026-03-10 12:16:15,231 - BasicTS-training - INFO - The estimated training finish time is 2026-03-11 02:13:15
2026-03-10 12:16:15,231 - BasicTS-training - INFO - Epoch 30 / 100
2026-03-10 12:23:41,923 - BasicTS-training - INFO - Result <train>: [train/time: 446.69 (s), train/lr: 4.03e-04, train/loss: 0.4989, train/MAE: 0.4989, train/MSE: 0.5106, train/RMSE: 0.7146, train/MAPE: 2.8254, train/WAPE: 0.7752]
2026-03-10 12:23:43,118 - BasicTS-training - INFO - Start validation.
2026-03-10 12:25:46,218 - BasicTS-training - INFO - Result <val>: [val/time: 123.10 (s), val/loss: 0.6995, val/MAE: 0.6995, val/MSE: 1.0818, val/RMSE: 1.0401, val/MAPE: 3.1018, val/WAPE: 0.8770]
2026-03-10 12:27:50,141 - BasicTS-training - INFO - Result <test>: [test/time: 122.67 (s), test/loss: 0.4804, test/MAE: 0.4804, test/MSE: 0.5259, test/RMSE: 0.7252, test/MAPE: 2.5953, test/WAPE: 0.6909]
2026-03-10 12:27:51,851 - BasicTS-training - INFO - Checkpoint /mnt/users/rwl/MATS/results/main/MATS-Full-ETTm1-720/900d7ca85bca4c2ead552194e8afc410/MATSArch_030.pt saved
2026-03-10 12:27:52,689 - BasicTS-training - INFO - The estimated training finish time is 2026-03-11 02:12:42
2026-03-10 12:27:52,690 - BasicTS-training - INFO - Epoch 31 / 100
2026-03-10 12:35:15,136 - BasicTS-training - INFO - Result <train>: [train/time: 442.45 (s), train/lr: 3.97e-04, train/loss: 0.4987, train/MAE: 0.4987, train/MSE: 0.5104, train/RMSE: 0.7144, train/MAPE: 2.8242, train/WAPE: 0.7749]
2026-03-10 12:35:16,220 - BasicTS-training - INFO - Start validation.
2026-03-10 12:37:20,384 - BasicTS-training - INFO - Result <val>: [val/time: 124.16 (s), val/loss: 0.7009, val/MAE: 0.7009, val/MSE: 1.0849, val/RMSE: 1.0416, val/MAPE: 3.0788, val/WAPE: 0.8772]
2026-03-10 12:39:25,387 - BasicTS-training - INFO - Result <test>: [test/time: 123.75 (s), test/loss: 0.4802, test/MAE: 0.4802, test/MSE: 0.5273, test/RMSE: 0.7261, test/MAPE: 2.5203, test/WAPE: 0.6895]
2026-03-10 12:39:27,296 - BasicTS-training - INFO - Checkpoint /mnt/users/rwl/MATS/results/main/MATS-Full-ETTm1-720/900d7ca85bca4c2ead552194e8afc410/MATSArch_031.pt saved
2026-03-10 12:39:27,296 - BasicTS-training - INFO - The estimated training finish time is 2026-03-11 02:12:02
2026-03-10 12:39:27,296 - BasicTS-training - INFO - Epoch 32 / 100
2026-03-10 12:46:51,641 - BasicTS-training - INFO - Result <train>: [train/time: 444.34 (s), train/lr: 3.91e-04, train/loss: 0.4987, train/MAE: 0.4987, train/MSE: 0.5103, train/RMSE: 0.7144, train/MAPE: 2.8252, train/WAPE: 0.7749]
2026-03-10 12:46:53,031 - BasicTS-training - INFO - Start validation.
2026-03-10 12:48:54,486 - BasicTS-training - INFO - Result <val>: [val/time: 121.45 (s), val/loss: 0.6973, val/MAE: 0.6973, val/MSE: 1.0805, val/RMSE: 1.0395, val/MAPE: 3.0291, val/WAPE: 0.8740]
2026-03-10 12:48:56,152 - BasicTS-training - INFO - Checkpoint /mnt/users/rwl/MATS/results/main/MATS-Full-ETTm1-720/900d7ca85bca4c2ead552194e8afc410/MATSArch_best_val_MAE.pt saved
2026-03-10 12:50:58,578 - BasicTS-training - INFO - Result <test>: [test/time: 122.42 (s), test/loss: 0.4788, test/MAE: 0.4788, test/MSE: 0.5254, test/RMSE: 0.7248, test/MAPE: 2.6082, test/WAPE: 0.6892]
2026-03-10 12:51:01,630 - BasicTS-training - INFO - Checkpoint /mnt/users/rwl/MATS/results/main/MATS-Full-ETTm1-720/900d7ca85bca4c2ead552194e8afc410/MATSArch_032.pt saved
2026-03-10 12:51:01,631 - BasicTS-training - INFO - The estimated training finish time is 2026-03-11 02:11:24
2026-03-10 12:51:01,631 - BasicTS-training - INFO - Epoch 33 / 100
2026-03-10 12:58:28,638 - BasicTS-training - INFO - Result <train>: [train/time: 447.01 (s), train/lr: 3.84e-04, train/loss: 0.4987, train/MAE: 0.4987, train/MSE: 0.5104, train/RMSE: 0.7144, train/MAPE: 2.8244, train/WAPE: 0.7749]
2026-03-10 12:58:30,358 - BasicTS-training - INFO - Start validation.
2026-03-10 13:00:34,900 - BasicTS-training - INFO - Result <val>: [val/time: 124.54 (s), val/loss: 0.7003, val/MAE: 0.7003, val/MSE: 1.0875, val/RMSE: 1.0428, val/MAPE: 3.0430, val/WAPE: 0.8788]
2026-03-10 13:02:39,483 - BasicTS-training - INFO - Result <test>: [test/time: 123.67 (s), test/loss: 0.4820, test/MAE: 0.4820, test/MSE: 0.5305, test/RMSE: 0.7283, test/MAPE: 2.6819, test/WAPE: 0.6937]
2026-03-10 13:02:41,585 - BasicTS-training - INFO - Checkpoint /mnt/users/rwl/MATS/results/main/MATS-Full-ETTm1-720/900d7ca85bca4c2ead552194e8afc410/MATSArch_033.pt saved
2026-03-10 13:02:41,585 - BasicTS-training - INFO - The estimated training finish time is 2026-03-11 02:11:05
2026-03-10 13:02:41,585 - BasicTS-training - INFO - Epoch 34 / 100
2026-03-10 13:10:02,229 - BasicTS-training - INFO - Result <train>: [train/time: 440.64 (s), train/lr: 3.77e-04, train/loss: 0.4987, train/MAE: 0.4987, train/MSE: 0.5104, train/RMSE: 0.7144, train/MAPE: 2.8254, train/WAPE: 0.7749]
2026-03-10 13:10:03,761 - BasicTS-training - INFO - Start validation.
2026-03-10 13:12:08,091 - BasicTS-training - INFO - Result <val>: [val/time: 124.33 (s), val/loss: 0.6981, val/MAE: 0.6981, val/MSE: 1.0843, val/RMSE: 1.0413, val/MAPE: 3.0623, val/WAPE: 0.8779]
2026-03-10 13:14:12,617 - BasicTS-training - INFO - Result <test>: [test/time: 123.62 (s), test/loss: 0.4802, test/MAE: 0.4802, test/MSE: 0.5264, test/RMSE: 0.7255, test/MAPE: 2.7150, test/WAPE: 0.6928]
2026-03-10 13:14:14,662 - BasicTS-training - INFO - Checkpoint /mnt/users/rwl/MATS/results/main/MATS-Full-ETTm1-720/900d7ca85bca4c2ead552194e8afc410/MATSArch_034.pt saved
2026-03-10 13:14:14,662 - BasicTS-training - INFO - The estimated training finish time is 2026-03-11 02:10:27
2026-03-10 13:14:14,662 - BasicTS-training - INFO - Epoch 35 / 100
2026-03-10 13:21:39,557 - BasicTS-training - INFO - Result <train>: [train/time: 444.89 (s), train/lr: 3.70e-04, train/loss: 0.4986, train/MAE: 0.4986, train/MSE: 0.5103, train/RMSE: 0.7143, train/MAPE: 2.8237, train/WAPE: 0.7747]
2026-03-10 13:21:40,836 - BasicTS-training - INFO - Start validation.
2026-03-10 13:23:44,827 - BasicTS-training - INFO - Result <val>: [val/time: 123.99 (s), val/loss: 0.6994, val/MAE: 0.6994, val/MSE: 1.0851, val/RMSE: 1.0417, val/MAPE: 3.0384, val/WAPE: 0.8765]
2026-03-10 13:25:49,679 - BasicTS-training - INFO - Result <test>: [test/time: 124.07 (s), test/loss: 0.4790, test/MAE: 0.4790, test/MSE: 0.5266, test/RMSE: 0.7256, test/MAPE: 2.5721, test/WAPE: 0.6887]
2026-03-10 13:25:51,303 - BasicTS-training - INFO - Checkpoint /mnt/users/rwl/MATS/results/main/MATS-Full-ETTm1-720/900d7ca85bca4c2ead552194e8afc410/MATSArch_035.pt saved
2026-03-10 13:25:51,303 - BasicTS-training - INFO - The estimated training finish time is 2026-03-11 02:10:01
2026-03-10 13:25:51,303 - BasicTS-training - INFO - Epoch 36 / 100
2026-03-10 13:33:13,455 - BasicTS-training - INFO - Result <train>: [train/time: 442.15 (s), train/lr: 3.63e-04, train/loss: 0.4986, train/MAE: 0.4986, train/MSE: 0.5103, train/RMSE: 0.7143, train/MAPE: 2.8228, train/WAPE: 0.7746]
2026-03-10 13:33:14,880 - BasicTS-training - INFO - Start validation.
2026-03-10 13:35:18,756 - BasicTS-training - INFO - Result <val>: [val/time: 123.87 (s), val/loss: 0.7007, val/MAE: 0.7007, val/MSE: 1.0896, val/RMSE: 1.0439, val/MAPE: 3.0417, val/WAPE: 0.8796]
2026-03-10 13:37:24,399 - BasicTS-training - INFO - Result <test>: [test/time: 124.75 (s), test/loss: 0.4810, test/MAE: 0.4810, test/MSE: 0.5284, test/RMSE: 0.7269, test/MAPE: 2.6641, test/WAPE: 0.6931]
2026-03-10 13:37:27,427 - BasicTS-training - INFO - Checkpoint /mnt/users/rwl/MATS/results/main/MATS-Full-ETTm1-720/900d7ca85bca4c2ead552194e8afc410/MATSArch_036.pt saved
2026-03-10 13:37:27,427 - BasicTS-training - INFO - The estimated training finish time is 2026-03-11 02:09:35
2026-03-10 13:37:27,427 - BasicTS-training - INFO - Epoch 37 / 100
2026-03-10 13:44:49,954 - BasicTS-training - INFO - Result <train>: [train/time: 442.53 (s), train/lr: 3.56e-04, train/loss: 0.4985, train/MAE: 0.4985, train/MSE: 0.5102, train/RMSE: 0.7143, train/MAPE: 2.8235, train/WAPE: 0.7746]
2026-03-10 13:44:50,790 - BasicTS-training - INFO - Start validation.
2026-03-10 13:46:56,179 - BasicTS-training - INFO - Result <val>: [val/time: 125.39 (s), val/loss: 0.7004, val/MAE: 0.7004, val/MSE: 1.0864, val/RMSE: 1.0423, val/MAPE: 3.0038, val/WAPE: 0.8780]
2026-03-10 13:48:59,066 - BasicTS-training - INFO - Result <test>: [test/time: 122.06 (s), test/loss: 0.4819, test/MAE: 0.4819, test/MSE: 0.5294, test/RMSE: 0.7276, test/MAPE: 2.7548, test/WAPE: 0.6948]
2026-03-10 13:49:01,494 - BasicTS-training - INFO - Checkpoint /mnt/users/rwl/MATS/results/main/MATS-Full-ETTm1-720/900d7ca85bca4c2ead552194e8afc410/MATSArch_037.pt saved
2026-03-10 13:49:01,494 - BasicTS-training - INFO - The estimated training finish time is 2026-03-11 02:09:05
2026-03-10 13:49:01,494 - BasicTS-training - INFO - Epoch 38 / 100
2026-03-10 13:56:24,129 - BasicTS-training - INFO - Result <train>: [train/time: 442.64 (s), train/lr: 3.49e-04, train/loss: 0.4985, train/MAE: 0.4985, train/MSE: 0.5101, train/RMSE: 0.7142, train/MAPE: 2.8244, train/WAPE: 0.7746]
2026-03-10 13:56:25,728 - BasicTS-training - INFO - Start validation.
2026-03-10 13:58:29,225 - BasicTS-training - INFO - Result <val>: [val/time: 123.50 (s), val/loss: 0.6983, val/MAE: 0.6983, val/MSE: 1.0819, val/RMSE: 1.0402, val/MAPE: 3.0635, val/WAPE: 0.8760]
2026-03-10 14:00:33,395 - BasicTS-training - INFO - Result <test>: [test/time: 122.83 (s), test/loss: 0.4797, test/MAE: 0.4797, test/MSE: 0.5271, test/RMSE: 0.7260, test/MAPE: 2.5777, test/WAPE: 0.6892]
2026-03-10 14:00:35,835 - BasicTS-training - INFO - Checkpoint /mnt/users/rwl/MATS/results/main/MATS-Full-ETTm1-720/900d7ca85bca4c2ead552194e8afc410/MATSArch_038.pt saved
2026-03-10 14:00:35,835 - BasicTS-training - INFO - The estimated training finish time is 2026-03-11 02:08:38
2026-03-10 14:00:35,835 - BasicTS-training - INFO - Epoch 39 / 100
2026-03-10 14:07:54,305 - BasicTS-training - INFO - Result <train>: [train/time: 438.47 (s), train/lr: 3.42e-04, train/loss: 0.4984, train/MAE: 0.4984, train/MSE: 0.5101, train/RMSE: 0.7142, train/MAPE: 2.8223, train/WAPE: 0.7743]
2026-03-10 14:07:55,885 - BasicTS-training - INFO - Start validation.
2026-03-10 14:09:59,553 - BasicTS-training - INFO - Result <val>: [val/time: 123.67 (s), val/loss: 0.6996, val/MAE: 0.6996, val/MSE: 1.0875, val/RMSE: 1.0428, val/MAPE: 3.0177, val/WAPE: 0.8773]
2026-03-10 14:12:04,531 - BasicTS-training - INFO - Result <test>: [test/time: 123.57 (s), test/loss: 0.4776, test/MAE: 0.4776, test/MSE: 0.5243, test/RMSE: 0.7241, test/MAPE: 2.6141, test/WAPE: 0.6887]
2026-03-10 14:12:06,663 - BasicTS-training - INFO - Checkpoint /mnt/users/rwl/MATS/results/main/MATS-Full-ETTm1-720/900d7ca85bca4c2ead552194e8afc410/MATSArch_039.pt saved
2026-03-10 14:12:06,663 - BasicTS-training - INFO - The estimated training finish time is 2026-03-11 02:08:02
2026-03-10 14:12:06,663 - BasicTS-training - INFO - Epoch 40 / 100
2026-03-10 14:19:34,260 - BasicTS-training - INFO - Result <train>: [train/time: 447.60 (s), train/lr: 3.35e-04, train/loss: 0.4983, train/MAE: 0.4983, train/MSE: 0.5100, train/RMSE: 0.7141, train/MAPE: 2.8204, train/WAPE: 0.7742]
2026-03-10 14:19:35,126 - BasicTS-training - INFO - Start validation.
2026-03-10 14:21:41,479 - BasicTS-training - INFO - Result <val>: [val/time: 126.35 (s), val/loss: 0.6995, val/MAE: 0.6995, val/MSE: 1.0830, val/RMSE: 1.0407, val/MAPE: 3.0904, val/WAPE: 0.8770]
2026-03-10 14:23:45,923 - BasicTS-training - INFO - Result <test>: [test/time: 123.21 (s), test/loss: 0.4793, test/MAE: 0.4793, test/MSE: 0.5243, test/RMSE: 0.7241, test/MAPE: 2.6251, test/WAPE: 0.6901]
2026-03-10 14:23:48,883 - BasicTS-training - INFO - Checkpoint /mnt/users/rwl/MATS/results/main/MATS-Full-ETTm1-720/900d7ca85bca4c2ead552194e8afc410/MATSArch_040.pt saved
2026-03-10 14:23:49,879 - BasicTS-training - INFO - The estimated training finish time is 2026-03-11 02:08:00
2026-03-10 14:23:49,880 - BasicTS-training - INFO - Epoch 41 / 100
2026-03-10 14:31:11,984 - BasicTS-training - INFO - Result <train>: [train/time: 442.10 (s), train/lr: 3.27e-04, train/loss: 0.4983, train/MAE: 0.4983, train/MSE: 0.5099, train/RMSE: 0.7141, train/MAPE: 2.8205, train/WAPE: 0.7742]
2026-03-10 14:31:13,530 - BasicTS-training - INFO - Start validation.
2026-03-10 14:33:19,814 - BasicTS-training - INFO - Result <val>: [val/time: 126.28 (s), val/loss: 0.7007, val/MAE: 0.7007, val/MSE: 1.0814, val/RMSE: 1.0399, val/MAPE: 3.0519, val/WAPE: 0.8766]
2026-03-10 14:35:24,384 - BasicTS-training - INFO - Result <test>: [test/time: 123.70 (s), test/loss: 0.4797, test/MAE: 0.4797, test/MSE: 0.5242, test/RMSE: 0.7240, test/MAPE: 2.5551, test/WAPE: 0.6897]
2026-03-10 14:35:26,671 - BasicTS-training - INFO - Checkpoint /mnt/users/rwl/MATS/results/main/MATS-Full-ETTm1-720/900d7ca85bca4c2ead552194e8afc410/MATSArch_041.pt saved
2026-03-10 14:35:26,671 - BasicTS-training - INFO - The estimated training finish time is 2026-03-11 02:07:42
2026-03-10 14:35:26,671 - BasicTS-training - INFO - Epoch 42 / 100
2026-03-10 14:42:48,671 - BasicTS-training - INFO - Result <train>: [train/time: 442.00 (s), train/lr: 3.20e-04, train/loss: 0.4982, train/MAE: 0.4982, train/MSE: 0.5099, train/RMSE: 0.7141, train/MAPE: 2.8212, train/WAPE: 0.7741]
2026-03-10 14:42:49,507 - BasicTS-training - INFO - Start validation.
2026-03-10 14:44:54,409 - BasicTS-training - INFO - Result <val>: [val/time: 124.90 (s), val/loss: 0.6976, val/MAE: 0.6976, val/MSE: 1.0804, val/RMSE: 1.0394, val/MAPE: 3.0225, val/WAPE: 0.8746]
2026-03-10 14:47:00,021 - BasicTS-training - INFO - Result <test>: [test/time: 124.61 (s), test/loss: 0.4775, test/MAE: 0.4775, test/MSE: 0.5220, test/RMSE: 0.7225, test/MAPE: 2.6400, test/WAPE: 0.6890]
2026-03-10 14:47:01,695 - BasicTS-training - INFO - Checkpoint /mnt/users/rwl/MATS/results/main/MATS-Full-ETTm1-720/900d7ca85bca4c2ead552194e8afc410/MATSArch_042.pt saved
2026-03-10 14:47:01,695 - BasicTS-training - INFO - The estimated training finish time is 2026-03-11 02:07:21
2026-03-10 14:47:01,695 - BasicTS-training - INFO - Epoch 43 / 100
2026-03-10 14:54:25,615 - BasicTS-training - INFO - Result <train>: [train/time: 443.92 (s), train/lr: 3.12e-04, train/loss: 0.4982, train/MAE: 0.4982, train/MSE: 0.5097, train/RMSE: 0.7140, train/MAPE: 2.8204, train/WAPE: 0.7741]
2026-03-10 14:54:26,893 - BasicTS-training - INFO - Start validation.
2026-03-10 14:56:32,098 - BasicTS-training - INFO - Result <val>: [val/time: 125.20 (s), val/loss: 0.7022, val/MAE: 0.7022, val/MSE: 1.0872, val/RMSE: 1.0427, val/MAPE: 3.1274, val/WAPE: 0.8811]
2026-03-10 14:58:37,463 - BasicTS-training - INFO - Result <test>: [test/time: 124.06 (s), test/loss: 0.4831, test/MAE: 0.4831, test/MSE: 0.5287, test/RMSE: 0.7271, test/MAPE: 2.6954, test/WAPE: 0.6948]
2026-03-10 14:58:39,122 - BasicTS-training - INFO - Checkpoint /mnt/users/rwl/MATS/results/main/MATS-Full-ETTm1-720/900d7ca85bca4c2ead552194e8afc410/MATSArch_043.pt saved
2026-03-10 14:58:39,123 - BasicTS-training - INFO - The estimated training finish time is 2026-03-11 02:07:06
2026-03-10 14:58:39,123 - BasicTS-training - INFO - Epoch 44 / 100
2026-03-10 15:06:05,422 - BasicTS-training - INFO - Result <train>: [train/time: 446.30 (s), train/lr: 3.05e-04, train/loss: 0.4980, train/MAE: 0.4980, train/MSE: 0.5096, train/RMSE: 0.7138, train/MAPE: 2.8211, train/WAPE: 0.7739]
2026-03-10 15:06:07,032 - BasicTS-training - INFO - Start validation.
2026-03-10 15:08:11,168 - BasicTS-training - INFO - Result <val>: [val/time: 124.13 (s), val/loss: 0.7000, val/MAE: 0.7000, val/MSE: 1.0904, val/RMSE: 1.0442, val/MAPE: 3.0922, val/WAPE: 0.8801]
2026-03-10 15:10:15,739 - BasicTS-training - INFO - Result <test>: [test/time: 123.21 (s), test/loss: 0.4812, test/MAE: 0.4812, test/MSE: 0.5318, test/RMSE: 0.7293, test/MAPE: 2.6328, test/WAPE: 0.6927]
2026-03-10 15:10:18,007 - BasicTS-training - INFO - Checkpoint /mnt/users/rwl/MATS/results/main/MATS-Full-ETTm1-720/900d7ca85bca4c2ead552194e8afc410/MATSArch_044.pt saved
2026-03-10 15:10:18,007 - BasicTS-training - INFO - The estimated training finish time is 2026-03-11 02:06:55
2026-03-10 15:10:18,007 - BasicTS-training - INFO - Epoch 45 / 100
2026-03-10 15:17:40,129 - BasicTS-training - INFO - Result <train>: [train/time: 442.12 (s), train/lr: 2.97e-04, train/loss: 0.4981, train/MAE: 0.4981, train/MSE: 0.5097, train/RMSE: 0.7139, train/MAPE: 2.8203, train/WAPE: 0.7739]
2026-03-10 15:17:40,895 - BasicTS-training - INFO - Start validation.
2026-03-10 15:19:45,521 - BasicTS-training - INFO - Result <val>: [val/time: 124.62 (s), val/loss: 0.6979, val/MAE: 0.6979, val/MSE: 1.0827, val/RMSE: 1.0405, val/MAPE: 3.0507, val/WAPE: 0.8753]
2026-03-10 15:21:52,866 - BasicTS-training - INFO - Result <test>: [test/time: 126.29 (s), test/loss: 0.4789, test/MAE: 0.4789, test/MSE: 0.5246, test/RMSE: 0.7243, test/MAPE: 2.6930, test/WAPE: 0.6911]
2026-03-10 15:21:55,395 - BasicTS-training - INFO - Checkpoint /mnt/users/rwl/MATS/results/main/MATS-Full-ETTm1-720/900d7ca85bca4c2ead552194e8afc410/MATSArch_045.pt saved
2026-03-10 15:21:55,396 - BasicTS-training - INFO - The estimated training finish time is 2026-03-11 02:06:41
2026-03-10 15:21:55,396 - BasicTS-training - INFO - Epoch 46 / 100
2026-03-10 15:29:14,826 - BasicTS-training - INFO - Result <train>: [train/time: 439.43 (s), train/lr: 2.89e-04, train/loss: 0.4980, train/MAE: 0.4980, train/MSE: 0.5096, train/RMSE: 0.7139, train/MAPE: 2.8201, train/WAPE: 0.7738]
2026-03-10 15:29:16,700 - BasicTS-training - INFO - Start validation.
2026-03-10 15:31:20,492 - BasicTS-training - INFO - Result <val>: [val/time: 123.79 (s), val/loss: 0.6993, val/MAE: 0.6993, val/MSE: 1.0829, val/RMSE: 1.0406, val/MAPE: 3.0560, val/WAPE: 0.8767]
2026-03-10 15:33:26,730 - BasicTS-training - INFO - Result <test>: [test/time: 125.32 (s), test/loss: 0.4794, test/MAE: 0.4794, test/MSE: 0.5248, test/RMSE: 0.7244, test/MAPE: 2.5930, test/WAPE: 0.6901]
2026-03-10 15:33:30,002 - BasicTS-training - INFO - Checkpoint /mnt/users/rwl/MATS/results/main/MATS-Full-ETTm1-720/900d7ca85bca4c2ead552194e8afc410/MATSArch_046.pt saved
2026-03-10 15:33:30,003 - BasicTS-training - INFO - The estimated training finish time is 2026-03-11 02:06:22
2026-03-10 15:33:30,003 - BasicTS-training - INFO - Epoch 47 / 100
2026-03-10 15:40:48,518 - BasicTS-training - INFO - Result <train>: [train/time: 438.51 (s), train/lr: 2.81e-04, train/loss: 0.4979, train/MAE: 0.4979, train/MSE: 0.5095, train/RMSE: 0.7138, train/MAPE: 2.8202, train/WAPE: 0.7737]
2026-03-10 15:40:50,155 - BasicTS-training - INFO - Start validation.
2026-03-10 15:42:55,029 - BasicTS-training - INFO - Result <val>: [val/time: 124.87 (s), val/loss: 0.6994, val/MAE: 0.6994, val/MSE: 1.0799, val/RMSE: 1.0392, val/MAPE: 3.0802, val/WAPE: 0.8762]
2026-03-10 15:44:59,526 - BasicTS-training - INFO - Result <test>: [test/time: 123.05 (s), test/loss: 0.4788, test/MAE: 0.4788, test/MSE: 0.5220, test/RMSE: 0.7225, test/MAPE: 2.6537, test/WAPE: 0.6899]
2026-03-10 15:45:02,105 - BasicTS-training - INFO - Checkpoint /mnt/users/rwl/MATS/results/main/MATS-Full-ETTm1-720/900d7ca85bca4c2ead552194e8afc410/MATSArch_047.pt saved
2026-03-10 15:45:02,105 - BasicTS-training - INFO - The estimated training finish time is 2026-03-11 02:05:59
2026-03-10 15:45:02,105 - BasicTS-training - INFO - Epoch 48 / 100
2026-03-10 15:52:22,264 - BasicTS-training - INFO - Result <train>: [train/time: 440.16 (s), train/lr: 2.74e-04, train/loss: 0.4979, train/MAE: 0.4979, train/MSE: 0.5094, train/RMSE: 0.7137, train/MAPE: 2.8190, train/WAPE: 0.7736]
2026-03-10 15:52:23,925 - BasicTS-training - INFO - Start validation.
2026-03-10 15:54:27,940 - BasicTS-training - INFO - Result <val>: [val/time: 124.01 (s), val/loss: 0.7016, val/MAE: 0.7016, val/MSE: 1.0904, val/RMSE: 1.0442, val/MAPE: 3.1376, val/WAPE: 0.8819]
2026-03-10 15:56:32,457 - BasicTS-training - INFO - Result <test>: [test/time: 123.53 (s), test/loss: 0.4801, test/MAE: 0.4801, test/MSE: 0.5272, test/RMSE: 0.7261, test/MAPE: 2.6395, test/WAPE: 0.6912]
2026-03-10 15:56:34,429 - BasicTS-training - INFO - Checkpoint /mnt/users/rwl/MATS/results/main/MATS-Full-ETTm1-720/900d7ca85bca4c2ead552194e8afc410/MATSArch_048.pt saved
2026-03-10 15:56:34,429 - BasicTS-training - INFO - The estimated training finish time is 2026-03-11 02:05:36
2026-03-10 15:56:34,429 - BasicTS-training - INFO - Epoch 49 / 100
2026-03-10 16:03:49,185 - BasicTS-training - INFO - Result <train>: [train/time: 434.76 (s), train/lr: 2.66e-04, train/loss: 0.4977, train/MAE: 0.4977, train/MSE: 0.5093, train/RMSE: 0.7137, train/MAPE: 2.8174, train/WAPE: 0.7734]
2026-03-10 16:03:50,646 - BasicTS-training - INFO - Start validation.
2026-03-10 16:05:53,427 - BasicTS-training - INFO - Result <val>: [val/time: 122.78 (s), val/loss: 0.6983, val/MAE: 0.6983, val/MSE: 1.0814, val/RMSE: 1.0399, val/MAPE: 3.0819, val/WAPE: 0.8765]
2026-03-10 16:07:58,603 - BasicTS-training - INFO - Result <test>: [test/time: 124.14 (s), test/loss: 0.4792, test/MAE: 0.4792, test/MSE: 0.5245, test/RMSE: 0.7242, test/MAPE: 2.6696, test/WAPE: 0.6912]
2026-03-10 16:08:00,293 - BasicTS-training - INFO - Checkpoint /mnt/users/rwl/MATS/results/main/MATS-Full-ETTm1-720/900d7ca85bca4c2ead552194e8afc410/MATSArch_049.pt saved
2026-03-10 16:08:00,293 - BasicTS-training - INFO - The estimated training finish time is 2026-03-11 02:05:02
2026-03-10 16:08:00,293 - BasicTS-training - INFO - Epoch 50 / 100
2026-03-10 16:15:20,173 - BasicTS-training - INFO - Result <train>: [train/time: 439.88 (s), train/lr: 2.58e-04, train/loss: 0.4977, train/MAE: 0.4977, train/MSE: 0.5092, train/RMSE: 0.7136, train/MAPE: 2.8177, train/WAPE: 0.7733]
2026-03-10 16:15:20,974 - BasicTS-training - INFO - Start validation.
2026-03-10 16:17:23,642 - BasicTS-training - INFO - Result <val>: [val/time: 122.67 (s), val/loss: 0.7005, val/MAE: 0.7005, val/MSE: 1.0826, val/RMSE: 1.0405, val/MAPE: 3.0992, val/WAPE: 0.8779]
2026-03-10 16:19:28,013 - BasicTS-training - INFO - Result <test>: [test/time: 123.50 (s), test/loss: 0.4787, test/MAE: 0.4787, test/MSE: 0.5221, test/RMSE: 0.7226, test/MAPE: 2.5886, test/WAPE: 0.6882]
2026-03-10 16:19:31,159 - BasicTS-training - INFO - Checkpoint /mnt/users/rwl/MATS/results/main/MATS-Full-ETTm1-720/900d7ca85bca4c2ead552194e8afc410/MATSArch_050.pt saved
2026-03-10 16:19:32,556 - BasicTS-training - INFO - The estimated training finish time is 2026-03-11 02:04:42
2026-03-10 16:19:32,556 - BasicTS-training - INFO - Epoch 51 / 100
2026-03-10 16:26:54,585 - BasicTS-training - INFO - Result <train>: [train/time: 442.03 (s), train/lr: 2.50e-04, train/loss: 0.4977, train/MAE: 0.4977, train/MSE: 0.5093, train/RMSE: 0.7137, train/MAPE: 2.8175, train/WAPE: 0.7734]
2026-03-10 16:26:55,843 - BasicTS-training - INFO - Start validation.
2026-03-10 16:28:59,874 - BasicTS-training - INFO - Result <val>: [val/time: 124.03 (s), val/loss: 0.6962, val/MAE: 0.6962, val/MSE: 1.0785, val/RMSE: 1.0385, val/MAPE: 3.0336, val/WAPE: 0.8740]
2026-03-10 16:29:02,362 - BasicTS-training - INFO - Checkpoint /mnt/users/rwl/MATS/results/main/MATS-Full-ETTm1-720/900d7ca85bca4c2ead552194e8afc410/MATSArch_best_val_MAE.pt saved
2026-03-10 16:31:08,211 - BasicTS-training - INFO - Result <test>: [test/time: 125.85 (s), test/loss: 0.4773, test/MAE: 0.4773, test/MSE: 0.5232, test/RMSE: 0.7233, test/MAPE: 2.6326, test/WAPE: 0.6878]
2026-03-10 16:31:10,396 - BasicTS-training - INFO - Checkpoint /mnt/users/rwl/MATS/results/main/MATS-Full-ETTm1-720/900d7ca85bca4c2ead552194e8afc410/MATSArch_051.pt saved
2026-03-10 16:31:10,397 - BasicTS-training - INFO - The estimated training finish time is 2026-03-11 02:04:33
2026-03-10 16:31:10,397 - BasicTS-training - INFO - Epoch 52 / 100
2026-03-10 16:38:29,225 - BasicTS-training - INFO - Result <train>: [train/time: 438.83 (s), train/lr: 2.42e-04, train/loss: 0.4975, train/MAE: 0.4975, train/MSE: 0.5091, train/RMSE: 0.7135, train/MAPE: 2.8162, train/WAPE: 0.7731]
2026-03-10 16:38:30,688 - BasicTS-training - INFO - Start validation.
2026-03-10 16:40:33,867 - BasicTS-training - INFO - Result <val>: [val/time: 123.18 (s), val/loss: 0.7004, val/MAE: 0.7004, val/MSE: 1.0891, val/RMSE: 1.0436, val/MAPE: 3.0678, val/WAPE: 0.8802]
2026-03-10 16:42:39,725 - BasicTS-training - INFO - Result <test>: [test/time: 124.49 (s), test/loss: 0.4816, test/MAE: 0.4816, test/MSE: 0.5295, test/RMSE: 0.7277, test/MAPE: 2.7007, test/WAPE: 0.6931]
2026-03-10 16:42:41,314 - BasicTS-training - INFO - Checkpoint /mnt/users/rwl/MATS/results/main/MATS-Full-ETTm1-720/900d7ca85bca4c2ead552194e8afc410/MATSArch_052.pt saved
2026-03-10 16:42:41,314 - BasicTS-training - INFO - The estimated training finish time is 2026-03-11 02:04:11
2026-03-10 16:42:41,314 - BasicTS-training - INFO - Epoch 53 / 100
2026-03-10 16:49:59,850 - BasicTS-training - INFO - Result <train>: [train/time: 438.54 (s), train/lr: 2.34e-04, train/loss: 0.4975, train/MAE: 0.4975, train/MSE: 0.5091, train/RMSE: 0.7135, train/MAPE: 2.8172, train/WAPE: 0.7731]
2026-03-10 16:50:01,270 - BasicTS-training - INFO - Start validation.
2026-03-10 16:52:07,401 - BasicTS-training - INFO - Result <val>: [val/time: 126.13 (s), val/loss: 0.6970, val/MAE: 0.6970, val/MSE: 1.0810, val/RMSE: 1.0397, val/MAPE: 3.1016, val/WAPE: 0.8762]
2026-03-10 16:54:13,678 - BasicTS-training - INFO - Result <test>: [test/time: 125.04 (s), test/loss: 0.4803, test/MAE: 0.4803, test/MSE: 0.5271, test/RMSE: 0.7260, test/MAPE: 2.7458, test/WAPE: 0.6933]
2026-03-10 16:54:15,734 - BasicTS-training - INFO - Checkpoint /mnt/users/rwl/MATS/results/main/MATS-Full-ETTm1-720/900d7ca85bca4c2ead552194e8afc410/MATSArch_053.pt saved
2026-03-10 16:54:15,734 - BasicTS-training - INFO - The estimated training finish time is 2026-03-11 02:03:57
2026-03-10 16:54:15,734 - BasicTS-training - INFO - Epoch 54 / 100
2026-03-10 17:01:31,953 - BasicTS-training - INFO - Result <train>: [train/time: 436.22 (s), train/lr: 2.26e-04, train/loss: 0.4975, train/MAE: 0.4975, train/MSE: 0.5090, train/RMSE: 0.7135, train/MAPE: 2.8168, train/WAPE: 0.7731]
2026-03-10 17:01:33,345 - BasicTS-training - INFO - Start validation.
2026-03-10 17:03:38,411 - BasicTS-training - INFO - Result <val>: [val/time: 125.06 (s), val/loss: 0.6979, val/MAE: 0.6979, val/MSE: 1.0847, val/RMSE: 1.0415, val/MAPE: 3.0332, val/WAPE: 0.8768]
2026-03-10 17:05:42,469 - BasicTS-training - INFO - Result <test>: [test/time: 122.59 (s), test/loss: 0.4792, test/MAE: 0.4792, test/MSE: 0.5273, test/RMSE: 0.7261, test/MAPE: 2.6924, test/WAPE: 0.6918]
2026-03-10 17:05:44,879 - BasicTS-training - INFO - Checkpoint /mnt/users/rwl/MATS/results/main/MATS-Full-ETTm1-720/900d7ca85bca4c2ead552194e8afc410/MATSArch_054.pt saved
2026-03-10 17:05:44,879 - BasicTS-training - INFO - The estimated training finish time is 2026-03-11 02:03:34
2026-03-10 17:05:44,879 - BasicTS-training - INFO - Epoch 55 / 100
2026-03-10 17:13:06,581 - BasicTS-training - INFO - Result <train>: [train/time: 441.70 (s), train/lr: 2.19e-04, train/loss: 0.4974, train/MAE: 0.4974, train/MSE: 0.5089, train/RMSE: 0.7134, train/MAPE: 2.8150, train/WAPE: 0.7729]
2026-03-10 17:13:08,091 - BasicTS-training - INFO - Start validation.
2026-03-10 17:15:11,074 - BasicTS-training - INFO - Result <val>: [val/time: 122.98 (s), val/loss: 0.6974, val/MAE: 0.6974, val/MSE: 1.0836, val/RMSE: 1.0410, val/MAPE: 3.0165, val/WAPE: 0.8762]
2026-03-10 17:17:13,657 - BasicTS-training - INFO - Result <test>: [test/time: 121.46 (s), test/loss: 0.4780, test/MAE: 0.4780, test/MSE: 0.5253, test/RMSE: 0.7248, test/MAPE: 2.6412, test/WAPE: 0.6894]
2026-03-10 17:17:16,385 - BasicTS-training - INFO - Checkpoint /mnt/users/rwl/MATS/results/main/MATS-Full-ETTm1-720/900d7ca85bca4c2ead552194e8afc410/MATSArch_055.pt saved
2026-03-10 17:17:16,386 - BasicTS-training - INFO - The estimated training finish time is 2026-03-11 02:03:16
2026-03-10 17:17:16,386 - BasicTS-training - INFO - Epoch 56 / 100
2026-03-10 17:24:34,994 - BasicTS-training - INFO - Result <train>: [train/time: 438.61 (s), train/lr: 2.11e-04, train/loss: 0.4973, train/MAE: 0.4973, train/MSE: 0.5088, train/RMSE: 0.7133, train/MAPE: 2.8146, train/WAPE: 0.7728]
2026-03-10 17:24:36,288 - BasicTS-training - INFO - Start validation.
2026-03-10 17:26:40,327 - BasicTS-training - INFO - Result <val>: [val/time: 124.04 (s), val/loss: 0.6982, val/MAE: 0.6982, val/MSE: 1.0837, val/RMSE: 1.0410, val/MAPE: 3.0818, val/WAPE: 0.8762]
2026-03-10 17:28:45,210 - BasicTS-training - INFO - Result <test>: [test/time: 123.31 (s), test/loss: 0.4770, test/MAE: 0.4770, test/MSE: 0.5230, test/RMSE: 0.7232, test/MAPE: 2.5702, test/WAPE: 0.6866]
2026-03-10 17:28:47,434 - BasicTS-training - INFO - Checkpoint /mnt/users/rwl/MATS/results/main/MATS-Full-ETTm1-720/900d7ca85bca4c2ead552194e8afc410/MATSArch_056.pt saved
2026-03-10 17:28:47,435 - BasicTS-training - INFO - The estimated training finish time is 2026-03-11 02:02:57
2026-03-10 17:28:47,435 - BasicTS-training - INFO - Epoch 57 / 100
2026-03-10 17:36:06,005 - BasicTS-training - INFO - Result <train>: [train/time: 438.57 (s), train/lr: 2.03e-04, train/loss: 0.4972, train/MAE: 0.4972, train/MSE: 0.5086, train/RMSE: 0.7131, train/MAPE: 2.8138, train/WAPE: 0.7726]
2026-03-10 17:36:07,281 - BasicTS-training - INFO - Start validation.
2026-03-10 17:38:10,141 - BasicTS-training - INFO - Result <val>: [val/time: 122.86 (s), val/loss: 0.6964, val/MAE: 0.6964, val/MSE: 1.0775, val/RMSE: 1.0380, val/MAPE: 3.0218, val/WAPE: 0.8723]
2026-03-10 17:40:13,979 - BasicTS-training - INFO - Result <test>: [test/time: 122.95 (s), test/loss: 0.4754, test/MAE: 0.4754, test/MSE: 0.5195, test/RMSE: 0.7207, test/MAPE: 2.5993, test/WAPE: 0.6866]
2026-03-10 17:40:16,002 - BasicTS-training - INFO - Checkpoint /mnt/users/rwl/MATS/results/main/MATS-Full-ETTm1-720/900d7ca85bca4c2ead552194e8afc410/MATSArch_057.pt saved
2026-03-10 17:40:16,002 - BasicTS-training - INFO - The estimated training finish time is 2026-03-11 02:02:35
2026-03-10 17:40:16,002 - BasicTS-training - INFO - Epoch 58 / 100
2026-03-10 17:47:34,111 - BasicTS-training - INFO - Result <train>: [train/time: 438.11 (s), train/lr: 1.95e-04, train/loss: 0.4971, train/MAE: 0.4971, train/MSE: 0.5086, train/RMSE: 0.7132, train/MAPE: 2.8131, train/WAPE: 0.7725]
2026-03-10 17:47:34,902 - BasicTS-training - INFO - Start validation.
2026-03-10 17:49:40,371 - BasicTS-training - INFO - Result <val>: [val/time: 125.47 (s), val/loss: 0.6973, val/MAE: 0.6973, val/MSE: 1.0805, val/RMSE: 1.0395, val/MAPE: 3.0301, val/WAPE: 0.8734]
2026-03-10 17:51:47,536 - BasicTS-training - INFO - Result <test>: [test/time: 125.96 (s), test/loss: 0.4766, test/MAE: 0.4766, test/MSE: 0.5218, test/RMSE: 0.7224, test/MAPE: 2.6320, test/WAPE: 0.6877]
2026-03-10 17:51:50,096 - BasicTS-training - INFO - Checkpoint /mnt/users/rwl/MATS/results/main/MATS-Full-ETTm1-720/900d7ca85bca4c2ead552194e8afc410/MATSArch_058.pt saved
2026-03-10 17:51:50,096 - BasicTS-training - INFO - The estimated training finish time is 2026-03-11 02:02:24
2026-03-10 17:51:50,097 - BasicTS-training - INFO - Epoch 59 / 100
2026-03-10 17:59:05,146 - BasicTS-training - INFO - Result <train>: [train/time: 435.05 (s), train/lr: 1.88e-04, train/loss: 0.4970, train/MAE: 0.4970, train/MSE: 0.5085, train/RMSE: 0.7131, train/MAPE: 2.8141, train/WAPE: 0.7724]
2026-03-10 17:59:06,356 - BasicTS-training - INFO - Start validation.
2026-03-10 18:01:10,171 - BasicTS-training - INFO - Result <val>: [val/time: 123.81 (s), val/loss: 0.6960, val/MAE: 0.6960, val/MSE: 1.0794, val/RMSE: 1.0390, val/MAPE: 3.0345, val/WAPE: 0.8732]
2026-03-10 18:01:12,324 - BasicTS-training - INFO - Checkpoint /mnt/users/rwl/MATS/results/main/MATS-Full-ETTm1-720/900d7ca85bca4c2ead552194e8afc410/MATSArch_best_val_MAE.pt saved
2026-03-10 18:03:16,031 - BasicTS-training - INFO - Result <test>: [test/time: 123.71 (s), test/loss: 0.4779, test/MAE: 0.4779, test/MSE: 0.5230, test/RMSE: 0.7232, test/MAPE: 2.7233, test/WAPE: 0.6911]
2026-03-10 18:03:18,379 - BasicTS-training - INFO - Checkpoint /mnt/users/rwl/MATS/results/main/MATS-Full-ETTm1-720/900d7ca85bca4c2ead552194e8afc410/MATSArch_059.pt saved
2026-03-10 18:03:18,379 - BasicTS-training - INFO - The estimated training finish time is 2026-03-11 02:02:02
2026-03-10 18:03:18,379 - BasicTS-training - INFO - Epoch 60 / 100
2026-03-10 18:10:39,519 - BasicTS-training - INFO - Result <train>: [train/time: 441.14 (s), train/lr: 1.80e-04, train/loss: 0.4970, train/MAE: 0.4970, train/MSE: 0.5085, train/RMSE: 0.7131, train/MAPE: 2.8126, train/WAPE: 0.7723]
2026-03-10 18:10:40,871 - BasicTS-training - INFO - Start validation.
2026-03-10 18:12:45,757 - BasicTS-training - INFO - Result <val>: [val/time: 124.88 (s), val/loss: 0.6978, val/MAE: 0.6978, val/MSE: 1.0834, val/RMSE: 1.0409, val/MAPE: 3.1014, val/WAPE: 0.8769]
2026-03-10 18:14:49,908 - BasicTS-training - INFO - Result <test>: [test/time: 122.43 (s), test/loss: 0.4802, test/MAE: 0.4802, test/MSE: 0.5264, test/RMSE: 0.7255, test/MAPE: 2.7733, test/WAPE: 0.6937]
2026-03-10 18:14:51,706 - BasicTS-training - INFO - Checkpoint /mnt/users/rwl/MATS/results/main/MATS-Full-ETTm1-720/900d7ca85bca4c2ead552194e8afc410/MATSArch_060.pt saved
2026-03-10 18:14:52,372 - BasicTS-training - INFO - The estimated training finish time is 2026-03-11 02:01:51
2026-03-10 18:14:52,372 - BasicTS-training - INFO - Epoch 61 / 100
2026-03-10 18:22:07,578 - BasicTS-training - INFO - Result <train>: [train/time: 435.21 (s), train/lr: 1.73e-04, train/loss: 0.4969, train/MAE: 0.4969, train/MSE: 0.5083, train/RMSE: 0.7130, train/MAPE: 2.8120, train/WAPE: 0.7722]
2026-03-10 18:22:09,321 - BasicTS-training - INFO - Start validation.
2026-03-10 18:24:14,204 - BasicTS-training - INFO - Result <val>: [val/time: 124.88 (s), val/loss: 0.7042, val/MAE: 0.7042, val/MSE: 1.0900, val/RMSE: 1.0440, val/MAPE: 3.1782, val/WAPE: 0.8825]
2026-03-10 18:26:16,428 - BasicTS-training - INFO - Result <test>: [test/time: 121.10 (s), test/loss: 0.4825, test/MAE: 0.4825, test/MSE: 0.5267, test/RMSE: 0.7258, test/MAPE: 2.7057, test/WAPE: 0.6945]
2026-03-10 18:26:18,748 - BasicTS-training - INFO - Checkpoint /mnt/users/rwl/MATS/results/main/MATS-Full-ETTm1-720/900d7ca85bca4c2ead552194e8afc410/MATSArch_061.pt saved
2026-03-10 18:26:18,749 - BasicTS-training - INFO - The estimated training finish time is 2026-03-11 02:01:28
2026-03-10 18:26:18,749 - BasicTS-training - INFO - Epoch 62 / 100
2026-03-10 18:33:43,248 - BasicTS-training - INFO - Result <train>: [train/time: 444.50 (s), train/lr: 1.65e-04, train/loss: 0.4969, train/MAE: 0.4969, train/MSE: 0.5083, train/RMSE: 0.7130, train/MAPE: 2.8127, train/WAPE: 0.7722]
2026-03-10 18:33:44,955 - BasicTS-training - INFO - Start validation.
2026-03-10 18:35:46,882 - BasicTS-training - INFO - Result <val>: [val/time: 121.93 (s), val/loss: 0.6978, val/MAE: 0.6978, val/MSE: 1.0844, val/RMSE: 1.0413, val/MAPE: 3.0830, val/WAPE: 0.8772]
2026-03-10 18:37:49,543 - BasicTS-training - INFO - Result <test>: [test/time: 121.97 (s), test/loss: 0.4774, test/MAE: 0.4774, test/MSE: 0.5234, test/RMSE: 0.7235, test/MAPE: 2.6405, test/WAPE: 0.6883]
2026-03-10 18:37:51,394 - BasicTS-training - INFO - Checkpoint /mnt/users/rwl/MATS/results/main/MATS-Full-ETTm1-720/900d7ca85bca4c2ead552194e8afc410/MATSArch_062.pt saved
2026-03-10 18:37:51,395 - BasicTS-training - INFO - The estimated training finish time is 2026-03-11 02:01:16
2026-03-10 18:37:51,395 - BasicTS-training - INFO - Epoch 63 / 100
2026-03-10 18:45:09,863 - BasicTS-training - INFO - Result <train>: [train/time: 438.47 (s), train/lr: 1.58e-04, train/loss: 0.4968, train/MAE: 0.4968, train/MSE: 0.5082, train/RMSE: 0.7129, train/MAPE: 2.8119, train/WAPE: 0.7721]
2026-03-10 18:45:10,628 - BasicTS-training - INFO - Start validation.
2026-03-10 18:47:14,050 - BasicTS-training - INFO - Result <val>: [val/time: 123.42 (s), val/loss: 0.6952, val/MAE: 0.6952, val/MSE: 1.0768, val/RMSE: 1.0377, val/MAPE: 3.0383, val/WAPE: 0.8730]
2026-03-10 18:47:16,118 - BasicTS-training - INFO - Checkpoint /mnt/users/rwl/MATS/results/main/MATS-Full-ETTm1-720/900d7ca85bca4c2ead552194e8afc410/MATSArch_best_val_MAE.pt saved
2026-03-10 18:49:22,075 - BasicTS-training - INFO - Result <test>: [test/time: 125.96 (s), test/loss: 0.4755, test/MAE: 0.4755, test/MSE: 0.5205, test/RMSE: 0.7215, test/MAPE: 2.6049, test/WAPE: 0.6862]
2026-03-10 18:49:24,337 - BasicTS-training - INFO - Checkpoint /mnt/users/rwl/MATS/results/main/MATS-Full-ETTm1-720/900d7ca85bca4c2ead552194e8afc410/MATSArch_063.pt saved
2026-03-10 18:49:24,338 - BasicTS-training - INFO - The estimated training finish time is 2026-03-11 02:01:04
2026-03-10 18:49:24,338 - BasicTS-training - INFO - Epoch 64 / 100
2026-03-10 18:56:46,113 - BasicTS-training - INFO - Result <train>: [train/time: 441.77 (s), train/lr: 1.51e-04, train/loss: 0.4967, train/MAE: 0.4967, train/MSE: 0.5081, train/RMSE: 0.7128, train/MAPE: 2.8097, train/WAPE: 0.7718]
2026-03-10 18:56:47,483 - BasicTS-training - INFO - Start validation.
2026-03-10 18:58:49,820 - BasicTS-training - INFO - Result <val>: [val/time: 122.34 (s), val/loss: 0.7036, val/MAE: 0.7036, val/MSE: 1.0876, val/RMSE: 1.0429, val/MAPE: 3.2066, val/WAPE: 0.8822]
2026-03-10 19:00:54,240 - BasicTS-training - INFO - Result <test>: [test/time: 123.45 (s), test/loss: 0.4822, test/MAE: 0.4822, test/MSE: 0.5260, test/RMSE: 0.7253, test/MAPE: 2.7245, test/WAPE: 0.6937]
2026-03-10 19:00:56,275 - BasicTS-training - INFO - Checkpoint /mnt/users/rwl/MATS/results/main/MATS-Full-ETTm1-720/900d7ca85bca4c2ead552194e8afc410/MATSArch_064.pt saved
2026-03-10 19:00:56,276 - BasicTS-training - INFO - The estimated training finish time is 2026-03-11 02:00:52
2026-03-10 19:00:56,276 - BasicTS-training - INFO - Epoch 65 / 100
2026-03-10 19:08:15,531 - BasicTS-training - INFO - Result <train>: [train/time: 439.25 (s), train/lr: 1.44e-04, train/loss: 0.4966, train/MAE: 0.4966, train/MSE: 0.5080, train/RMSE: 0.7127, train/MAPE: 2.8089, train/WAPE: 0.7717]
2026-03-10 19:08:17,511 - BasicTS-training - INFO - Start validation.
2026-03-10 19:10:24,895 - BasicTS-training - INFO - Result <val>: [val/time: 127.38 (s), val/loss: 0.6979, val/MAE: 0.6979, val/MSE: 1.0842, val/RMSE: 1.0412, val/MAPE: 3.0783, val/WAPE: 0.8763]
2026-03-10 19:12:32,250 - BasicTS-training - INFO - Result <test>: [test/time: 125.57 (s), test/loss: 0.4776, test/MAE: 0.4776, test/MSE: 0.5247, test/RMSE: 0.7244, test/MAPE: 2.6641, test/WAPE: 0.6896]
2026-03-10 19:12:34,595 - BasicTS-training - INFO - Checkpoint /mnt/users/rwl/MATS/results/main/MATS-Full-ETTm1-720/900d7ca85bca4c2ead552194e8afc410/MATSArch_065.pt saved
2026-03-10 19:12:34,596 - BasicTS-training - INFO - The estimated training finish time is 2026-03-11 02:00:49
2026-03-10 19:12:34,596 - BasicTS-training - INFO - Epoch 66 / 100
2026-03-10 19:19:46,750 - BasicTS-training - INFO - Result <train>: [train/time: 432.15 (s), train/lr: 1.37e-04, train/loss: 0.4965, train/MAE: 0.4965, train/MSE: 0.5079, train/RMSE: 0.7127, train/MAPE: 2.8106, train/WAPE: 0.7717]
2026-03-10 19:19:47,880 - BasicTS-training - INFO - Start validation.
2026-03-10 19:21:52,081 - BasicTS-training - INFO - Result <val>: [val/time: 124.20 (s), val/loss: 0.6957, val/MAE: 0.6957, val/MSE: 1.0802, val/RMSE: 1.0393, val/MAPE: 3.0799, val/WAPE: 0.8748]
2026-03-10 19:23:56,779 - BasicTS-training - INFO - Result <test>: [test/time: 123.63 (s), test/loss: 0.4766, test/MAE: 0.4766, test/MSE: 0.5221, test/RMSE: 0.7226, test/MAPE: 2.6508, test/WAPE: 0.6878]
2026-03-10 19:23:58,987 - BasicTS-training - INFO - Checkpoint /mnt/users/rwl/MATS/results/main/MATS-Full-ETTm1-720/900d7ca85bca4c2ead552194e8afc410/MATSArch_066.pt saved
2026-03-10 19:23:58,987 - BasicTS-training - INFO - The estimated training finish time is 2026-03-11 02:00:26
2026-03-10 19:23:58,987 - BasicTS-training - INFO - Epoch 67 / 100
2026-03-10 19:31:14,602 - BasicTS-training - INFO - Result <train>: [train/time: 435.61 (s), train/lr: 1.30e-04, train/loss: 0.4964, train/MAE: 0.4964, train/MSE: 0.5079, train/RMSE: 0.7127, train/MAPE: 2.8093, train/WAPE: 0.7715]
2026-03-10 19:31:16,308 - BasicTS-training - INFO - Start validation.
2026-03-10 19:33:20,739 - BasicTS-training - INFO - Result <val>: [val/time: 124.43 (s), val/loss: 0.6972, val/MAE: 0.6972, val/MSE: 1.0809, val/RMSE: 1.0397, val/MAPE: 3.0811, val/WAPE: 0.8753]
2026-03-10 19:35:22,870 - BasicTS-training - INFO - Result <test>: [test/time: 121.08 (s), test/loss: 0.4757, test/MAE: 0.4757, test/MSE: 0.5209, test/RMSE: 0.7217, test/MAPE: 2.5949, test/WAPE: 0.6859]
2026-03-10 19:35:25,347 - BasicTS-training - INFO - Checkpoint /mnt/users/rwl/MATS/results/main/MATS-Full-ETTm1-720/900d7ca85bca4c2ead552194e8afc410/MATSArch_067.pt saved
2026-03-10 19:35:25,348 - BasicTS-training - INFO - The estimated training finish time is 2026-03-11 02:00:06
2026-03-10 19:35:25,348 - BasicTS-training - INFO - Epoch 68 / 100
2026-03-10 19:42:37,972 - BasicTS-training - INFO - Result <train>: [train/time: 432.62 (s), train/lr: 1.23e-04, train/loss: 0.4964, train/MAE: 0.4964, train/MSE: 0.5078, train/RMSE: 0.7126, train/MAPE: 2.8076, train/WAPE: 0.7714]
2026-03-10 19:42:39,186 - BasicTS-training - INFO - Start validation.
2026-03-10 19:44:43,902 - BasicTS-training - INFO - Result <val>: [val/time: 124.72 (s), val/loss: 0.6945, val/MAE: 0.6945, val/MSE: 1.0763, val/RMSE: 1.0375, val/MAPE: 3.0268, val/WAPE: 0.8727]
2026-03-10 19:44:45,853 - BasicTS-training - INFO - Checkpoint /mnt/users/rwl/MATS/results/main/MATS-Full-ETTm1-720/900d7ca85bca4c2ead552194e8afc410/MATSArch_best_val_MAE.pt saved
2026-03-10 19:46:47,956 - BasicTS-training - INFO - Result <test>: [test/time: 122.10 (s), test/loss: 0.4747, test/MAE: 0.4747, test/MSE: 0.5187, test/RMSE: 0.7202, test/MAPE: 2.6363, test/WAPE: 0.6855]
2026-03-10 19:46:50,737 - BasicTS-training - INFO - Checkpoint /mnt/users/rwl/MATS/results/main/MATS-Full-ETTm1-720/900d7ca85bca4c2ead552194e8afc410/MATSArch_068.pt saved
2026-03-10 19:46:50,738 - BasicTS-training - INFO - The estimated training finish time is 2026-03-11 01:59:45
2026-03-10 19:46:50,738 - BasicTS-training - INFO - Epoch 69 / 100
2026-03-10 19:54:13,469 - BasicTS-training - INFO - Result <train>: [train/time: 442.73 (s), train/lr: 1.16e-04, train/loss: 0.4963, train/MAE: 0.4963, train/MSE: 0.5078, train/RMSE: 0.7126, train/MAPE: 2.8069, train/WAPE: 0.7713]
2026-03-10 19:54:14,501 - BasicTS-training - INFO - Start validation.
2026-03-10 19:56:15,033 - BasicTS-training - INFO - Result <val>: [val/time: 120.53 (s), val/loss: 0.6961, val/MAE: 0.6961, val/MSE: 1.0820, val/RMSE: 1.0402, val/MAPE: 3.0664, val/WAPE: 0.8747]
2026-03-10 19:58:18,327 - BasicTS-training - INFO - Result <test>: [test/time: 121.76 (s), test/loss: 0.4770, test/MAE: 0.4770, test/MSE: 0.5247, test/RMSE: 0.7244, test/MAPE: 2.6737, test/WAPE: 0.6886]
2026-03-10 19:58:20,798 - BasicTS-training - INFO - Checkpoint /mnt/users/rwl/MATS/results/main/MATS-Full-ETTm1-720/900d7ca85bca4c2ead552194e8afc410/MATSArch_069.pt saved
2026-03-10 19:58:20,799 - BasicTS-training - INFO - The estimated training finish time is 2026-03-11 01:59:32
2026-03-10 19:58:20,799 - BasicTS-training - INFO - Epoch 70 / 100
2026-03-10 20:05:37,271 - BasicTS-training - INFO - Result <train>: [train/time: 436.47 (s), train/lr: 1.09e-04, train/loss: 0.4962, train/MAE: 0.4962, train/MSE: 0.5077, train/RMSE: 0.7126, train/MAPE: 2.8085, train/WAPE: 0.7713]
2026-03-10 20:05:37,917 - BasicTS-training - INFO - Start validation.
2026-03-10 20:07:41,769 - BasicTS-training - INFO - Result <val>: [val/time: 123.85 (s), val/loss: 0.6980, val/MAE: 0.6980, val/MSE: 1.0834, val/RMSE: 1.0409, val/MAPE: 3.1023, val/WAPE: 0.8774]
2026-03-10 20:09:49,642 - BasicTS-training - INFO - Result <test>: [test/time: 126.83 (s), test/loss: 0.4764, test/MAE: 0.4764, test/MSE: 0.5225, test/RMSE: 0.7228, test/MAPE: 2.5939, test/WAPE: 0.6870]
2026-03-10 20:09:51,869 - BasicTS-training - INFO - Checkpoint /mnt/users/rwl/MATS/results/main/MATS-Full-ETTm1-720/900d7ca85bca4c2ead552194e8afc410/MATSArch_070.pt saved
2026-03-10 20:09:52,559 - BasicTS-training - INFO - The estimated training finish time is 2026-03-11 01:59:21
2026-03-10 20:09:52,559 - BasicTS-training - INFO - Epoch 71 / 100
2026-03-10 20:17:10,730 - BasicTS-training - INFO - Result <train>: [train/time: 438.17 (s), train/lr: 1.03e-04, train/loss: 0.4961, train/MAE: 0.4961, train/MSE: 0.5075, train/RMSE: 0.7124, train/MAPE: 2.8066, train/WAPE: 0.7711]
2026-03-10 20:17:11,988 - BasicTS-training - INFO - Start validation.
2026-03-10 20:19:15,508 - BasicTS-training - INFO - Result <val>: [val/time: 123.52 (s), val/loss: 0.6952, val/MAE: 0.6952, val/MSE: 1.0774, val/RMSE: 1.0380, val/MAPE: 3.0356, val/WAPE: 0.8727]
2026-03-10 20:21:22,664 - BasicTS-training - INFO - Result <test>: [test/time: 125.22 (s), test/loss: 0.4731, test/MAE: 0.4731, test/MSE: 0.5171, test/RMSE: 0.7191, test/MAPE: 2.5495, test/WAPE: 0.6824]
2026-03-10 20:21:24,589 - BasicTS-training - INFO - Checkpoint /mnt/users/rwl/MATS/results/main/MATS-Full-ETTm1-720/900d7ca85bca4c2ead552194e8afc410/MATSArch_071.pt saved
2026-03-10 20:21:24,590 - BasicTS-training - INFO - The estimated training finish time is 2026-03-11 01:59:12
2026-03-10 20:21:24,590 - BasicTS-training - INFO - Epoch 72 / 100
2026-03-10 20:28:40,653 - BasicTS-training - INFO - Result <train>: [train/time: 436.06 (s), train/lr: 9.68e-05, train/loss: 0.4961, train/MAE: 0.4961, train/MSE: 0.5075, train/RMSE: 0.7124, train/MAPE: 2.8063, train/WAPE: 0.7710]
2026-03-10 20:28:41,943 - BasicTS-training - INFO - Start validation.
2026-03-10 20:30:48,547 - BasicTS-training - INFO - Result <val>: [val/time: 126.60 (s), val/loss: 0.6952, val/MAE: 0.6952, val/MSE: 1.0777, val/RMSE: 1.0381, val/MAPE: 3.0037, val/WAPE: 0.8722]
2026-03-10 20:32:55,662 - BasicTS-training - INFO - Result <test>: [test/time: 126.01 (s), test/loss: 0.4730, test/MAE: 0.4730, test/MSE: 0.5171, test/RMSE: 0.7191, test/MAPE: 2.6328, test/WAPE: 0.6844]
2026-03-10 20:32:57,523 - BasicTS-training - INFO - Checkpoint /mnt/users/rwl/MATS/results/main/MATS-Full-ETTm1-720/900d7ca85bca4c2ead552194e8afc410/MATSArch_072.pt saved
2026-03-10 20:32:57,524 - BasicTS-training - INFO - The estimated training finish time is 2026-03-11 01:59:03
2026-03-10 20:32:57,524 - BasicTS-training - INFO - Epoch 73 / 100
2026-03-10 20:40:11,424 - BasicTS-training - INFO - Result <train>: [train/time: 433.90 (s), train/lr: 9.06e-05, train/loss: 0.4959, train/MAE: 0.4959, train/MSE: 0.5073, train/RMSE: 0.7123, train/MAPE: 2.8044, train/WAPE: 0.7707]
2026-03-10 20:40:13,084 - BasicTS-training - INFO - Start validation.
2026-03-10 20:42:16,680 - BasicTS-training - INFO - Result <val>: [val/time: 123.59 (s), val/loss: 0.6970, val/MAE: 0.6970, val/MSE: 1.0809, val/RMSE: 1.0396, val/MAPE: 3.0557, val/WAPE: 0.8753]
2026-03-10 20:44:21,539 - BasicTS-training - INFO - Result <test>: [test/time: 123.77 (s), test/loss: 0.4737, test/MAE: 0.4737, test/MSE: 0.5180, test/RMSE: 0.7197, test/MAPE: 2.5951, test/WAPE: 0.6848]
2026-03-10 20:44:24,490 - BasicTS-training - INFO - Checkpoint /mnt/users/rwl/MATS/results/main/MATS-Full-ETTm1-720/900d7ca85bca4c2ead552194e8afc410/MATSArch_073.pt saved
2026-03-10 20:44:24,491 - BasicTS-training - INFO - The estimated training finish time is 2026-03-11 01:58:47
2026-03-10 20:44:24,491 - BasicTS-training - INFO - Epoch 74 / 100
2026-03-10 20:51:46,275 - BasicTS-training - INFO - Result <train>: [train/time: 441.78 (s), train/lr: 8.47e-05, train/loss: 0.4959, train/MAE: 0.4959, train/MSE: 0.5074, train/RMSE: 0.7123, train/MAPE: 2.8052, train/WAPE: 0.7707]
2026-03-10 20:51:47,820 - BasicTS-training - INFO - Start validation.
2026-03-10 20:53:50,926 - BasicTS-training - INFO - Result <val>: [val/time: 123.10 (s), val/loss: 0.6964, val/MAE: 0.6964, val/MSE: 1.0791, val/RMSE: 1.0388, val/MAPE: 3.0520, val/WAPE: 0.8739]
2026-03-10 20:55:55,736 - BasicTS-training - INFO - Result <test>: [test/time: 123.62 (s), test/loss: 0.4737, test/MAE: 0.4737, test/MSE: 0.5181, test/RMSE: 0.7198, test/MAPE: 2.5828, test/WAPE: 0.6843]
2026-03-10 20:55:57,929 - BasicTS-training - INFO - Checkpoint /mnt/users/rwl/MATS/results/main/MATS-Full-ETTm1-720/900d7ca85bca4c2ead552194e8afc410/MATSArch_074.pt saved
2026-03-10 20:55:57,929 - BasicTS-training - INFO - The estimated training finish time is 2026-03-11 01:58:40
2026-03-10 20:55:57,929 - BasicTS-training - INFO - Epoch 75 / 100
2026-03-10 21:03:13,260 - BasicTS-training - INFO - Result <train>: [train/time: 435.33 (s), train/lr: 7.89e-05, train/loss: 0.4958, train/MAE: 0.4958, train/MSE: 0.5072, train/RMSE: 0.7122, train/MAPE: 2.8040, train/WAPE: 0.7706]
2026-03-10 21:03:15,218 - BasicTS-training - INFO - Start validation.
2026-03-10 21:05:19,804 - BasicTS-training - INFO - Result <val>: [val/time: 124.59 (s), val/loss: 0.6960, val/MAE: 0.6960, val/MSE: 1.0797, val/RMSE: 1.0391, val/MAPE: 3.0172, val/WAPE: 0.8735]
2026-03-10 21:07:25,365 - BasicTS-training - INFO - Result <test>: [test/time: 124.65 (s), test/loss: 0.4736, test/MAE: 0.4736, test/MSE: 0.5187, test/RMSE: 0.7202, test/MAPE: 2.6323, test/WAPE: 0.6852]
2026-03-10 21:07:27,725 - BasicTS-training - INFO - Checkpoint /mnt/users/rwl/MATS/results/main/MATS-Full-ETTm1-720/900d7ca85bca4c2ead552194e8afc410/MATSArch_075.pt saved
2026-03-10 21:07:27,726 - BasicTS-training - INFO - The estimated training finish time is 2026-03-11 01:58:28
2026-03-10 21:07:27,726 - BasicTS-training - INFO - Epoch 76 / 100
2026-03-10 21:14:52,559 - BasicTS-training - INFO - Result <train>: [train/time: 444.83 (s), train/lr: 7.32e-05, train/loss: 0.4957, train/MAE: 0.4957, train/MSE: 0.5071, train/RMSE: 0.7121, train/MAPE: 2.8035, train/WAPE: 0.7705]
2026-03-10 21:14:53,896 - BasicTS-training - INFO - Start validation.
2026-03-10 21:16:57,566 - BasicTS-training - INFO - Result <val>: [val/time: 123.64 (s), val/loss: 0.6966, val/MAE: 0.6966, val/MSE: 1.0806, val/RMSE: 1.0395, val/MAPE: 3.0990, val/WAPE: 0.8747]
2026-03-10 21:19:01,899 - BasicTS-training - INFO - Result <test>: [test/time: 123.29 (s), test/loss: 0.4749, test/MAE: 0.4749, test/MSE: 0.5204, test/RMSE: 0.7214, test/MAPE: 2.6372, test/WAPE: 0.6865]
2026-03-10 21:19:04,113 - BasicTS-training - INFO - Checkpoint /mnt/users/rwl/MATS/results/main/MATS-Full-ETTm1-720/900d7ca85bca4c2ead552194e8afc410/MATSArch_076.pt saved
2026-03-10 21:19:04,114 - BasicTS-training - INFO - The estimated training finish time is 2026-03-11 01:58:26
2026-03-10 21:19:04,114 - BasicTS-training - INFO - Epoch 77 / 100
2026-03-10 21:26:30,017 - BasicTS-training - INFO - Result <train>: [train/time: 445.90 (s), train/lr: 6.78e-05, train/loss: 0.4957, train/MAE: 0.4957, train/MSE: 0.5071, train/RMSE: 0.7121, train/MAPE: 2.8043, train/WAPE: 0.7704]
2026-03-10 21:26:31,589 - BasicTS-training - INFO - Start validation.
2026-03-10 21:28:34,831 - BasicTS-training - INFO - Result <val>: [val/time: 123.24 (s), val/loss: 0.6982, val/MAE: 0.6982, val/MSE: 1.0862, val/RMSE: 1.0422, val/MAPE: 3.0344, val/WAPE: 0.8772]
2026-03-10 21:30:42,942 - BasicTS-training - INFO - Result <test>: [test/time: 127.08 (s), test/loss: 0.4742, test/MAE: 0.4742, test/MSE: 0.5201, test/RMSE: 0.7211, test/MAPE: 2.5448, test/WAPE: 0.6849]
2026-03-10 21:30:45,411 - BasicTS-training - INFO - Checkpoint /mnt/users/rwl/MATS/results/main/MATS-Full-ETTm1-720/900d7ca85bca4c2ead552194e8afc410/MATSArch_077.pt saved
2026-03-10 21:30:45,412 - BasicTS-training - INFO - The estimated training finish time is 2026-03-11 01:58:29
2026-03-10 21:30:45,412 - BasicTS-training - INFO - Epoch 78 / 100
2026-03-10 21:38:07,474 - BasicTS-training - INFO - Result <train>: [train/time: 442.06 (s), train/lr: 6.25e-05, train/loss: 0.4956, train/MAE: 0.4956, train/MSE: 0.5069, train/RMSE: 0.7120, train/MAPE: 2.8022, train/WAPE: 0.7702]
2026-03-10 21:38:08,918 - BasicTS-training - INFO - Start validation.
2026-03-10 21:40:12,289 - BasicTS-training - INFO - Result <val>: [val/time: 123.37 (s), val/loss: 0.6960, val/MAE: 0.6960, val/MSE: 1.0818, val/RMSE: 1.0401, val/MAPE: 3.0641, val/WAPE: 0.8752]
2026-03-10 21:42:19,379 - BasicTS-training - INFO - Result <test>: [test/time: 125.67 (s), test/loss: 0.4745, test/MAE: 0.4745, test/MSE: 0.5212, test/RMSE: 0.7219, test/MAPE: 2.5802, test/WAPE: 0.6845]
2026-03-10 21:42:21,075 - BasicTS-training - INFO - Checkpoint /mnt/users/rwl/MATS/results/main/MATS-Full-ETTm1-720/900d7ca85bca4c2ead552194e8afc410/MATSArch_078.pt saved
2026-03-10 21:42:21,076 - BasicTS-training - INFO - The estimated training finish time is 2026-03-11 01:58:26
2026-03-10 21:42:21,076 - BasicTS-training - INFO - Epoch 79 / 100
2026-03-10 21:49:45,822 - BasicTS-training - INFO - Result <train>: [train/time: 444.75 (s), train/lr: 5.74e-05, train/loss: 0.4954, train/MAE: 0.4954, train/MSE: 0.5067, train/RMSE: 0.7118, train/MAPE: 2.8008, train/WAPE: 0.7700]
2026-03-10 21:49:46,804 - BasicTS-training - INFO - Start validation.
2026-03-10 21:51:53,818 - BasicTS-training - INFO - Result <val>: [val/time: 127.01 (s), val/loss: 0.6955, val/MAE: 0.6955, val/MSE: 1.0803, val/RMSE: 1.0394, val/MAPE: 3.0243, val/WAPE: 0.8739]
2026-03-10 21:54:00,943 - BasicTS-training - INFO - Result <test>: [test/time: 125.84 (s), test/loss: 0.4728, test/MAE: 0.4728, test/MSE: 0.5180, test/RMSE: 0.7197, test/MAPE: 2.5796, test/WAPE: 0.6829]
2026-03-10 21:54:02,578 - BasicTS-training - INFO - Checkpoint /mnt/users/rwl/MATS/results/main/MATS-Full-ETTm1-720/900d7ca85bca4c2ead552194e8afc410/MATSArch_079.pt saved
2026-03-10 21:54:02,578 - BasicTS-training - INFO - The estimated training finish time is 2026-03-11 01:58:30
2026-03-10 21:54:02,578 - BasicTS-training - INFO - Epoch 80 / 100
2026-03-10 22:01:20,915 - BasicTS-training - INFO - Result <train>: [train/time: 438.34 (s), train/lr: 5.25e-05, train/loss: 0.4953, train/MAE: 0.4953, train/MSE: 0.5067, train/RMSE: 0.7118, train/MAPE: 2.7990, train/WAPE: 0.7697]
2026-03-10 22:01:22,901 - BasicTS-training - INFO - Start validation.
2026-03-10 22:03:29,146 - BasicTS-training - INFO - Result <val>: [val/time: 126.24 (s), val/loss: 0.6955, val/MAE: 0.6955, val/MSE: 1.0820, val/RMSE: 1.0402, val/MAPE: 3.0566, val/WAPE: 0.8748]
2026-03-10 22:05:35,635 - BasicTS-training - INFO - Result <test>: [test/time: 125.42 (s), test/loss: 0.4751, test/MAE: 0.4751, test/MSE: 0.5213, test/RMSE: 0.7220, test/MAPE: 2.7032, test/WAPE: 0.6874]
2026-03-10 22:05:37,587 - BasicTS-training - INFO - Checkpoint /mnt/users/rwl/MATS/results/main/MATS-Full-ETTm1-720/900d7ca85bca4c2ead552194e8afc410/MATSArch_080.pt saved
2026-03-10 22:05:38,288 - BasicTS-training - INFO - The estimated training finish time is 2026-03-11 01:58:26
2026-03-10 22:05:38,288 - BasicTS-training - INFO - Epoch 81 / 100
2026-03-10 22:13:04,041 - BasicTS-training - INFO - Result <train>: [train/time: 445.75 (s), train/lr: 4.77e-05, train/loss: 0.4952, train/MAE: 0.4952, train/MSE: 0.5066, train/RMSE: 0.7117, train/MAPE: 2.8004, train/WAPE: 0.7697]
2026-03-10 22:13:06,087 - BasicTS-training - INFO - Start validation.
2026-03-10 22:15:12,291 - BasicTS-training - INFO - Result <val>: [val/time: 126.20 (s), val/loss: 0.6953, val/MAE: 0.6953, val/MSE: 1.0787, val/RMSE: 1.0386, val/MAPE: 3.0589, val/WAPE: 0.8731]
2026-03-10 22:17:16,865 - BasicTS-training - INFO - Result <test>: [test/time: 123.80 (s), test/loss: 0.4735, test/MAE: 0.4735, test/MSE: 0.5184, test/RMSE: 0.7200, test/MAPE: 2.6415, test/WAPE: 0.6849]
2026-03-10 22:17:19,322 - BasicTS-training - INFO - Checkpoint /mnt/users/rwl/MATS/results/main/MATS-Full-ETTm1-720/900d7ca85bca4c2ead552194e8afc410/MATSArch_081.pt saved
2026-03-10 22:17:19,323 - BasicTS-training - INFO - The estimated training finish time is 2026-03-11 01:58:29
2026-03-10 22:17:19,323 - BasicTS-training - INFO - Epoch 82 / 100
2026-03-10 22:24:39,016 - BasicTS-training - INFO - Result <train>: [train/time: 439.69 (s), train/lr: 4.32e-05, train/loss: 0.4952, train/MAE: 0.4952, train/MSE: 0.5066, train/RMSE: 0.7118, train/MAPE: 2.7990, train/WAPE: 0.7696]
2026-03-10 22:24:40,520 - BasicTS-training - INFO - Start validation.
2026-03-10 22:26:48,081 - BasicTS-training - INFO - Result <val>: [val/time: 127.56 (s), val/loss: 0.6965, val/MAE: 0.6965, val/MSE: 1.0773, val/RMSE: 1.0380, val/MAPE: 3.0764, val/WAPE: 0.8732]
2026-03-10 22:28:53,348 - BasicTS-training - INFO - Result <test>: [test/time: 124.16 (s), test/loss: 0.4733, test/MAE: 0.4733, test/MSE: 0.5159, test/RMSE: 0.7183, test/MAPE: 2.6168, test/WAPE: 0.6833]
2026-03-10 22:28:56,463 - BasicTS-training - INFO - Checkpoint /mnt/users/rwl/MATS/results/main/MATS-Full-ETTm1-720/900d7ca85bca4c2ead552194e8afc410/MATSArch_082.pt saved
2026-03-10 22:28:56,464 - BasicTS-training - INFO - The estimated training finish time is 2026-03-11 01:58:28
2026-03-10 22:28:56,464 - BasicTS-training - INFO - Epoch 83 / 100
2026-03-10 22:36:19,892 - BasicTS-training - INFO - Result <train>: [train/time: 443.43 (s), train/lr: 3.89e-05, train/loss: 0.4950, train/MAE: 0.4950, train/MSE: 0.5064, train/RMSE: 0.7116, train/MAPE: 2.7981, train/WAPE: 0.7694]
2026-03-10 22:36:21,102 - BasicTS-training - INFO - Start validation.
2026-03-10 22:38:24,914 - BasicTS-training - INFO - Result <val>: [val/time: 123.81 (s), val/loss: 0.6945, val/MAE: 0.6945, val/MSE: 1.0769, val/RMSE: 1.0377, val/MAPE: 3.0659, val/WAPE: 0.8726]
2026-03-10 22:38:27,524 - BasicTS-training - INFO - Checkpoint /mnt/users/rwl/MATS/results/main/MATS-Full-ETTm1-720/900d7ca85bca4c2ead552194e8afc410/MATSArch_best_val_MAE.pt saved
2026-03-10 22:40:29,014 - BasicTS-training - INFO - Result <test>: [test/time: 121.49 (s), test/loss: 0.4726, test/MAE: 0.4726, test/MSE: 0.5172, test/RMSE: 0.7192, test/MAPE: 2.6194, test/WAPE: 0.6833]
2026-03-10 22:40:30,551 - BasicTS-training - INFO - Checkpoint /mnt/users/rwl/MATS/results/main/MATS-Full-ETTm1-720/900d7ca85bca4c2ead552194e8afc410/MATSArch_083.pt saved
2026-03-10 22:40:30,552 - BasicTS-training - INFO - The estimated training finish time is 2026-03-11 01:58:22
2026-03-10 22:40:30,552 - BasicTS-training - INFO - Epoch 84 / 100
2026-03-10 22:47:55,619 - BasicTS-training - INFO - Result <train>: [train/time: 445.07 (s), train/lr: 3.48e-05, train/loss: 0.4950, train/MAE: 0.4950, train/MSE: 0.5063, train/RMSE: 0.7116, train/MAPE: 2.7971, train/WAPE: 0.7693]
2026-03-10 22:47:56,260 - BasicTS-training - INFO - Start validation.
2026-03-10 22:50:00,431 - BasicTS-training - INFO - Result <val>: [val/time: 124.17 (s), val/loss: 0.6953, val/MAE: 0.6953, val/MSE: 1.0798, val/RMSE: 1.0391, val/MAPE: 3.0095, val/WAPE: 0.8732]
2026-03-10 22:52:08,079 - BasicTS-training - INFO - Result <test>: [test/time: 126.63 (s), test/loss: 0.4734, test/MAE: 0.4734, test/MSE: 0.5190, test/RMSE: 0.7204, test/MAPE: 2.6290, test/WAPE: 0.6840]
2026-03-10 22:52:10,065 - BasicTS-training - INFO - Checkpoint /mnt/users/rwl/MATS/results/main/MATS-Full-ETTm1-720/900d7ca85bca4c2ead552194e8afc410/MATSArch_084.pt saved
2026-03-10 22:52:10,066 - BasicTS-training - INFO - The estimated training finish time is 2026-03-11 01:58:24
2026-03-10 22:52:10,066 - BasicTS-training - INFO - Epoch 85 / 100
2026-03-10 22:59:32,387 - BasicTS-training - INFO - Result <train>: [train/time: 442.32 (s), train/lr: 3.09e-05, train/loss: 0.4949, train/MAE: 0.4949, train/MSE: 0.5062, train/RMSE: 0.7115, train/MAPE: 2.7968, train/WAPE: 0.7692]
2026-03-10 22:59:33,811 - BasicTS-training - INFO - Start validation.
2026-03-10 23:01:38,693 - BasicTS-training - INFO - Result <val>: [val/time: 124.88 (s), val/loss: 0.6959, val/MAE: 0.6959, val/MSE: 1.0822, val/RMSE: 1.0403, val/MAPE: 3.0771, val/WAPE: 0.8751]
2026-03-10 23:03:45,119 - BasicTS-training - INFO - Result <test>: [test/time: 124.91 (s), test/loss: 0.4727, test/MAE: 0.4727, test/MSE: 0.5187, test/RMSE: 0.7202, test/MAPE: 2.5864, test/WAPE: 0.6832]
2026-03-10 23:03:46,845 - BasicTS-training - INFO - Checkpoint /mnt/users/rwl/MATS/results/main/MATS-Full-ETTm1-720/900d7ca85bca4c2ead552194e8afc410/MATSArch_085.pt saved
2026-03-10 23:03:46,845 - BasicTS-training - INFO - The estimated training finish time is 2026-03-11 01:58:22
2026-03-10 23:03:46,845 - BasicTS-training - INFO - Epoch 86 / 100
2026-03-10 23:11:12,396 - BasicTS-training - INFO - Result <train>: [train/time: 445.55 (s), train/lr: 2.72e-05, train/loss: 0.4947, train/MAE: 0.4947, train/MSE: 0.5062, train/RMSE: 0.7115, train/MAPE: 2.7950, train/WAPE: 0.7689]
2026-03-10 23:11:13,858 - BasicTS-training - INFO - Start validation.
2026-03-10 23:13:21,802 - BasicTS-training - INFO - Result <val>: [val/time: 127.94 (s), val/loss: 0.6976, val/MAE: 0.6976, val/MSE: 1.0818, val/RMSE: 1.0401, val/MAPE: 3.0411, val/WAPE: 0.8750]
2026-03-10 23:15:29,547 - BasicTS-training - INFO - Result <test>: [test/time: 126.44 (s), test/loss: 0.4722, test/MAE: 0.4722, test/MSE: 0.5158, test/RMSE: 0.7182, test/MAPE: 2.5347, test/WAPE: 0.6821]
2026-03-10 23:15:31,863 - BasicTS-training - INFO - Checkpoint /mnt/users/rwl/MATS/results/main/MATS-Full-ETTm1-720/900d7ca85bca4c2ead552194e8afc410/MATSArch_086.pt saved
2026-03-10 23:15:31,863 - BasicTS-training - INFO - The estimated training finish time is 2026-03-11 01:58:29
2026-03-10 23:15:31,863 - BasicTS-training - INFO - Epoch 87 / 100
2026-03-10 23:22:55,262 - BasicTS-training - INFO - Result <train>: [train/time: 443.40 (s), train/lr: 2.38e-05, train/loss: 0.4947, train/MAE: 0.4947, train/MSE: 0.5062, train/RMSE: 0.7115, train/MAPE: 2.7954, train/WAPE: 0.7690]
2026-03-10 23:22:56,735 - BasicTS-training - INFO - Start validation.
2026-03-10 23:25:02,675 - BasicTS-training - INFO - Result <val>: [val/time: 125.94 (s), val/loss: 0.6958, val/MAE: 0.6958, val/MSE: 1.0821, val/RMSE: 1.0402, val/MAPE: 3.0722, val/WAPE: 0.8750]
2026-03-10 23:27:11,737 - BasicTS-training - INFO - Result <test>: [test/time: 127.62 (s), test/loss: 0.4727, test/MAE: 0.4727, test/MSE: 0.5194, test/RMSE: 0.7207, test/MAPE: 2.5757, test/WAPE: 0.6831]
2026-03-10 23:27:14,967 - BasicTS-training - INFO - Checkpoint /mnt/users/rwl/MATS/results/main/MATS-Full-ETTm1-720/900d7ca85bca4c2ead552194e8afc410/MATSArch_087.pt saved
2026-03-10 23:27:14,968 - BasicTS-training - INFO - The estimated training finish time is 2026-03-11 01:58:35
2026-03-10 23:27:14,968 - BasicTS-training - INFO - Epoch 88 / 100
2026-03-10 23:34:43,738 - BasicTS-training - INFO - Result <train>: [train/time: 448.77 (s), train/lr: 2.06e-05, train/loss: 0.4946, train/MAE: 0.4946, train/MSE: 0.5060, train/RMSE: 0.7114, train/MAPE: 2.7933, train/WAPE: 0.7686]
2026-03-10 23:34:45,588 - BasicTS-training - INFO - Start validation.
2026-03-10 23:36:50,877 - BasicTS-training - INFO - Result <val>: [val/time: 125.29 (s), val/loss: 0.6942, val/MAE: 0.6942, val/MSE: 1.0785, val/RMSE: 1.0385, val/MAPE: 3.0195, val/WAPE: 0.8722]
2026-03-10 23:36:52,700 - BasicTS-training - INFO - Checkpoint /mnt/users/rwl/MATS/results/main/MATS-Full-ETTm1-720/900d7ca85bca4c2ead552194e8afc410/MATSArch_best_val_MAE.pt saved
2026-03-10 23:38:57,334 - BasicTS-training - INFO - Result <test>: [test/time: 124.63 (s), test/loss: 0.4719, test/MAE: 0.4719, test/MSE: 0.5167, test/RMSE: 0.7188, test/MAPE: 2.6334, test/WAPE: 0.6829]
2026-03-10 23:38:59,652 - BasicTS-training - INFO - Checkpoint /mnt/users/rwl/MATS/results/main/MATS-Full-ETTm1-720/900d7ca85bca4c2ead552194e8afc410/MATSArch_088.pt saved
2026-03-10 23:38:59,653 - BasicTS-training - INFO - The estimated training finish time is 2026-03-11 01:58:42
2026-03-10 23:38:59,653 - BasicTS-training - INFO - Epoch 89 / 100
2026-03-10 23:46:25,838 - BasicTS-training - INFO - Result <train>: [train/time: 446.19 (s), train/lr: 1.76e-05, train/loss: 0.4944, train/MAE: 0.4944, train/MSE: 0.5058, train/RMSE: 0.7112, train/MAPE: 2.7915, train/WAPE: 0.7684]
2026-03-10 23:46:27,066 - BasicTS-training - INFO - Start validation.
2026-03-10 23:48:35,398 - BasicTS-training - INFO - Result <val>: [val/time: 128.33 (s), val/loss: 0.6936, val/MAE: 0.6936, val/MSE: 1.0775, val/RMSE: 1.0380, val/MAPE: 3.0393, val/WAPE: 0.8718]
2026-03-10 23:48:37,363 - BasicTS-training - INFO - Checkpoint /mnt/users/rwl/MATS/results/main/MATS-Full-ETTm1-720/900d7ca85bca4c2ead552194e8afc410/MATSArch_best_val_MAE.pt saved
2026-03-10 23:50:45,071 - BasicTS-training - INFO - Result <test>: [test/time: 127.71 (s), test/loss: 0.4713, test/MAE: 0.4713, test/MSE: 0.5162, test/RMSE: 0.7185, test/MAPE: 2.6092, test/WAPE: 0.6822]
2026-03-10 23:50:47,464 - BasicTS-training - INFO - Checkpoint /mnt/users/rwl/MATS/results/main/MATS-Full-ETTm1-720/900d7ca85bca4c2ead552194e8afc410/MATSArch_089.pt saved
2026-03-10 23:50:47,465 - BasicTS-training - INFO - The estimated training finish time is 2026-03-11 01:58:52
2026-03-10 23:50:47,465 - BasicTS-training - INFO - Epoch 90 / 100
2026-03-10 23:58:27,633 - BasicTS-training - INFO - Result <train>: [train/time: 460.17 (s), train/lr: 1.48e-05, train/loss: 0.4943, train/MAE: 0.4943, train/MSE: 0.5057, train/RMSE: 0.7112, train/MAPE: 2.7903, train/WAPE: 0.7682]
2026-03-10 23:58:29,057 - BasicTS-training - INFO - Start validation.
2026-03-11 00:00:38,349 - BasicTS-training - INFO - Result <val>: [val/time: 129.29 (s), val/loss: 0.6949, val/MAE: 0.6949, val/MSE: 1.0813, val/RMSE: 1.0399, val/MAPE: 3.0495, val/WAPE: 0.8738]
2026-03-11 00:02:46,829 - BasicTS-training - INFO - Result <test>: [test/time: 126.92 (s), test/loss: 0.4729, test/MAE: 0.4729, test/MSE: 0.5186, test/RMSE: 0.7201, test/MAPE: 2.6314, test/WAPE: 0.6837]
2026-03-11 00:02:49,045 - BasicTS-training - INFO - Checkpoint /mnt/users/rwl/MATS/results/main/MATS-Full-ETTm1-720/900d7ca85bca4c2ead552194e8afc410/MATSArch_090.pt saved
2026-03-11 00:02:49,949 - BasicTS-training - INFO - The estimated training finish time is 2026-03-11 01:59:19
2026-03-11 00:02:49,949 - BasicTS-training - INFO - Epoch 91 / 100
2026-03-11 00:10:22,728 - BasicTS-training - INFO - Result <train>: [train/time: 452.78 (s), train/lr: 1.22e-05, train/loss: 0.4942, train/MAE: 0.4942, train/MSE: 0.5057, train/RMSE: 0.7111, train/MAPE: 2.7897, train/WAPE: 0.7681]
2026-03-11 00:10:23,754 - BasicTS-training - INFO - Start validation.
2026-03-11 00:12:32,280 - BasicTS-training - INFO - Result <val>: [val/time: 128.53 (s), val/loss: 0.6939, val/MAE: 0.6939, val/MSE: 1.0776, val/RMSE: 1.0381, val/MAPE: 3.0414, val/WAPE: 0.8721]
2026-03-11 00:14:42,501 - BasicTS-training - INFO - Result <test>: [test/time: 128.98 (s), test/loss: 0.4710, test/MAE: 0.4710, test/MSE: 0.5155, test/RMSE: 0.7180, test/MAPE: 2.6137, test/WAPE: 0.6817]
2026-03-11 00:14:44,773 - BasicTS-training - INFO - Checkpoint /mnt/users/rwl/MATS/results/main/MATS-Full-ETTm1-720/900d7ca85bca4c2ead552194e8afc410/MATSArch_091.pt saved
2026-03-11 00:14:44,773 - BasicTS-training - INFO - The estimated training finish time is 2026-03-11 01:59:36
2026-03-11 00:14:44,773 - BasicTS-training - INFO - Epoch 92 / 100
2026-03-11 00:22:10,007 - BasicTS-training - INFO - Result <train>: [train/time: 445.23 (s), train/lr: 9.93e-06, train/loss: 0.4941, train/MAE: 0.4941, train/MSE: 0.5055, train/RMSE: 0.7110, train/MAPE: 2.7885, train/WAPE: 0.7679]
2026-03-11 00:22:11,606 - BasicTS-training - INFO - Start validation.
2026-03-11 00:24:15,162 - BasicTS-training - INFO - Result <val>: [val/time: 123.55 (s), val/loss: 0.6937, val/MAE: 0.6937, val/MSE: 1.0763, val/RMSE: 1.0375, val/MAPE: 3.0460, val/WAPE: 0.8717]
2026-03-11 00:26:24,757 - BasicTS-training - INFO - Result <test>: [test/time: 128.07 (s), test/loss: 0.4707, test/MAE: 0.4707, test/MSE: 0.5151, test/RMSE: 0.7177, test/MAPE: 2.6077, test/WAPE: 0.6815]
2026-03-11 00:26:26,831 - BasicTS-training - INFO - Checkpoint /mnt/users/rwl/MATS/results/main/MATS-Full-ETTm1-720/900d7ca85bca4c2ead552194e8afc410/MATSArch_092.pt saved
2026-03-11 00:26:26,831 - BasicTS-training - INFO - The estimated training finish time is 2026-03-11 01:59:39
2026-03-11 00:26:26,831 - BasicTS-training - INFO - Epoch 93 / 100
2026-03-11 00:33:55,727 - BasicTS-training - INFO - Result <train>: [train/time: 448.90 (s), train/lr: 7.85e-06, train/loss: 0.4940, train/MAE: 0.4940, train/MSE: 0.5055, train/RMSE: 0.7110, train/MAPE: 2.7869, train/WAPE: 0.7677]
2026-03-11 00:33:57,157 - BasicTS-training - INFO - Start validation.
2026-03-11 00:36:04,092 - BasicTS-training - INFO - Result <val>: [val/time: 126.93 (s), val/loss: 0.6932, val/MAE: 0.6932, val/MSE: 1.0765, val/RMSE: 1.0376, val/MAPE: 3.0485, val/WAPE: 0.8716]
2026-03-11 00:36:05,422 - BasicTS-training - INFO - Checkpoint /mnt/users/rwl/MATS/results/main/MATS-Full-ETTm1-720/900d7ca85bca4c2ead552194e8afc410/MATSArch_best_val_MAE.pt saved
2026-03-11 00:38:12,178 - BasicTS-training - INFO - Result <test>: [test/time: 126.75 (s), test/loss: 0.4707, test/MAE: 0.4707, test/MSE: 0.5157, test/RMSE: 0.7181, test/MAPE: 2.5911, test/WAPE: 0.6811]
2026-03-11 00:38:14,568 - BasicTS-training - INFO - Checkpoint /mnt/users/rwl/MATS/results/main/MATS-Full-ETTm1-720/900d7ca85bca4c2ead552194e8afc410/MATSArch_093.pt saved
2026-03-11 00:38:14,569 - BasicTS-training - INFO - The estimated training finish time is 2026-03-11 01:59:48
2026-03-11 00:38:14,569 - BasicTS-training - INFO - Epoch 94 / 100
2026-03-11 00:45:35,795 - BasicTS-training - INFO - Result <train>: [train/time: 441.23 (s), train/lr: 6.02e-06, train/loss: 0.4939, train/MAE: 0.4939, train/MSE: 0.5054, train/RMSE: 0.7109, train/MAPE: 2.7867, train/WAPE: 0.7676]
2026-03-11 00:45:37,335 - BasicTS-training - INFO - Start validation.
2026-03-11 00:47:44,176 - BasicTS-training - INFO - Result <val>: [val/time: 126.84 (s), val/loss: 0.6939, val/MAE: 0.6939, val/MSE: 1.0784, val/RMSE: 1.0384, val/MAPE: 3.0390, val/WAPE: 0.8721]
2026-03-11 00:49:52,258 - BasicTS-training - INFO - Result <test>: [test/time: 126.75 (s), test/loss: 0.4702, test/MAE: 0.4702, test/MSE: 0.5152, test/RMSE: 0.7178, test/MAPE: 2.5697, test/WAPE: 0.6804]
2026-03-11 00:49:54,596 - BasicTS-training - INFO - Checkpoint /mnt/users/rwl/MATS/results/main/MATS-Full-ETTm1-720/900d7ca85bca4c2ead552194e8afc410/MATSArch_094.pt saved
2026-03-11 00:49:54,597 - BasicTS-training - INFO - The estimated training finish time is 2026-03-11 01:59:49
2026-03-11 00:49:54,597 - BasicTS-training - INFO - Epoch 95 / 100
2026-03-11 00:57:20,800 - BasicTS-training - INFO - Result <train>: [train/time: 446.20 (s), train/lr: 4.43e-06, train/loss: 0.4937, train/MAE: 0.4937, train/MSE: 0.5053, train/RMSE: 0.7108, train/MAPE: 2.7846, train/WAPE: 0.7674]
2026-03-11 00:57:22,050 - BasicTS-training - INFO - Start validation.
2026-03-11 00:59:27,021 - BasicTS-training - INFO - Result <val>: [val/time: 124.97 (s), val/loss: 0.6974, val/MAE: 0.6974, val/MSE: 1.0809, val/RMSE: 1.0397, val/MAPE: 3.0944, val/WAPE: 0.8753]
2026-03-11 01:01:33,012 - BasicTS-training - INFO - Result <test>: [test/time: 124.71 (s), test/loss: 0.4724, test/MAE: 0.4724, test/MSE: 0.5157, test/RMSE: 0.7181, test/MAPE: 2.5776, test/WAPE: 0.6825]
2026-03-11 01:01:35,044 - BasicTS-training - INFO - Checkpoint /mnt/users/rwl/MATS/results/main/MATS-Full-ETTm1-720/900d7ca85bca4c2ead552194e8afc410/MATSArch_095.pt saved
2026-03-11 01:01:35,045 - BasicTS-training - INFO - The estimated training finish time is 2026-03-11 01:59:50
2026-03-11 01:01:35,045 - BasicTS-training - INFO - Epoch 96 / 100
2026-03-11 01:09:15,882 - BasicTS-training - INFO - Result <train>: [train/time: 460.84 (s), train/lr: 3.08e-06, train/loss: 0.4937, train/MAE: 0.4937, train/MSE: 0.5052, train/RMSE: 0.7108, train/MAPE: 2.7839, train/WAPE: 0.7673]
2026-03-11 01:09:19,286 - BasicTS-training - INFO - Start validation.
2026-03-11 01:11:26,323 - BasicTS-training - INFO - Result <val>: [val/time: 127.04 (s), val/loss: 0.6936, val/MAE: 0.6936, val/MSE: 1.0774, val/RMSE: 1.0380, val/MAPE: 3.0322, val/WAPE: 0.8714]
2026-03-11 01:13:37,042 - BasicTS-training - INFO - Result <test>: [test/time: 129.33 (s), test/loss: 0.4698, test/MAE: 0.4698, test/MSE: 0.5147, test/RMSE: 0.7174, test/MAPE: 2.5795, test/WAPE: 0.6802]
2026-03-11 01:13:40,086 - BasicTS-training - INFO - Checkpoint /mnt/users/rwl/MATS/results/main/MATS-Full-ETTm1-720/900d7ca85bca4c2ead552194e8afc410/MATSArch_096.pt saved
2026-03-11 01:13:40,087 - BasicTS-training - INFO - The estimated training finish time is 2026-03-11 02:00:17
2026-03-11 01:13:40,087 - BasicTS-training - INFO - Epoch 97 / 100
2026-03-11 01:21:17,945 - BasicTS-training - INFO - Result <train>: [train/time: 457.86 (s), train/lr: 1.97e-06, train/loss: 0.4936, train/MAE: 0.4936, train/MSE: 0.5052, train/RMSE: 0.7107, train/MAPE: 2.7829, train/WAPE: 0.7671]
2026-03-11 01:21:21,654 - BasicTS-training - INFO - Start validation.
2026-03-11 01:23:27,639 - BasicTS-training - INFO - Result <val>: [val/time: 125.98 (s), val/loss: 0.6935, val/MAE: 0.6935, val/MSE: 1.0770, val/RMSE: 1.0378, val/MAPE: 3.0356, val/WAPE: 0.8713]
2026-03-11 01:25:36,294 - BasicTS-training - INFO - Result <test>: [test/time: 127.28 (s), test/loss: 0.4697, test/MAE: 0.4697, test/MSE: 0.5143, test/RMSE: 0.7172, test/MAPE: 2.5845, test/WAPE: 0.6802]
2026-03-11 01:25:39,674 - BasicTS-training - INFO - Checkpoint /mnt/users/rwl/MATS/results/main/MATS-Full-ETTm1-720/900d7ca85bca4c2ead552194e8afc410/MATSArch_097.pt saved
2026-03-11 01:25:39,675 - BasicTS-training - INFO - The estimated training finish time is 2026-03-11 02:00:38
2026-03-11 01:25:39,675 - BasicTS-training - INFO - Epoch 98 / 100
2026-03-11 01:33:19,075 - BasicTS-training - INFO - Result <train>: [train/time: 459.40 (s), train/lr: 1.11e-06, train/loss: 0.4935, train/MAE: 0.4935, train/MSE: 0.5051, train/RMSE: 0.7107, train/MAPE: 2.7825, train/WAPE: 0.7670]
2026-03-11 01:33:21,617 - BasicTS-training - INFO - Start validation.
2026-03-11 01:35:29,278 - BasicTS-training - INFO - Result <val>: [val/time: 127.66 (s), val/loss: 0.6943, val/MAE: 0.6943, val/MSE: 1.0780, val/RMSE: 1.0383, val/MAPE: 3.0554, val/WAPE: 0.8723]
2026-03-11 01:37:41,962 - BasicTS-training - INFO - Result <test>: [test/time: 130.66 (s), test/loss: 0.4698, test/MAE: 0.4698, test/MSE: 0.5144, test/RMSE: 0.7172, test/MAPE: 2.5672, test/WAPE: 0.6800]
2026-03-11 01:37:45,436 - BasicTS-training - INFO - Checkpoint /mnt/users/rwl/MATS/results/main/MATS-Full-ETTm1-720/900d7ca85bca4c2ead552194e8afc410/MATSArch_098.pt saved
2026-03-11 01:37:45,436 - BasicTS-training - INFO - The estimated training finish time is 2026-03-11 02:01:04
2026-03-11 01:37:45,436 - BasicTS-training - INFO - Epoch 99 / 100
2026-03-11 01:45:25,811 - BasicTS-training - INFO - Result <train>: [train/time: 460.37 (s), train/lr: 4.93e-07, train/loss: 0.4934, train/MAE: 0.4934, train/MSE: 0.5050, train/RMSE: 0.7106, train/MAPE: 2.7815, train/WAPE: 0.7669]
2026-03-11 01:45:27,382 - BasicTS-training - INFO - Start validation.
2026-03-11 01:47:35,450 - BasicTS-training - INFO - Result <val>: [val/time: 128.07 (s), val/loss: 0.6935, val/MAE: 0.6935, val/MSE: 1.0774, val/RMSE: 1.0380, val/MAPE: 3.0429, val/WAPE: 0.8716]
2026-03-11 01:49:47,755 - BasicTS-training - INFO - Result <test>: [test/time: 130.05 (s), test/loss: 0.4696, test/MAE: 0.4696, test/MSE: 0.5145, test/RMSE: 0.7173, test/MAPE: 2.5712, test/WAPE: 0.6799]
2026-03-11 01:49:52,242 - BasicTS-training - INFO - Checkpoint /mnt/users/rwl/MATS/results/main/MATS-Full-ETTm1-720/900d7ca85bca4c2ead552194e8afc410/MATSArch_099.pt saved
2026-03-11 01:49:52,243 - BasicTS-training - INFO - The estimated training finish time is 2026-03-11 02:01:31
2026-03-11 01:49:52,243 - BasicTS-training - INFO - Epoch 100 / 100
2026-03-11 01:57:33,831 - BasicTS-training - INFO - Result <train>: [train/time: 461.59 (s), train/lr: 1.23e-07, train/loss: 0.4933, train/MAE: 0.4933, train/MSE: 0.5049, train/RMSE: 0.7105, train/MAPE: 2.7815, train/WAPE: 0.7668]
2026-03-11 01:57:36,707 - BasicTS-training - INFO - Start validation.
2026-03-11 01:59:44,900 - BasicTS-training - INFO - Result <val>: [val/time: 128.19 (s), val/loss: 0.6932, val/MAE: 0.6932, val/MSE: 1.0772, val/RMSE: 1.0379, val/MAPE: 3.0339, val/WAPE: 0.8713]
2026-03-11 02:01:55,647 - BasicTS-training - INFO - Result <test>: [test/time: 129.16 (s), test/loss: 0.4697, test/MAE: 0.4697, test/MSE: 0.5147, test/RMSE: 0.7174, test/MAPE: 2.5786, test/WAPE: 0.6800]
2026-03-11 02:01:59,959 - BasicTS-training - INFO - Checkpoint /mnt/users/rwl/MATS/results/main/MATS-Full-ETTm1-720/900d7ca85bca4c2ead552194e8afc410/MATSArch_100.pt saved
2026-03-11 02:02:01,915 - BasicTS-training - INFO - The training finished at 2026-03-11 02:02:01
2026-03-11 02:02:01,925 - BasicTS-training - INFO - Evaluating the best model on the test set.
2026-03-11 02:02:01,925 - BasicTS-training - INFO - Loading Checkpoint from '/mnt/users/rwl/MATS/results/main/MATS-Full-ETTm1-720/900d7ca85bca4c2ead552194e8afc410/MATSArch_best_val_MAE.pt'
2026-03-11 02:05:01,466 - BasicTS-training - INFO - Result <test>: [test/time: 168.32 (s), test/loss: 0.4707, test/MAE: 0.4707, test/MSE: 0.5157, test/RMSE: 0.7181, test/MAPE: 2.5911, test/WAPE: 0.6811]
2026-03-11 02:05:01,871 - BasicTS-training - INFO - Test metrics saved to /mnt/users/rwl/MATS/results/main/MATS-Full-ETTm1-720/900d7ca85bca4c2ead552194e8afc410/test_metrics.json.
