2026-03-09 21:09:22,105 - BasicTS-launcher - INFO - Launching BasicTS training.
2026-03-09 21:09:22,116 - easytorch-env - INFO - Use devices 1.
2026-03-09 21:09:22,144 - easytorch-env - INFO - Disable TF32 mode
2026-03-09 21:09:22,258 - BasicTS - INFO - Building model.
/mnt/users/rwl/MATS/src/models/experts.py:491: UserWarning: enable_nested_tensor is True, but self.use_nested_tensor is False because encoder_layer.norm_first was True
  self.transformer = nn.TransformerEncoder(
2026-03-09 21:09:24,666 - BasicTS - INFO - Set ckpt save dir: "/mnt/users/rwl/MATS/results/main/MATS-Full-Weather-96/10f97ee4f31f3442b66b9c52d6dfeb22"
2026-03-09 21:09:24,669 - BasicTS-training - INFO - Initializing training.
2026-03-09 21:09:24,670 - BasicTS-training - INFO - Building train data loader.
2026-03-09 21:09:28,525 - BasicTS-training - INFO - Set optim: Adam
2026-03-09 21:09:28,525 - BasicTS-training - INFO - Set lr_scheduler: CosineAnnealingLR
2026-03-09 21:09:28,526 - BasicTS-training - INFO - Building val data loader.
2026-03-09 21:09:28,528 - BasicTS-training - INFO - Building test data loader.
2026-03-09 21:09:28,531 - BasicTS-training - INFO - Total parameters: 10264465
2026-03-09 21:09:28,531 - BasicTS-training - INFO - Trainable parameters: 10264465
2026-03-09 21:09:28,531 - BasicTS-training - INFO - Epoch 1 / 100
2026-03-09 21:24:35,040 - BasicTS-training - INFO - Result <train>: [train/time: 906.51 (s), train/lr: 5.00e-04, train/loss: 0.3756, train/MAE: 0.3756, train/MSE: 0.5326, train/RMSE: 0.7298, train/MAPE: 2.4833, train/WAPE: 0.7267]
2026-03-09 21:24:36,051 - BasicTS-training - INFO - Start validation.
2026-03-09 21:26:29,918 - BasicTS-training - INFO - Result <val>: [val/time: 113.87 (s), val/loss: 0.3382, val/MAE: 0.3382, val/MSE: 0.4926, val/RMSE: 0.7019, val/MAPE: 3.2757, val/WAPE: 0.7956]
2026-03-09 21:26:31,902 - BasicTS-training - INFO - Checkpoint /mnt/users/rwl/MATS/results/main/MATS-Full-Weather-96/10f97ee4f31f3442b66b9c52d6dfeb22/MATSArch_best_val_MAE.pt saved
2026-03-09 21:30:22,226 - BasicTS-training - INFO - Result <test>: [test/time: 230.32 (s), test/loss: 0.2555, test/MAE: 0.2555, test/MSE: 0.2078, test/RMSE: 0.4559, test/MAPE: 2.0842, test/WAPE: 0.5995]
2026-03-09 21:30:24,207 - BasicTS-training - INFO - Checkpoint /mnt/users/rwl/MATS/results/main/MATS-Full-Weather-96/10f97ee4f31f3442b66b9c52d6dfeb22/MATSArch_001.pt saved
2026-03-09 21:30:24,208 - BasicTS-training - INFO - The estimated training finish time is 2026-03-11 08:00:26
2026-03-09 21:30:24,208 - BasicTS-training - INFO - Epoch 2 / 100
2026-03-09 21:44:53,109 - BasicTS-training - INFO - Result <train>: [train/time: 868.90 (s), train/lr: 5.00e-04, train/loss: 0.3733, train/MAE: 0.3733, train/MSE: 0.5293, train/RMSE: 0.7275, train/MAPE: 2.4922, train/WAPE: 0.7181]
2026-03-09 21:44:53,943 - BasicTS-training - INFO - Start validation.
2026-03-09 21:46:45,881 - BasicTS-training - INFO - Result <val>: [val/time: 111.94 (s), val/loss: 0.3381, val/MAE: 0.3381, val/MSE: 0.4926, val/RMSE: 0.7019, val/MAPE: 3.3208, val/WAPE: 0.8001]
2026-03-09 21:46:47,137 - BasicTS-training - INFO - Checkpoint /mnt/users/rwl/MATS/results/main/MATS-Full-Weather-96/10f97ee4f31f3442b66b9c52d6dfeb22/MATSArch_best_val_MAE.pt saved
2026-03-09 21:50:36,545 - BasicTS-training - INFO - Result <test>: [test/time: 229.41 (s), test/loss: 0.2534, test/MAE: 0.2534, test/MSE: 0.2062, test/RMSE: 0.4541, test/MAPE: 2.1032, test/WAPE: 0.5987]
2026-03-09 21:50:38,565 - BasicTS-training - INFO - Checkpoint /mnt/users/rwl/MATS/results/main/MATS-Full-Weather-96/10f97ee4f31f3442b66b9c52d6dfeb22/MATSArch_002.pt saved
2026-03-09 21:50:38,566 - BasicTS-training - INFO - The estimated training finish time is 2026-03-11 07:26:56
2026-03-09 21:50:38,566 - BasicTS-training - INFO - Epoch 3 / 100
2026-03-09 22:05:11,230 - BasicTS-training - INFO - Result <train>: [train/time: 872.66 (s), train/lr: 5.00e-04, train/loss: 0.3690, train/MAE: 0.3690, train/MSE: 0.5225, train/RMSE: 0.7229, train/MAPE: 2.4772, train/WAPE: 0.7128]
2026-03-09 22:05:12,077 - BasicTS-training - INFO - Start validation.
2026-03-09 22:07:05,128 - BasicTS-training - INFO - Result <val>: [val/time: 113.05 (s), val/loss: 0.3337, val/MAE: 0.3337, val/MSE: 0.4860, val/RMSE: 0.6971, val/MAPE: 3.3155, val/WAPE: 0.7947]
2026-03-09 22:07:07,094 - BasicTS-training - INFO - Checkpoint /mnt/users/rwl/MATS/results/main/MATS-Full-Weather-96/10f97ee4f31f3442b66b9c52d6dfeb22/MATSArch_best_val_MAE.pt saved
2026-03-09 22:10:53,853 - BasicTS-training - INFO - Result <test>: [test/time: 226.76 (s), test/loss: 0.2547, test/MAE: 0.2547, test/MSE: 0.2076, test/RMSE: 0.4556, test/MAPE: 2.0929, test/WAPE: 0.6006]
2026-03-09 22:10:55,817 - BasicTS-training - INFO - Checkpoint /mnt/users/rwl/MATS/results/main/MATS-Full-Weather-96/10f97ee4f31f3442b66b9c52d6dfeb22/MATSArch_003.pt saved
2026-03-09 22:10:55,818 - BasicTS-training - INFO - The estimated training finish time is 2026-03-11 07:17:22
2026-03-09 22:10:55,818 - BasicTS-training - INFO - Epoch 4 / 100
2026-03-09 22:25:14,158 - BasicTS-training - INFO - Result <train>: [train/time: 858.34 (s), train/lr: 4.99e-04, train/loss: 0.3654, train/MAE: 0.3654, train/MSE: 0.5158, train/RMSE: 0.7182, train/MAPE: 2.4557, train/WAPE: 0.7079]
2026-03-09 22:25:14,954 - BasicTS-training - INFO - Start validation.
2026-03-09 22:27:06,470 - BasicTS-training - INFO - Result <val>: [val/time: 111.51 (s), val/loss: 0.3345, val/MAE: 0.3345, val/MSE: 0.4869, val/RMSE: 0.6978, val/MAPE: 3.3858, val/WAPE: 0.7966]
2026-03-09 22:30:55,494 - BasicTS-training - INFO - Result <test>: [test/time: 228.41 (s), test/loss: 0.2539, test/MAE: 0.2539, test/MSE: 0.2068, test/RMSE: 0.4547, test/MAPE: 2.0949, test/WAPE: 0.5994]
2026-03-09 22:30:57,425 - BasicTS-training - INFO - Checkpoint /mnt/users/rwl/MATS/results/main/MATS-Full-Weather-96/10f97ee4f31f3442b66b9c52d6dfeb22/MATSArch_004.pt saved
2026-03-09 22:30:57,426 - BasicTS-training - INFO - The estimated training finish time is 2026-03-11 07:06:04
2026-03-09 22:30:57,426 - BasicTS-training - INFO - Epoch 5 / 100
2026-03-09 22:45:16,237 - BasicTS-training - INFO - Result <train>: [train/time: 858.81 (s), train/lr: 4.98e-04, train/loss: 0.3643, train/MAE: 0.3643, train/MSE: 0.5132, train/RMSE: 0.7164, train/MAPE: 2.4513, train/WAPE: 0.7066]
2026-03-09 22:45:17,577 - BasicTS-training - INFO - Start validation.
2026-03-09 22:47:11,185 - BasicTS-training - INFO - Result <val>: [val/time: 113.61 (s), val/loss: 0.3375, val/MAE: 0.3375, val/MSE: 0.4905, val/RMSE: 0.7003, val/MAPE: 3.3741, val/WAPE: 0.8027]
2026-03-09 22:50:59,670 - BasicTS-training - INFO - Result <test>: [test/time: 227.51 (s), test/loss: 0.2526, test/MAE: 0.2526, test/MSE: 0.2052, test/RMSE: 0.4530, test/MAPE: 2.0974, test/WAPE: 0.5989]
2026-03-09 22:51:01,585 - BasicTS-training - INFO - Checkpoint /mnt/users/rwl/MATS/results/main/MATS-Full-Weather-96/10f97ee4f31f3442b66b9c52d6dfeb22/MATSArch_005.pt saved
2026-03-09 22:51:01,586 - BasicTS-training - INFO - The estimated training finish time is 2026-03-11 07:00:08
2026-03-09 22:51:01,586 - BasicTS-training - INFO - Epoch 6 / 100
2026-03-09 23:05:23,715 - BasicTS-training - INFO - Result <train>: [train/time: 862.13 (s), train/lr: 4.97e-04, train/loss: 0.3639, train/MAE: 0.3639, train/MSE: 0.5119, train/RMSE: 0.7155, train/MAPE: 2.4463, train/WAPE: 0.7066]
2026-03-09 23:05:24,928 - BasicTS-training - INFO - Start validation.
2026-03-09 23:07:18,552 - BasicTS-training - INFO - Result <val>: [val/time: 113.62 (s), val/loss: 0.3431, val/MAE: 0.3431, val/MSE: 0.4966, val/RMSE: 0.7047, val/MAPE: 3.4595, val/WAPE: 0.8110]
2026-03-09 23:11:05,528 - BasicTS-training - INFO - Result <test>: [test/time: 226.12 (s), test/loss: 0.2582, test/MAE: 0.2582, test/MSE: 0.2106, test/RMSE: 0.4589, test/MAPE: 2.0413, test/WAPE: 0.6046]
2026-03-09 23:11:07,868 - BasicTS-training - INFO - Checkpoint /mnt/users/rwl/MATS/results/main/MATS-Full-Weather-96/10f97ee4f31f3442b66b9c52d6dfeb22/MATSArch_006.pt saved
2026-03-09 23:11:07,868 - BasicTS-training - INFO - The estimated training finish time is 2026-03-11 06:56:46
2026-03-09 23:11:07,868 - BasicTS-training - INFO - Epoch 7 / 100
2026-03-09 23:25:36,257 - BasicTS-training - INFO - Result <train>: [train/time: 868.39 (s), train/lr: 4.96e-04, train/loss: 0.3640, train/MAE: 0.3640, train/MSE: 0.5115, train/RMSE: 0.7152, train/MAPE: 2.4468, train/WAPE: 0.7057]
2026-03-09 23:25:37,557 - BasicTS-training - INFO - Start validation.
2026-03-09 23:27:30,589 - BasicTS-training - INFO - Result <val>: [val/time: 113.03 (s), val/loss: 0.3461, val/MAE: 0.3461, val/MSE: 0.5055, val/RMSE: 0.7110, val/MAPE: 3.5212, val/WAPE: 0.8157]
2026-03-09 23:31:16,409 - BasicTS-training - INFO - Result <test>: [test/time: 224.61 (s), test/loss: 0.2598, test/MAE: 0.2598, test/MSE: 0.2133, test/RMSE: 0.4618, test/MAPE: 2.0466, test/WAPE: 0.6079]
2026-03-09 23:31:18,047 - BasicTS-training - INFO - Checkpoint /mnt/users/rwl/MATS/results/main/MATS-Full-Weather-96/10f97ee4f31f3442b66b9c52d6dfeb22/MATSArch_007.pt saved
2026-03-09 23:31:18,048 - BasicTS-training - INFO - The estimated training finish time is 2026-03-11 06:55:17
2026-03-09 23:31:18,048 - BasicTS-training - INFO - Epoch 8 / 100
2026-03-09 23:45:41,822 - BasicTS-training - INFO - Result <train>: [train/time: 863.77 (s), train/lr: 4.94e-04, train/loss: 0.3643, train/MAE: 0.3643, train/MSE: 0.5119, train/RMSE: 0.7155, train/MAPE: 2.4443, train/WAPE: 0.7065]
2026-03-09 23:45:42,924 - BasicTS-training - INFO - Start validation.
2026-03-09 23:47:33,814 - BasicTS-training - INFO - Result <val>: [val/time: 110.89 (s), val/loss: 0.3377, val/MAE: 0.3377, val/MSE: 0.4901, val/RMSE: 0.7001, val/MAPE: 3.4183, val/WAPE: 0.8018]
2026-03-09 23:51:20,984 - BasicTS-training - INFO - Result <test>: [test/time: 226.50 (s), test/loss: 0.2553, test/MAE: 0.2553, test/MSE: 0.2073, test/RMSE: 0.4553, test/MAPE: 2.0534, test/WAPE: 0.6016]
2026-03-09 23:51:22,951 - BasicTS-training - INFO - Checkpoint /mnt/users/rwl/MATS/results/main/MATS-Full-Weather-96/10f97ee4f31f3442b66b9c52d6dfeb22/MATSArch_008.pt saved
2026-03-09 23:51:22,952 - BasicTS-training - INFO - The estimated training finish time is 2026-03-11 06:53:05
2026-03-09 23:51:22,952 - BasicTS-training - INFO - Epoch 9 / 100
2026-03-10 00:05:45,246 - BasicTS-training - INFO - Result <train>: [train/time: 862.29 (s), train/lr: 4.92e-04, train/loss: 0.3642, train/MAE: 0.3642, train/MSE: 0.5116, train/RMSE: 0.7153, train/MAPE: 2.4453, train/WAPE: 0.7069]
2026-03-10 00:05:46,008 - BasicTS-training - INFO - Start validation.
2026-03-10 00:07:39,451 - BasicTS-training - INFO - Result <val>: [val/time: 113.44 (s), val/loss: 0.3425, val/MAE: 0.3425, val/MSE: 0.4944, val/RMSE: 0.7031, val/MAPE: 3.4472, val/WAPE: 0.8157]
2026-03-10 00:11:26,093 - BasicTS-training - INFO - Result <test>: [test/time: 225.82 (s), test/loss: 0.2580, test/MAE: 0.2580, test/MSE: 0.2095, test/RMSE: 0.4578, test/MAPE: 2.0534, test/WAPE: 0.6056]
2026-03-10 00:11:28,151 - BasicTS-training - INFO - Checkpoint /mnt/users/rwl/MATS/results/main/MATS-Full-Weather-96/10f97ee4f31f3442b66b9c52d6dfeb22/MATSArch_009.pt saved
2026-03-10 00:11:28,152 - BasicTS-training - INFO - The estimated training finish time is 2026-03-11 06:51:25
2026-03-10 00:11:28,152 - BasicTS-training - INFO - Epoch 10 / 100
2026-03-10 00:25:49,867 - BasicTS-training - INFO - Result <train>: [train/time: 861.72 (s), train/lr: 4.90e-04, train/loss: 0.3640, train/MAE: 0.3640, train/MSE: 0.5111, train/RMSE: 0.7149, train/MAPE: 2.4444, train/WAPE: 0.7063]
2026-03-10 00:25:50,589 - BasicTS-training - INFO - Start validation.
2026-03-10 00:27:43,252 - BasicTS-training - INFO - Result <val>: [val/time: 112.66 (s), val/loss: 0.3459, val/MAE: 0.3459, val/MSE: 0.5024, val/RMSE: 0.7088, val/MAPE: 3.4358, val/WAPE: 0.8161]
2026-03-10 00:31:30,367 - BasicTS-training - INFO - Result <test>: [test/time: 226.43 (s), test/loss: 0.2604, test/MAE: 0.2604, test/MSE: 0.2139, test/RMSE: 0.4625, test/MAPE: 2.0727, test/WAPE: 0.6088]
2026-03-10 00:31:32,368 - BasicTS-training - INFO - Checkpoint /mnt/users/rwl/MATS/results/main/MATS-Full-Weather-96/10f97ee4f31f3442b66b9c52d6dfeb22/MATSArch_010.pt saved
2026-03-10 00:31:32,999 - BasicTS-training - INFO - The estimated training finish time is 2026-03-11 06:50:02
2026-03-10 00:31:32,999 - BasicTS-training - INFO - Epoch 11 / 100
2026-03-10 00:45:59,454 - BasicTS-training - INFO - Result <train>: [train/time: 866.46 (s), train/lr: 4.88e-04, train/loss: 0.3635, train/MAE: 0.3635, train/MSE: 0.5108, train/RMSE: 0.7147, train/MAPE: 2.4396, train/WAPE: 0.7052]
2026-03-10 00:46:00,860 - BasicTS-training - INFO - Start validation.
2026-03-10 00:47:53,430 - BasicTS-training - INFO - Result <val>: [val/time: 112.57 (s), val/loss: 0.3344, val/MAE: 0.3344, val/MSE: 0.4879, val/RMSE: 0.6985, val/MAPE: 3.3891, val/WAPE: 0.7950]
2026-03-10 00:51:40,268 - BasicTS-training - INFO - Result <test>: [test/time: 225.64 (s), test/loss: 0.2509, test/MAE: 0.2509, test/MSE: 0.2046, test/RMSE: 0.4523, test/MAPE: 2.0382, test/WAPE: 0.5931]
2026-03-10 00:51:42,090 - BasicTS-training - INFO - Checkpoint /mnt/users/rwl/MATS/results/main/MATS-Full-Weather-96/10f97ee4f31f3442b66b9c52d6dfeb22/MATSArch_011.pt saved
2026-03-10 00:51:42,091 - BasicTS-training - INFO - The estimated training finish time is 2026-03-11 06:49:33
2026-03-10 00:51:42,091 - BasicTS-training - INFO - Epoch 12 / 100
2026-03-10 01:06:03,632 - BasicTS-training - INFO - Result <train>: [train/time: 861.54 (s), train/lr: 4.85e-04, train/loss: 0.3635, train/MAE: 0.3635, train/MSE: 0.5107, train/RMSE: 0.7146, train/MAPE: 2.4416, train/WAPE: 0.7057]
2026-03-10 01:06:04,951 - BasicTS-training - INFO - Start validation.
2026-03-10 01:07:56,438 - BasicTS-training - INFO - Result <val>: [val/time: 111.49 (s), val/loss: 0.3340, val/MAE: 0.3340, val/MSE: 0.4873, val/RMSE: 0.6981, val/MAPE: 3.4289, val/WAPE: 0.7977]
2026-03-10 01:11:41,632 - BasicTS-training - INFO - Result <test>: [test/time: 224.13 (s), test/loss: 0.2527, test/MAE: 0.2527, test/MSE: 0.2061, test/RMSE: 0.4540, test/MAPE: 2.0651, test/WAPE: 0.5974]
2026-03-10 01:11:43,633 - BasicTS-training - INFO - Checkpoint /mnt/users/rwl/MATS/results/main/MATS-Full-Weather-96/10f97ee4f31f3442b66b9c52d6dfeb22/MATSArch_012.pt saved
2026-03-10 01:11:43,633 - BasicTS-training - INFO - The estimated training finish time is 2026-03-11 06:48:05
2026-03-10 01:11:43,633 - BasicTS-training - INFO - Epoch 13 / 100
2026-03-10 01:26:01,871 - BasicTS-training - INFO - Result <train>: [train/time: 858.24 (s), train/lr: 4.82e-04, train/loss: 0.3633, train/MAE: 0.3633, train/MSE: 0.5103, train/RMSE: 0.7144, train/MAPE: 2.4412, train/WAPE: 0.7057]
2026-03-10 01:26:03,192 - BasicTS-training - INFO - Start validation.
2026-03-10 01:27:55,071 - BasicTS-training - INFO - Result <val>: [val/time: 111.88 (s), val/loss: 0.3407, val/MAE: 0.3407, val/MSE: 0.4947, val/RMSE: 0.7034, val/MAPE: 3.4198, val/WAPE: 0.8075]
2026-03-10 01:31:10,869 - BasicTS-training - INFO - Result <test>: [test/time: 195.15 (s), test/loss: 0.2576, test/MAE: 0.2576, test/MSE: 0.2099, test/RMSE: 0.4581, test/MAPE: 2.0472, test/WAPE: 0.6055]
2026-03-10 01:31:11,666 - BasicTS-training - INFO - Checkpoint /mnt/users/rwl/MATS/results/main/MATS-Full-Weather-96/10f97ee4f31f3442b66b9c52d6dfeb22/MATSArch_013.pt saved
2026-03-10 01:31:11,667 - BasicTS-training - INFO - The estimated training finish time is 2026-03-11 06:42:33
2026-03-10 01:31:11,667 - BasicTS-training - INFO - Epoch 14 / 100
2026-03-10 01:43:47,107 - BasicTS-training - INFO - Result <train>: [train/time: 755.44 (s), train/lr: 4.79e-04, train/loss: 0.3630, train/MAE: 0.3630, train/MSE: 0.5101, train/RMSE: 0.7142, train/MAPE: 2.4397, train/WAPE: 0.7048]
2026-03-10 01:43:48,486 - BasicTS-training - INFO - Start validation.
2026-03-10 01:45:22,057 - BasicTS-training - INFO - Result <val>: [val/time: 93.57 (s), val/loss: 0.3347, val/MAE: 0.3347, val/MSE: 0.4880, val/RMSE: 0.6986, val/MAPE: 3.3595, val/WAPE: 0.7996]
2026-03-10 01:48:00,680 - BasicTS-training - INFO - Result <test>: [test/time: 157.90 (s), test/loss: 0.2502, test/MAE: 0.2502, test/MSE: 0.2027, test/RMSE: 0.4502, test/MAPE: 2.0885, test/WAPE: 0.5950]
2026-03-10 01:48:02,303 - BasicTS-training - INFO - Checkpoint /mnt/users/rwl/MATS/results/main/MATS-Full-Weather-96/10f97ee4f31f3442b66b9c52d6dfeb22/MATSArch_014.pt saved
2026-03-10 01:48:02,304 - BasicTS-training - INFO - The estimated training finish time is 2026-03-11 06:19:05
2026-03-10 01:48:02,304 - BasicTS-training - INFO - Epoch 15 / 100
2026-03-10 02:00:43,661 - BasicTS-training - INFO - Result <train>: [train/time: 761.36 (s), train/lr: 4.76e-04, train/loss: 0.3629, train/MAE: 0.3629, train/MSE: 0.5099, train/RMSE: 0.7141, train/MAPE: 2.4412, train/WAPE: 0.7054]
2026-03-10 02:00:44,701 - BasicTS-training - INFO - Start validation.
2026-03-10 02:02:37,809 - BasicTS-training - INFO - Result <val>: [val/time: 113.11 (s), val/loss: 0.3326, val/MAE: 0.3326, val/MSE: 0.4859, val/RMSE: 0.6971, val/MAPE: 3.3918, val/WAPE: 0.7968]
2026-03-10 02:02:39,442 - BasicTS-training - INFO - Checkpoint /mnt/users/rwl/MATS/results/main/MATS-Full-Weather-96/10f97ee4f31f3442b66b9c52d6dfeb22/MATSArch_best_val_MAE.pt saved
2026-03-10 02:06:26,510 - BasicTS-training - INFO - Result <test>: [test/time: 227.07 (s), test/loss: 0.2519, test/MAE: 0.2519, test/MSE: 0.2048, test/RMSE: 0.4525, test/MAPE: 2.0883, test/WAPE: 0.5977]
2026-03-10 02:06:29,368 - BasicTS-training - INFO - Checkpoint /mnt/users/rwl/MATS/results/main/MATS-Full-Weather-96/10f97ee4f31f3442b66b9c52d6dfeb22/MATSArch_015.pt saved
2026-03-10 02:06:29,369 - BasicTS-training - INFO - The estimated training finish time is 2026-03-11 06:09:27
2026-03-10 02:06:29,369 - BasicTS-training - INFO - Epoch 16 / 100
2026-03-10 02:20:55,996 - BasicTS-training - INFO - Result <train>: [train/time: 866.63 (s), train/lr: 4.73e-04, train/loss: 0.3626, train/MAE: 0.3626, train/MSE: 0.5094, train/RMSE: 0.7137, train/MAPE: 2.4381, train/WAPE: 0.7046]
2026-03-10 02:20:58,200 - BasicTS-training - INFO - Start validation.
2026-03-10 02:22:51,536 - BasicTS-training - INFO - Result <val>: [val/time: 113.33 (s), val/loss: 0.3357, val/MAE: 0.3357, val/MSE: 0.4876, val/RMSE: 0.6983, val/MAPE: 3.3114, val/WAPE: 0.7981]
2026-03-10 02:26:40,758 - BasicTS-training - INFO - Result <test>: [test/time: 228.13 (s), test/loss: 0.2526, test/MAE: 0.2526, test/MSE: 0.2054, test/RMSE: 0.4532, test/MAPE: 2.1478, test/WAPE: 0.6019]
2026-03-10 02:26:42,657 - BasicTS-training - INFO - Checkpoint /mnt/users/rwl/MATS/results/main/MATS-Full-Weather-96/10f97ee4f31f3442b66b9c52d6dfeb22/MATSArch_016.pt saved
2026-03-10 02:26:42,658 - BasicTS-training - INFO - The estimated training finish time is 2026-03-11 06:12:05
2026-03-10 02:26:42,658 - BasicTS-training - INFO - Epoch 17 / 100
2026-03-10 02:41:08,763 - BasicTS-training - INFO - Result <train>: [train/time: 866.11 (s), train/lr: 4.69e-04, train/loss: 0.3623, train/MAE: 0.3623, train/MSE: 0.5092, train/RMSE: 0.7136, train/MAPE: 2.4406, train/WAPE: 0.7042]
2026-03-10 02:41:09,342 - BasicTS-training - INFO - Start validation.
2026-03-10 02:43:01,017 - BasicTS-training - INFO - Result <val>: [val/time: 111.67 (s), val/loss: 0.3291, val/MAE: 0.3291, val/MSE: 0.4797, val/RMSE: 0.6926, val/MAPE: 3.3164, val/WAPE: 0.7894]
2026-03-10 02:43:02,471 - BasicTS-training - INFO - Checkpoint /mnt/users/rwl/MATS/results/main/MATS-Full-Weather-96/10f97ee4f31f3442b66b9c52d6dfeb22/MATSArch_best_val_MAE.pt saved
2026-03-10 02:46:46,933 - BasicTS-training - INFO - Result <test>: [test/time: 224.46 (s), test/loss: 0.2497, test/MAE: 0.2497, test/MSE: 0.2025, test/RMSE: 0.4500, test/MAPE: 2.0674, test/WAPE: 0.5944]
2026-03-10 02:46:48,783 - BasicTS-training - INFO - Checkpoint /mnt/users/rwl/MATS/results/main/MATS-Full-Weather-96/10f97ee4f31f3442b66b9c52d6dfeb22/MATSArch_017.pt saved
2026-03-10 02:46:48,784 - BasicTS-training - INFO - The estimated training finish time is 2026-03-11 06:13:42
2026-03-10 02:46:48,784 - BasicTS-training - INFO - Epoch 18 / 100
2026-03-10 03:01:07,162 - BasicTS-training - INFO - Result <train>: [train/time: 858.38 (s), train/lr: 4.65e-04, train/loss: 0.3623, train/MAE: 0.3623, train/MSE: 0.5093, train/RMSE: 0.7136, train/MAPE: 2.4384, train/WAPE: 0.7048]
2026-03-10 03:01:08,482 - BasicTS-training - INFO - Start validation.
2026-03-10 03:02:58,789 - BasicTS-training - INFO - Result <val>: [val/time: 110.31 (s), val/loss: 0.3329, val/MAE: 0.3329, val/MSE: 0.4857, val/RMSE: 0.6970, val/MAPE: 3.2840, val/WAPE: 0.7889]
2026-03-10 03:06:43,738 - BasicTS-training - INFO - Result <test>: [test/time: 224.38 (s), test/loss: 0.2505, test/MAE: 0.2505, test/MSE: 0.2042, test/RMSE: 0.4519, test/MAPE: 2.1579, test/WAPE: 0.5964]
2026-03-10 03:06:45,786 - BasicTS-training - INFO - Checkpoint /mnt/users/rwl/MATS/results/main/MATS-Full-Weather-96/10f97ee4f31f3442b66b9c52d6dfeb22/MATSArch_018.pt saved
2026-03-10 03:06:45,787 - BasicTS-training - INFO - The estimated training finish time is 2026-03-11 06:14:18
2026-03-10 03:06:45,787 - BasicTS-training - INFO - Epoch 19 / 100
2026-03-10 03:21:04,736 - BasicTS-training - INFO - Result <train>: [train/time: 858.95 (s), train/lr: 4.61e-04, train/loss: 0.3621, train/MAE: 0.3621, train/MSE: 0.5094, train/RMSE: 0.7137, train/MAPE: 2.4390, train/WAPE: 0.7039]
2026-03-10 03:21:05,776 - BasicTS-training - INFO - Start validation.
2026-03-10 03:22:57,017 - BasicTS-training - INFO - Result <val>: [val/time: 111.24 (s), val/loss: 0.3330, val/MAE: 0.3330, val/MSE: 0.4828, val/RMSE: 0.6948, val/MAPE: 3.3116, val/WAPE: 0.7939]
2026-03-10 03:26:43,079 - BasicTS-training - INFO - Result <test>: [test/time: 224.91 (s), test/loss: 0.2548, test/MAE: 0.2548, test/MSE: 0.2072, test/RMSE: 0.4552, test/MAPE: 2.0836, test/WAPE: 0.6032]
2026-03-10 03:26:44,699 - BasicTS-training - INFO - Checkpoint /mnt/users/rwl/MATS/results/main/MATS-Full-Weather-96/10f97ee4f31f3442b66b9c52d6dfeb22/MATSArch_019.pt saved
2026-03-10 03:26:44,700 - BasicTS-training - INFO - The estimated training finish time is 2026-03-11 06:15:00
2026-03-10 03:26:44,700 - BasicTS-training - INFO - Epoch 20 / 100
2026-03-10 03:41:05,108 - BasicTS-training - INFO - Result <train>: [train/time: 860.41 (s), train/lr: 4.57e-04, train/loss: 0.3617, train/MAE: 0.3617, train/MSE: 0.5087, train/RMSE: 0.7133, train/MAPE: 2.4371, train/WAPE: 0.7039]
2026-03-10 03:41:05,895 - BasicTS-training - INFO - Start validation.
2026-03-10 03:42:57,659 - BasicTS-training - INFO - Result <val>: [val/time: 111.76 (s), val/loss: 0.3340, val/MAE: 0.3340, val/MSE: 0.4875, val/RMSE: 0.6982, val/MAPE: 3.3013, val/WAPE: 0.7883]
2026-03-10 03:46:39,369 - BasicTS-training - INFO - Result <test>: [test/time: 221.05 (s), test/loss: 0.2514, test/MAE: 0.2514, test/MSE: 0.2051, test/RMSE: 0.4528, test/MAPE: 2.1659, test/WAPE: 0.5973]
2026-03-10 03:46:41,254 - BasicTS-training - INFO - Checkpoint /mnt/users/rwl/MATS/results/main/MATS-Full-Weather-96/10f97ee4f31f3442b66b9c52d6dfeb22/MATSArch_020.pt saved
2026-03-10 03:46:42,308 - BasicTS-training - INFO - The estimated training finish time is 2026-03-11 06:15:32
2026-03-10 03:46:42,308 - BasicTS-training - INFO - Epoch 21 / 100
2026-03-10 04:01:01,246 - BasicTS-training - INFO - Result <train>: [train/time: 858.94 (s), train/lr: 4.52e-04, train/loss: 0.3617, train/MAE: 0.3617, train/MSE: 0.5089, train/RMSE: 0.7134, train/MAPE: 2.4393, train/WAPE: 0.7039]
2026-03-10 04:01:02,503 - BasicTS-training - INFO - Start validation.
2026-03-10 04:02:52,629 - BasicTS-training - INFO - Result <val>: [val/time: 110.12 (s), val/loss: 0.3345, val/MAE: 0.3345, val/MSE: 0.4842, val/RMSE: 0.6959, val/MAPE: 3.2978, val/WAPE: 0.7954]
2026-03-10 04:06:37,421 - BasicTS-training - INFO - Result <test>: [test/time: 224.03 (s), test/loss: 0.2530, test/MAE: 0.2530, test/MSE: 0.2047, test/RMSE: 0.4525, test/MAPE: 2.0744, test/WAPE: 0.5984]
2026-03-10 04:06:39,451 - BasicTS-training - INFO - Checkpoint /mnt/users/rwl/MATS/results/main/MATS-Full-Weather-96/10f97ee4f31f3442b66b9c52d6dfeb22/MATSArch_021.pt saved
2026-03-10 04:06:39,452 - BasicTS-training - INFO - The estimated training finish time is 2026-03-11 06:15:58
2026-03-10 04:06:39,452 - BasicTS-training - INFO - Epoch 22 / 100
2026-03-10 04:21:00,085 - BasicTS-training - INFO - Result <train>: [train/time: 860.63 (s), train/lr: 4.48e-04, train/loss: 0.3615, train/MAE: 0.3615, train/MSE: 0.5086, train/RMSE: 0.7131, train/MAPE: 2.4366, train/WAPE: 0.7035]
2026-03-10 04:21:00,902 - BasicTS-training - INFO - Start validation.
2026-03-10 04:22:53,527 - BasicTS-training - INFO - Result <val>: [val/time: 112.62 (s), val/loss: 0.3406, val/MAE: 0.3406, val/MSE: 0.4899, val/RMSE: 0.6999, val/MAPE: 3.4027, val/WAPE: 0.8096]
2026-03-10 04:26:39,373 - BasicTS-training - INFO - Result <test>: [test/time: 224.51 (s), test/loss: 0.2574, test/MAE: 0.2574, test/MSE: 0.2091, test/RMSE: 0.4573, test/MAPE: 2.0368, test/WAPE: 0.6076]
2026-03-10 04:26:41,390 - BasicTS-training - INFO - Checkpoint /mnt/users/rwl/MATS/results/main/MATS-Full-Weather-96/10f97ee4f31f3442b66b9c52d6dfeb22/MATSArch_022.pt saved
2026-03-10 04:26:41,391 - BasicTS-training - INFO - The estimated training finish time is 2026-03-11 06:16:44
2026-03-10 04:26:41,391 - BasicTS-training - INFO - Epoch 23 / 100
2026-03-10 04:40:58,435 - BasicTS-training - INFO - Result <train>: [train/time: 857.04 (s), train/lr: 4.43e-04, train/loss: 0.3614, train/MAE: 0.3614, train/MSE: 0.5085, train/RMSE: 0.7131, train/MAPE: 2.4383, train/WAPE: 0.7035]
2026-03-10 04:40:59,663 - BasicTS-training - INFO - Start validation.
2026-03-10 04:42:50,038 - BasicTS-training - INFO - Result <val>: [val/time: 110.37 (s), val/loss: 0.3334, val/MAE: 0.3334, val/MSE: 0.4830, val/RMSE: 0.6950, val/MAPE: 3.2783, val/WAPE: 0.7906]
2026-03-10 04:46:37,344 - BasicTS-training - INFO - Result <test>: [test/time: 226.35 (s), test/loss: 0.2520, test/MAE: 0.2520, test/MSE: 0.2044, test/RMSE: 0.4522, test/MAPE: 2.1126, test/WAPE: 0.5970]
2026-03-10 04:46:39,744 - BasicTS-training - INFO - Checkpoint /mnt/users/rwl/MATS/results/main/MATS-Full-Weather-96/10f97ee4f31f3442b66b9c52d6dfeb22/MATSArch_023.pt saved
2026-03-10 04:46:39,745 - BasicTS-training - INFO - The estimated training finish time is 2026-03-11 06:17:10
2026-03-10 04:46:39,745 - BasicTS-training - INFO - Epoch 24 / 100
2026-03-10 05:00:59,580 - BasicTS-training - INFO - Result <train>: [train/time: 859.84 (s), train/lr: 4.38e-04, train/loss: 0.3618, train/MAE: 0.3618, train/MSE: 0.5092, train/RMSE: 0.7136, train/MAPE: 2.4380, train/WAPE: 0.7037]
2026-03-10 05:01:00,611 - BasicTS-training - INFO - Start validation.
2026-03-10 05:02:50,775 - BasicTS-training - INFO - Result <val>: [val/time: 110.16 (s), val/loss: 0.3303, val/MAE: 0.3303, val/MSE: 0.4808, val/RMSE: 0.6934, val/MAPE: 3.3161, val/WAPE: 0.7912]
2026-03-10 05:06:34,203 - BasicTS-training - INFO - Result <test>: [test/time: 222.50 (s), test/loss: 0.2517, test/MAE: 0.2517, test/MSE: 0.2046, test/RMSE: 0.4523, test/MAPE: 2.0977, test/WAPE: 0.5996]
2026-03-10 05:06:36,036 - BasicTS-training - INFO - Checkpoint /mnt/users/rwl/MATS/results/main/MATS-Full-Weather-96/10f97ee4f31f3442b66b9c52d6dfeb22/MATSArch_024.pt saved
2026-03-10 05:06:36,036 - BasicTS-training - INFO - The estimated training finish time is 2026-03-11 06:17:25
2026-03-10 05:06:36,037 - BasicTS-training - INFO - Epoch 25 / 100
2026-03-10 05:20:49,931 - BasicTS-training - INFO - Result <train>: [train/time: 853.89 (s), train/lr: 4.32e-04, train/loss: 0.3612, train/MAE: 0.3612, train/MSE: 0.5086, train/RMSE: 0.7131, train/MAPE: 2.4325, train/WAPE: 0.7030]
2026-03-10 05:20:50,698 - BasicTS-training - INFO - Start validation.
2026-03-10 05:22:42,360 - BasicTS-training - INFO - Result <val>: [val/time: 111.66 (s), val/loss: 0.3327, val/MAE: 0.3327, val/MSE: 0.4824, val/RMSE: 0.6946, val/MAPE: 3.2341, val/WAPE: 0.7902]
2026-03-10 05:26:30,647 - BasicTS-training - INFO - Result <test>: [test/time: 227.19 (s), test/loss: 0.2494, test/MAE: 0.2494, test/MSE: 0.2019, test/RMSE: 0.4493, test/MAPE: 2.1120, test/WAPE: 0.5939]
2026-03-10 05:26:32,557 - BasicTS-training - INFO - Checkpoint /mnt/users/rwl/MATS/results/main/MATS-Full-Weather-96/10f97ee4f31f3442b66b9c52d6dfeb22/MATSArch_025.pt saved
2026-03-10 05:26:32,558 - BasicTS-training - INFO - The estimated training finish time is 2026-03-11 06:17:40
2026-03-10 05:26:32,558 - BasicTS-training - INFO - Epoch 26 / 100
2026-03-10 05:40:48,351 - BasicTS-training - INFO - Result <train>: [train/time: 855.79 (s), train/lr: 4.27e-04, train/loss: 0.3612, train/MAE: 0.3612, train/MSE: 0.5085, train/RMSE: 0.7131, train/MAPE: 2.4341, train/WAPE: 0.7030]
2026-03-10 05:40:49,265 - BasicTS-training - INFO - Start validation.
2026-03-10 05:42:39,831 - BasicTS-training - INFO - Result <val>: [val/time: 110.56 (s), val/loss: 0.3297, val/MAE: 0.3297, val/MSE: 0.4782, val/RMSE: 0.6915, val/MAPE: 3.2319, val/WAPE: 0.7873]
2026-03-10 05:46:26,745 - BasicTS-training - INFO - Result <test>: [test/time: 226.22 (s), test/loss: 0.2512, test/MAE: 0.2512, test/MSE: 0.2038, test/RMSE: 0.4514, test/MAPE: 2.0833, test/WAPE: 0.5980]
2026-03-10 05:46:28,526 - BasicTS-training - INFO - Checkpoint /mnt/users/rwl/MATS/results/main/MATS-Full-Weather-96/10f97ee4f31f3442b66b9c52d6dfeb22/MATSArch_026.pt saved
2026-03-10 05:46:28,527 - BasicTS-training - INFO - The estimated training finish time is 2026-03-11 06:17:52
2026-03-10 05:46:28,527 - BasicTS-training - INFO - Epoch 27 / 100
2026-03-10 06:00:49,879 - BasicTS-training - INFO - Result <train>: [train/time: 861.35 (s), train/lr: 4.21e-04, train/loss: 0.3612, train/MAE: 0.3612, train/MSE: 0.5086, train/RMSE: 0.7132, train/MAPE: 2.4326, train/WAPE: 0.7031]
2026-03-10 06:00:51,031 - BasicTS-training - INFO - Start validation.
2026-03-10 06:02:42,024 - BasicTS-training - INFO - Result <val>: [val/time: 110.99 (s), val/loss: 0.3378, val/MAE: 0.3378, val/MSE: 0.4919, val/RMSE: 0.7013, val/MAPE: 3.2516, val/WAPE: 0.7972]
2026-03-10 06:06:27,121 - BasicTS-training - INFO - Result <test>: [test/time: 224.24 (s), test/loss: 0.2510, test/MAE: 0.2510, test/MSE: 0.2047, test/RMSE: 0.4525, test/MAPE: 2.1327, test/WAPE: 0.5986]
2026-03-10 06:06:29,209 - BasicTS-training - INFO - Checkpoint /mnt/users/rwl/MATS/results/main/MATS-Full-Weather-96/10f97ee4f31f3442b66b9c52d6dfeb22/MATSArch_027.pt saved
2026-03-10 06:06:29,210 - BasicTS-training - INFO - The estimated training finish time is 2026-03-11 06:18:20
2026-03-10 06:06:29,210 - BasicTS-training - INFO - Epoch 28 / 100
2026-03-10 06:19:27,217 - BasicTS-training - INFO - Result <train>: [train/time: 778.01 (s), train/lr: 4.15e-04, train/loss: 0.3610, train/MAE: 0.3610, train/MSE: 0.5084, train/RMSE: 0.7130, train/MAPE: 2.4355, train/WAPE: 0.7029]
2026-03-10 06:19:28,570 - BasicTS-training - INFO - Start validation.
2026-03-10 06:21:05,214 - BasicTS-training - INFO - Result <val>: [val/time: 96.64 (s), val/loss: 0.3335, val/MAE: 0.3335, val/MSE: 0.4823, val/RMSE: 0.6945, val/MAPE: 3.2859, val/WAPE: 0.7941]
2026-03-10 06:24:19,367 - BasicTS-training - INFO - Result <test>: [test/time: 193.15 (s), test/loss: 0.2534, test/MAE: 0.2534, test/MSE: 0.2048, test/RMSE: 0.4525, test/MAPE: 2.0736, test/WAPE: 0.5988]
2026-03-10 06:24:21,432 - BasicTS-training - INFO - Checkpoint /mnt/users/rwl/MATS/results/main/MATS-Full-Weather-96/10f97ee4f31f3442b66b9c52d6dfeb22/MATSArch_028.pt saved
2026-03-10 06:24:21,433 - BasicTS-training - INFO - The estimated training finish time is 2026-03-11 06:11:08
2026-03-10 06:24:21,433 - BasicTS-training - INFO - Epoch 29 / 100
2026-03-10 06:35:22,629 - BasicTS-training - INFO - Result <train>: [train/time: 661.20 (s), train/lr: 4.09e-04, train/loss: 0.3611, train/MAE: 0.3611, train/MSE: 0.5087, train/RMSE: 0.7132, train/MAPE: 2.4340, train/WAPE: 0.7026]
2026-03-10 06:35:23,970 - BasicTS-training - INFO - Start validation.
2026-03-10 06:37:14,408 - BasicTS-training - INFO - Result <val>: [val/time: 110.44 (s), val/loss: 0.3359, val/MAE: 0.3359, val/MSE: 0.4856, val/RMSE: 0.6969, val/MAPE: 3.3994, val/WAPE: 0.7985]
2026-03-10 06:40:58,020 - BasicTS-training - INFO - Result <test>: [test/time: 222.36 (s), test/loss: 0.2540, test/MAE: 0.2540, test/MSE: 0.2062, test/RMSE: 0.4541, test/MAPE: 2.0514, test/WAPE: 0.5981]
2026-03-10 06:40:59,926 - BasicTS-training - INFO - Checkpoint /mnt/users/rwl/MATS/results/main/MATS-Full-Weather-96/10f97ee4f31f3442b66b9c52d6dfeb22/MATSArch_029.pt saved
2026-03-10 06:40:59,926 - BasicTS-training - INFO - The estimated training finish time is 2026-03-11 06:00:11
2026-03-10 06:40:59,926 - BasicTS-training - INFO - Epoch 30 / 100
2026-03-10 06:55:31,101 - BasicTS-training - INFO - Result <train>: [train/time: 871.17 (s), train/lr: 4.03e-04, train/loss: 0.3609, train/MAE: 0.3609, train/MSE: 0.5083, train/RMSE: 0.7130, train/MAPE: 2.4324, train/WAPE: 0.7024]
2026-03-10 06:55:32,168 - BasicTS-training - INFO - Start validation.
2026-03-10 06:57:29,661 - BasicTS-training - INFO - Result <val>: [val/time: 117.49 (s), val/loss: 0.3309, val/MAE: 0.3309, val/MSE: 0.4818, val/RMSE: 0.6941, val/MAPE: 3.3289, val/WAPE: 0.7904]
2026-03-10 07:01:17,287 - BasicTS-training - INFO - Result <test>: [test/time: 226.76 (s), test/loss: 0.2530, test/MAE: 0.2530, test/MSE: 0.2059, test/RMSE: 0.4538, test/MAPE: 2.0850, test/WAPE: 0.6008]
2026-03-10 07:01:19,780 - BasicTS-training - INFO - Checkpoint /mnt/users/rwl/MATS/results/main/MATS-Full-Weather-96/10f97ee4f31f3442b66b9c52d6dfeb22/MATSArch_030.pt saved
2026-03-10 07:01:20,483 - BasicTS-training - INFO - The estimated training finish time is 2026-03-11 06:02:18
2026-03-10 07:01:20,483 - BasicTS-training - INFO - Epoch 31 / 100
2026-03-10 07:15:44,530 - BasicTS-training - INFO - Result <train>: [train/time: 864.05 (s), train/lr: 3.97e-04, train/loss: 0.3611, train/MAE: 0.3611, train/MSE: 0.5088, train/RMSE: 0.7133, train/MAPE: 2.4331, train/WAPE: 0.7028]
2026-03-10 07:15:46,055 - BasicTS-training - INFO - Start validation.
2026-03-10 07:17:37,045 - BasicTS-training - INFO - Result <val>: [val/time: 110.99 (s), val/loss: 0.3334, val/MAE: 0.3334, val/MSE: 0.4832, val/RMSE: 0.6951, val/MAPE: 3.3465, val/WAPE: 0.7911]
2026-03-10 07:21:33,468 - BasicTS-training - INFO - Result <test>: [test/time: 235.61 (s), test/loss: 0.2553, test/MAE: 0.2553, test/MSE: 0.2085, test/RMSE: 0.4566, test/MAPE: 2.0721, test/WAPE: 0.6018]
2026-03-10 07:21:35,324 - BasicTS-training - INFO - Checkpoint /mnt/users/rwl/MATS/results/main/MATS-Full-Weather-96/10f97ee4f31f3442b66b9c52d6dfeb22/MATSArch_031.pt saved
2026-03-10 07:21:35,324 - BasicTS-training - INFO - The estimated training finish time is 2026-03-11 06:03:58
2026-03-10 07:21:35,324 - BasicTS-training - INFO - Epoch 32 / 100
2026-03-10 07:36:04,040 - BasicTS-training - INFO - Result <train>: [train/time: 868.72 (s), train/lr: 3.91e-04, train/loss: 0.3609, train/MAE: 0.3609, train/MSE: 0.5088, train/RMSE: 0.7133, train/MAPE: 2.4311, train/WAPE: 0.7021]
2026-03-10 07:36:05,321 - BasicTS-training - INFO - Start validation.
2026-03-10 07:37:56,506 - BasicTS-training - INFO - Result <val>: [val/time: 111.18 (s), val/loss: 0.3296, val/MAE: 0.3296, val/MSE: 0.4802, val/RMSE: 0.6930, val/MAPE: 3.2847, val/WAPE: 0.7864]
2026-03-10 07:41:41,565 - BasicTS-training - INFO - Result <test>: [test/time: 224.18 (s), test/loss: 0.2527, test/MAE: 0.2527, test/MSE: 0.2062, test/RMSE: 0.4541, test/MAPE: 2.0885, test/WAPE: 0.5981]
2026-03-10 07:41:43,699 - BasicTS-training - INFO - Checkpoint /mnt/users/rwl/MATS/results/main/MATS-Full-Weather-96/10f97ee4f31f3442b66b9c52d6dfeb22/MATSArch_032.pt saved
2026-03-10 07:41:43,700 - BasicTS-training - INFO - The estimated training finish time is 2026-03-11 06:05:12
2026-03-10 07:41:43,700 - BasicTS-training - INFO - Epoch 33 / 100
2026-03-10 07:56:15,682 - BasicTS-training - INFO - Result <train>: [train/time: 871.98 (s), train/lr: 3.84e-04, train/loss: 0.3608, train/MAE: 0.3608, train/MSE: 0.5089, train/RMSE: 0.7134, train/MAPE: 2.4324, train/WAPE: 0.7019]
2026-03-10 07:56:19,136 - BasicTS-training - INFO - Start validation.
2026-03-10 07:58:15,523 - BasicTS-training - INFO - Result <val>: [val/time: 116.39 (s), val/loss: 0.3338, val/MAE: 0.3338, val/MSE: 0.4863, val/RMSE: 0.6973, val/MAPE: 3.3431, val/WAPE: 0.7942]
2026-03-10 08:02:01,910 - BasicTS-training - INFO - Result <test>: [test/time: 225.02 (s), test/loss: 0.2531, test/MAE: 0.2531, test/MSE: 0.2065, test/RMSE: 0.4544, test/MAPE: 2.0735, test/WAPE: 0.5978]
2026-03-10 08:02:05,060 - BasicTS-training - INFO - Checkpoint /mnt/users/rwl/MATS/results/main/MATS-Full-Weather-96/10f97ee4f31f3442b66b9c52d6dfeb22/MATSArch_033.pt saved
2026-03-10 08:02:05,061 - BasicTS-training - INFO - The estimated training finish time is 2026-03-11 06:07:01
2026-03-10 08:02:05,061 - BasicTS-training - INFO - Epoch 34 / 100
2026-03-10 08:16:29,949 - BasicTS-training - INFO - Result <train>: [train/time: 864.89 (s), train/lr: 3.77e-04, train/loss: 0.3607, train/MAE: 0.3607, train/MSE: 0.5087, train/RMSE: 0.7132, train/MAPE: 2.4300, train/WAPE: 0.7022]
2026-03-10 08:16:31,210 - BasicTS-training - INFO - Start validation.
2026-03-10 08:18:23,998 - BasicTS-training - INFO - Result <val>: [val/time: 112.79 (s), val/loss: 0.3393, val/MAE: 0.3393, val/MSE: 0.4898, val/RMSE: 0.6998, val/MAPE: 3.4104, val/WAPE: 0.8049]
2026-03-10 08:22:18,820 - BasicTS-training - INFO - Result <test>: [test/time: 233.99 (s), test/loss: 0.2569, test/MAE: 0.2569, test/MSE: 0.2087, test/RMSE: 0.4568, test/MAPE: 2.0808, test/WAPE: 0.6028]
2026-03-10 08:22:20,678 - BasicTS-training - INFO - Checkpoint /mnt/users/rwl/MATS/results/main/MATS-Full-Weather-96/10f97ee4f31f3442b66b9c52d6dfeb22/MATSArch_034.pt saved
2026-03-10 08:22:20,678 - BasicTS-training - INFO - The estimated training finish time is 2026-03-11 06:08:27
2026-03-10 08:22:20,679 - BasicTS-training - INFO - Epoch 35 / 100
2026-03-10 08:36:44,216 - BasicTS-training - INFO - Result <train>: [train/time: 863.54 (s), train/lr: 3.70e-04, train/loss: 0.3605, train/MAE: 0.3605, train/MSE: 0.5086, train/RMSE: 0.7132, train/MAPE: 2.4308, train/WAPE: 0.7014]
2026-03-10 08:36:45,241 - BasicTS-training - INFO - Start validation.
2026-03-10 08:38:34,614 - BasicTS-training - INFO - Result <val>: [val/time: 109.37 (s), val/loss: 0.3288, val/MAE: 0.3288, val/MSE: 0.4806, val/RMSE: 0.6932, val/MAPE: 3.3288, val/WAPE: 0.7875]
2026-03-10 08:38:36,742 - BasicTS-training - INFO - Checkpoint /mnt/users/rwl/MATS/results/main/MATS-Full-Weather-96/10f97ee4f31f3442b66b9c52d6dfeb22/MATSArch_best_val_MAE.pt saved
2026-03-10 08:42:20,282 - BasicTS-training - INFO - Result <test>: [test/time: 223.54 (s), test/loss: 0.2503, test/MAE: 0.2503, test/MSE: 0.2038, test/RMSE: 0.4514, test/MAPE: 2.0971, test/WAPE: 0.5942]
2026-03-10 08:42:21,764 - BasicTS-training - INFO - Checkpoint /mnt/users/rwl/MATS/results/main/MATS-Full-Weather-96/10f97ee4f31f3442b66b9c52d6dfeb22/MATSArch_035.pt saved
2026-03-10 08:42:21,765 - BasicTS-training - INFO - The estimated training finish time is 2026-03-11 06:09:06
2026-03-10 08:42:21,765 - BasicTS-training - INFO - Epoch 36 / 100
2026-03-10 08:56:51,828 - BasicTS-training - INFO - Result <train>: [train/time: 870.06 (s), train/lr: 3.63e-04, train/loss: 0.3609, train/MAE: 0.3609, train/MSE: 0.5091, train/RMSE: 0.7135, train/MAPE: 2.4317, train/WAPE: 0.7022]
2026-03-10 08:56:53,801 - BasicTS-training - INFO - Start validation.
2026-03-10 08:58:48,448 - BasicTS-training - INFO - Result <val>: [val/time: 114.65 (s), val/loss: 0.3298, val/MAE: 0.3298, val/MSE: 0.4805, val/RMSE: 0.6932, val/MAPE: 3.3275, val/WAPE: 0.7890]
2026-03-10 09:02:34,851 - BasicTS-training - INFO - Result <test>: [test/time: 225.31 (s), test/loss: 0.2522, test/MAE: 0.2522, test/MSE: 0.2051, test/RMSE: 0.4529, test/MAPE: 2.0989, test/WAPE: 0.5976]
2026-03-10 09:02:36,966 - BasicTS-training - INFO - Checkpoint /mnt/users/rwl/MATS/results/main/MATS-Full-Weather-96/10f97ee4f31f3442b66b9c52d6dfeb22/MATSArch_036.pt saved
2026-03-10 09:02:36,967 - BasicTS-training - INFO - The estimated training finish time is 2026-03-11 06:10:22
2026-03-10 09:02:36,967 - BasicTS-training - INFO - Epoch 37 / 100
2026-03-10 09:17:02,003 - BasicTS-training - INFO - Result <train>: [train/time: 865.04 (s), train/lr: 3.56e-04, train/loss: 0.3606, train/MAE: 0.3606, train/MSE: 0.5088, train/RMSE: 0.7133, train/MAPE: 2.4325, train/WAPE: 0.7018]
2026-03-10 09:17:04,442 - BasicTS-training - INFO - Start validation.
2026-03-10 09:18:57,717 - BasicTS-training - INFO - Result <val>: [val/time: 113.27 (s), val/loss: 0.3276, val/MAE: 0.3276, val/MSE: 0.4761, val/RMSE: 0.6900, val/MAPE: 3.2246, val/WAPE: 0.7816]
2026-03-10 09:18:59,598 - BasicTS-training - INFO - Checkpoint /mnt/users/rwl/MATS/results/main/MATS-Full-Weather-96/10f97ee4f31f3442b66b9c52d6dfeb22/MATSArch_best_val_MAE.pt saved
2026-03-10 09:22:51,283 - BasicTS-training - INFO - Result <test>: [test/time: 231.68 (s), test/loss: 0.2517, test/MAE: 0.2517, test/MSE: 0.2044, test/RMSE: 0.4522, test/MAPE: 2.0961, test/WAPE: 0.5979]
2026-03-10 09:22:53,087 - BasicTS-training - INFO - Checkpoint /mnt/users/rwl/MATS/results/main/MATS-Full-Weather-96/10f97ee4f31f3442b66b9c52d6dfeb22/MATSArch_037.pt saved
2026-03-10 09:22:53,088 - BasicTS-training - INFO - The estimated training finish time is 2026-03-11 06:11:36
2026-03-10 09:22:53,088 - BasicTS-training - INFO - Epoch 38 / 100
2026-03-10 09:37:26,485 - BasicTS-training - INFO - Result <train>: [train/time: 873.40 (s), train/lr: 3.49e-04, train/loss: 0.3602, train/MAE: 0.3602, train/MSE: 0.5085, train/RMSE: 0.7131, train/MAPE: 2.4285, train/WAPE: 0.7015]
2026-03-10 09:37:27,970 - BasicTS-training - INFO - Start validation.
2026-03-10 09:39:19,863 - BasicTS-training - INFO - Result <val>: [val/time: 111.89 (s), val/loss: 0.3288, val/MAE: 0.3288, val/MSE: 0.4789, val/RMSE: 0.6920, val/MAPE: 3.2853, val/WAPE: 0.7868]
2026-03-10 09:43:07,685 - BasicTS-training - INFO - Result <test>: [test/time: 227.33 (s), test/loss: 0.2488, test/MAE: 0.2488, test/MSE: 0.2021, test/RMSE: 0.4496, test/MAPE: 2.1149, test/WAPE: 0.5935]
2026-03-10 09:43:09,961 - BasicTS-training - INFO - Checkpoint /mnt/users/rwl/MATS/results/main/MATS-Full-Weather-96/10f97ee4f31f3442b66b9c52d6dfeb22/MATSArch_038.pt saved
2026-03-10 09:43:09,962 - BasicTS-training - INFO - The estimated training finish time is 2026-03-11 06:12:49
2026-03-10 09:43:09,962 - BasicTS-training - INFO - Epoch 39 / 100
2026-03-10 09:57:50,242 - BasicTS-training - INFO - Result <train>: [train/time: 880.28 (s), train/lr: 3.42e-04, train/loss: 0.3605, train/MAE: 0.3605, train/MSE: 0.5086, train/RMSE: 0.7132, train/MAPE: 2.4314, train/WAPE: 0.7013]
2026-03-10 09:57:51,224 - BasicTS-training - INFO - Start validation.
2026-03-10 09:59:44,688 - BasicTS-training - INFO - Result <val>: [val/time: 113.46 (s), val/loss: 0.3368, val/MAE: 0.3368, val/MSE: 0.4877, val/RMSE: 0.6983, val/MAPE: 3.3694, val/WAPE: 0.7993]
2026-03-10 10:03:31,105 - BasicTS-training - INFO - Result <test>: [test/time: 225.24 (s), test/loss: 0.2580, test/MAE: 0.2580, test/MSE: 0.2102, test/RMSE: 0.4585, test/MAPE: 2.0559, test/WAPE: 0.6063]
2026-03-10 10:03:32,446 - BasicTS-training - INFO - Checkpoint /mnt/users/rwl/MATS/results/main/MATS-Full-Weather-96/10f97ee4f31f3442b66b9c52d6dfeb22/MATSArch_039.pt saved
2026-03-10 10:03:32,447 - BasicTS-training - INFO - The estimated training finish time is 2026-03-11 06:14:12
2026-03-10 10:03:32,447 - BasicTS-training - INFO - Epoch 40 / 100
2026-03-10 10:18:01,026 - BasicTS-training - INFO - Result <train>: [train/time: 868.58 (s), train/lr: 3.35e-04, train/loss: 0.3600, train/MAE: 0.3600, train/MSE: 0.5083, train/RMSE: 0.7129, train/MAPE: 2.4276, train/WAPE: 0.7007]
2026-03-10 10:18:02,205 - BasicTS-training - INFO - Start validation.
2026-03-10 10:19:55,722 - BasicTS-training - INFO - Result <val>: [val/time: 113.52 (s), val/loss: 0.3312, val/MAE: 0.3312, val/MSE: 0.4792, val/RMSE: 0.6922, val/MAPE: 3.2686, val/WAPE: 0.7894]
2026-03-10 10:23:47,448 - BasicTS-training - INFO - Result <test>: [test/time: 230.91 (s), test/loss: 0.2538, test/MAE: 0.2538, test/MSE: 0.2054, test/RMSE: 0.4532, test/MAPE: 2.0988, test/WAPE: 0.6006]
2026-03-10 10:23:49,218 - BasicTS-training - INFO - Checkpoint /mnt/users/rwl/MATS/results/main/MATS-Full-Weather-96/10f97ee4f31f3442b66b9c52d6dfeb22/MATSArch_040.pt saved
2026-03-10 10:23:49,870 - BasicTS-training - INFO - The estimated training finish time is 2026-03-11 06:15:19
2026-03-10 10:23:49,871 - BasicTS-training - INFO - Epoch 41 / 100
2026-03-10 10:38:27,542 - BasicTS-training - INFO - Result <train>: [train/time: 877.67 (s), train/lr: 3.27e-04, train/loss: 0.3603, train/MAE: 0.3603, train/MSE: 0.5088, train/RMSE: 0.7133, train/MAPE: 2.4262, train/WAPE: 0.7008]
2026-03-10 10:38:28,499 - BasicTS-training - INFO - Start validation.
2026-03-10 10:40:20,462 - BasicTS-training - INFO - Result <val>: [val/time: 111.96 (s), val/loss: 0.3311, val/MAE: 0.3311, val/MSE: 0.4811, val/RMSE: 0.6936, val/MAPE: 3.2189, val/WAPE: 0.7876]
2026-03-10 10:44:09,951 - BasicTS-training - INFO - Result <test>: [test/time: 228.30 (s), test/loss: 0.2538, test/MAE: 0.2538, test/MSE: 0.2064, test/RMSE: 0.4543, test/MAPE: 2.1347, test/WAPE: 0.6016]
2026-03-10 10:44:12,143 - BasicTS-training - INFO - Checkpoint /mnt/users/rwl/MATS/results/main/MATS-Full-Weather-96/10f97ee4f31f3442b66b9c52d6dfeb22/MATSArch_041.pt saved
2026-03-10 10:44:12,143 - BasicTS-training - INFO - The estimated training finish time is 2026-03-11 06:16:34
2026-03-10 10:44:12,143 - BasicTS-training - INFO - Epoch 42 / 100
2026-03-10 10:58:50,942 - BasicTS-training - INFO - Result <train>: [train/time: 878.80 (s), train/lr: 3.20e-04, train/loss: 0.3602, train/MAE: 0.3602, train/MSE: 0.5088, train/RMSE: 0.7133, train/MAPE: 2.4267, train/WAPE: 0.7010]
2026-03-10 10:58:51,993 - BasicTS-training - INFO - Start validation.
2026-03-10 11:00:44,090 - BasicTS-training - INFO - Result <val>: [val/time: 112.10 (s), val/loss: 0.3286, val/MAE: 0.3286, val/MSE: 0.4767, val/RMSE: 0.6904, val/MAPE: 3.1722, val/WAPE: 0.7815]
2026-03-10 11:04:31,400 - BasicTS-training - INFO - Result <test>: [test/time: 226.49 (s), test/loss: 0.2508, test/MAE: 0.2508, test/MSE: 0.2039, test/RMSE: 0.4515, test/MAPE: 2.1276, test/WAPE: 0.5986]
2026-03-10 11:04:33,694 - BasicTS-training - INFO - Checkpoint /mnt/users/rwl/MATS/results/main/MATS-Full-Weather-96/10f97ee4f31f3442b66b9c52d6dfeb22/MATSArch_042.pt saved
2026-03-10 11:04:33,694 - BasicTS-training - INFO - The estimated training finish time is 2026-03-11 06:17:44
2026-03-10 11:04:33,694 - BasicTS-training - INFO - Epoch 43 / 100
2026-03-10 11:19:05,343 - BasicTS-training - INFO - Result <train>: [train/time: 871.65 (s), train/lr: 3.12e-04, train/loss: 0.3601, train/MAE: 0.3601, train/MSE: 0.5085, train/RMSE: 0.7131, train/MAPE: 2.4271, train/WAPE: 0.7005]
2026-03-10 11:19:06,560 - BasicTS-training - INFO - Start validation.
2026-03-10 11:21:00,911 - BasicTS-training - INFO - Result <val>: [val/time: 114.35 (s), val/loss: 0.3321, val/MAE: 0.3321, val/MSE: 0.4826, val/RMSE: 0.6947, val/MAPE: 3.3425, val/WAPE: 0.7914]
2026-03-10 11:24:50,617 - BasicTS-training - INFO - Result <test>: [test/time: 228.13 (s), test/loss: 0.2517, test/MAE: 0.2517, test/MSE: 0.2047, test/RMSE: 0.4525, test/MAPE: 2.0557, test/WAPE: 0.5941]
2026-03-10 11:24:52,076 - BasicTS-training - INFO - Checkpoint /mnt/users/rwl/MATS/results/main/MATS-Full-Weather-96/10f97ee4f31f3442b66b9c52d6dfeb22/MATSArch_043.pt saved
2026-03-10 11:24:52,076 - BasicTS-training - INFO - The estimated training finish time is 2026-03-11 06:18:43
2026-03-10 11:24:52,076 - BasicTS-training - INFO - Epoch 44 / 100
2026-03-10 11:39:32,010 - BasicTS-training - INFO - Result <train>: [train/time: 879.93 (s), train/lr: 3.05e-04, train/loss: 0.3598, train/MAE: 0.3598, train/MSE: 0.5083, train/RMSE: 0.7130, train/MAPE: 2.4259, train/WAPE: 0.7004]
2026-03-10 11:39:33,087 - BasicTS-training - INFO - Start validation.
2026-03-10 11:41:25,041 - BasicTS-training - INFO - Result <val>: [val/time: 111.95 (s), val/loss: 0.3293, val/MAE: 0.3293, val/MSE: 0.4808, val/RMSE: 0.6934, val/MAPE: 3.3251, val/WAPE: 0.7856]
2026-03-10 11:45:23,063 - BasicTS-training - INFO - Result <test>: [test/time: 237.41 (s), test/loss: 0.2511, test/MAE: 0.2511, test/MSE: 0.2050, test/RMSE: 0.4528, test/MAPE: 2.0904, test/WAPE: 0.5942]
2026-03-10 11:45:26,086 - BasicTS-training - INFO - Checkpoint /mnt/users/rwl/MATS/results/main/MATS-Full-Weather-96/10f97ee4f31f3442b66b9c52d6dfeb22/MATSArch_044.pt saved
2026-03-10 11:45:26,087 - BasicTS-training - INFO - The estimated training finish time is 2026-03-11 06:20:15
2026-03-10 11:45:26,087 - BasicTS-training - INFO - Epoch 45 / 100
2026-03-10 12:00:07,711 - BasicTS-training - INFO - Result <train>: [train/time: 881.62 (s), train/lr: 2.97e-04, train/loss: 0.3598, train/MAE: 0.3598, train/MSE: 0.5084, train/RMSE: 0.7130, train/MAPE: 2.4246, train/WAPE: 0.7005]
2026-03-10 12:00:08,487 - BasicTS-training - INFO - Start validation.
2026-03-10 12:02:00,840 - BasicTS-training - INFO - Result <val>: [val/time: 112.35 (s), val/loss: 0.3369, val/MAE: 0.3369, val/MSE: 0.4888, val/RMSE: 0.6991, val/MAPE: 3.4171, val/WAPE: 0.7975]
2026-03-10 12:05:50,333 - BasicTS-training - INFO - Result <test>: [test/time: 228.76 (s), test/loss: 0.2554, test/MAE: 0.2554, test/MSE: 0.2084, test/RMSE: 0.4565, test/MAPE: 2.0590, test/WAPE: 0.6003]
2026-03-10 12:05:52,596 - BasicTS-training - INFO - Checkpoint /mnt/users/rwl/MATS/results/main/MATS-Full-Weather-96/10f97ee4f31f3442b66b9c52d6dfeb22/MATSArch_045.pt saved
2026-03-10 12:05:52,597 - BasicTS-training - INFO - The estimated training finish time is 2026-03-11 06:21:26
2026-03-10 12:05:52,597 - BasicTS-training - INFO - Epoch 46 / 100
2026-03-10 12:20:31,661 - BasicTS-training - INFO - Result <train>: [train/time: 879.06 (s), train/lr: 2.89e-04, train/loss: 0.3597, train/MAE: 0.3597, train/MSE: 0.5083, train/RMSE: 0.7130, train/MAPE: 2.4247, train/WAPE: 0.7002]
2026-03-10 12:20:33,371 - BasicTS-training - INFO - Start validation.
2026-03-10 12:22:26,908 - BasicTS-training - INFO - Result <val>: [val/time: 113.54 (s), val/loss: 0.3288, val/MAE: 0.3288, val/MSE: 0.4787, val/RMSE: 0.6919, val/MAPE: 3.2774, val/WAPE: 0.7846]
2026-03-10 12:26:15,205 - BasicTS-training - INFO - Result <test>: [test/time: 227.70 (s), test/loss: 0.2527, test/MAE: 0.2527, test/MSE: 0.2057, test/RMSE: 0.4536, test/MAPE: 2.0840, test/WAPE: 0.5980]
2026-03-10 12:26:17,346 - BasicTS-training - INFO - Checkpoint /mnt/users/rwl/MATS/results/main/MATS-Full-Weather-96/10f97ee4f31f3442b66b9c52d6dfeb22/MATSArch_046.pt saved
2026-03-10 12:26:17,347 - BasicTS-training - INFO - The estimated training finish time is 2026-03-11 06:22:30
2026-03-10 12:26:17,347 - BasicTS-training - INFO - Epoch 47 / 100
2026-03-10 12:40:48,357 - BasicTS-training - INFO - Result <train>: [train/time: 871.01 (s), train/lr: 2.81e-04, train/loss: 0.3597, train/MAE: 0.3597, train/MSE: 0.5079, train/RMSE: 0.7127, train/MAPE: 2.4220, train/WAPE: 0.6998]
2026-03-10 12:40:50,047 - BasicTS-training - INFO - Start validation.
2026-03-10 12:42:42,433 - BasicTS-training - INFO - Result <val>: [val/time: 112.38 (s), val/loss: 0.3284, val/MAE: 0.3284, val/MSE: 0.4796, val/RMSE: 0.6925, val/MAPE: 3.2060, val/WAPE: 0.7825]
2026-03-10 12:46:33,972 - BasicTS-training - INFO - Result <test>: [test/time: 230.85 (s), test/loss: 0.2483, test/MAE: 0.2483, test/MSE: 0.2018, test/RMSE: 0.4492, test/MAPE: 2.1273, test/WAPE: 0.5919]
2026-03-10 12:46:35,865 - BasicTS-training - INFO - Checkpoint /mnt/users/rwl/MATS/results/main/MATS-Full-Weather-96/10f97ee4f31f3442b66b9c52d6dfeb22/MATSArch_047.pt saved
2026-03-10 12:46:35,865 - BasicTS-training - INFO - The estimated training finish time is 2026-03-11 06:23:18
2026-03-10 12:46:35,865 - BasicTS-training - INFO - Epoch 48 / 100
2026-03-10 13:01:11,179 - BasicTS-training - INFO - Result <train>: [train/time: 875.31 (s), train/lr: 2.74e-04, train/loss: 0.3594, train/MAE: 0.3594, train/MSE: 0.5076, train/RMSE: 0.7124, train/MAPE: 2.4219, train/WAPE: 0.6997]
2026-03-10 13:01:12,284 - BasicTS-training - INFO - Start validation.
2026-03-10 13:03:03,474 - BasicTS-training - INFO - Result <val>: [val/time: 111.19 (s), val/loss: 0.3309, val/MAE: 0.3309, val/MSE: 0.4813, val/RMSE: 0.6938, val/MAPE: 3.1872, val/WAPE: 0.7852]
2026-03-10 13:06:51,559 - BasicTS-training - INFO - Result <test>: [test/time: 227.34 (s), test/loss: 0.2500, test/MAE: 0.2500, test/MSE: 0.2031, test/RMSE: 0.4506, test/MAPE: 2.1326, test/WAPE: 0.5958]
2026-03-10 13:06:54,228 - BasicTS-training - INFO - Checkpoint /mnt/users/rwl/MATS/results/main/MATS-Full-Weather-96/10f97ee4f31f3442b66b9c52d6dfeb22/MATSArch_048.pt saved
2026-03-10 13:06:54,229 - BasicTS-training - INFO - The estimated training finish time is 2026-03-11 06:24:04
2026-03-10 13:06:54,229 - BasicTS-training - INFO - Epoch 49 / 100
2026-03-10 13:21:30,538 - BasicTS-training - INFO - Result <train>: [train/time: 876.31 (s), train/lr: 2.66e-04, train/loss: 0.3592, train/MAE: 0.3592, train/MSE: 0.5075, train/RMSE: 0.7124, train/MAPE: 2.4230, train/WAPE: 0.6991]
2026-03-10 13:21:31,755 - BasicTS-training - INFO - Start validation.
2026-03-10 13:23:24,999 - BasicTS-training - INFO - Result <val>: [val/time: 113.24 (s), val/loss: 0.3301, val/MAE: 0.3301, val/MSE: 0.4792, val/RMSE: 0.6923, val/MAPE: 3.2000, val/WAPE: 0.7837]
2026-03-10 13:27:14,012 - BasicTS-training - INFO - Result <test>: [test/time: 227.82 (s), test/loss: 0.2494, test/MAE: 0.2494, test/MSE: 0.2030, test/RMSE: 0.4506, test/MAPE: 2.1009, test/WAPE: 0.5944]
2026-03-10 13:27:16,189 - BasicTS-training - INFO - Checkpoint /mnt/users/rwl/MATS/results/main/MATS-Full-Weather-96/10f97ee4f31f3442b66b9c52d6dfeb22/MATSArch_049.pt saved
2026-03-10 13:27:16,190 - BasicTS-training - INFO - The estimated training finish time is 2026-03-11 06:24:56
2026-03-10 13:27:16,190 - BasicTS-training - INFO - Epoch 50 / 100
2026-03-10 13:41:49,583 - BasicTS-training - INFO - Result <train>: [train/time: 873.39 (s), train/lr: 2.58e-04, train/loss: 0.3590, train/MAE: 0.3590, train/MSE: 0.5074, train/RMSE: 0.7123, train/MAPE: 2.4202, train/WAPE: 0.6987]
2026-03-10 13:41:50,849 - BasicTS-training - INFO - Start validation.
2026-03-10 13:43:44,023 - BasicTS-training - INFO - Result <val>: [val/time: 113.17 (s), val/loss: 0.3322, val/MAE: 0.3322, val/MSE: 0.4864, val/RMSE: 0.6974, val/MAPE: 3.2690, val/WAPE: 0.7860]
2026-03-10 13:47:34,893 - BasicTS-training - INFO - Result <test>: [test/time: 229.79 (s), test/loss: 0.2520, test/MAE: 0.2520, test/MSE: 0.2057, test/RMSE: 0.4536, test/MAPE: 2.1419, test/WAPE: 0.5980]
2026-03-10 13:47:36,850 - BasicTS-training - INFO - Checkpoint /mnt/users/rwl/MATS/results/main/MATS-Full-Weather-96/10f97ee4f31f3442b66b9c52d6dfeb22/MATSArch_050.pt saved
2026-03-10 13:47:37,757 - BasicTS-training - INFO - The estimated training finish time is 2026-03-11 06:25:44
2026-03-10 13:47:37,757 - BasicTS-training - INFO - Epoch 51 / 100
2026-03-10 14:02:09,068 - BasicTS-training - INFO - Result <train>: [train/time: 871.31 (s), train/lr: 2.50e-04, train/loss: 0.3590, train/MAE: 0.3590, train/MSE: 0.5074, train/RMSE: 0.7123, train/MAPE: 2.4193, train/WAPE: 0.6988]
2026-03-10 14:02:10,545 - BasicTS-training - INFO - Start validation.
2026-03-10 14:04:00,642 - BasicTS-training - INFO - Result <val>: [val/time: 110.10 (s), val/loss: 0.3305, val/MAE: 0.3305, val/MSE: 0.4785, val/RMSE: 0.6918, val/MAPE: 3.2856, val/WAPE: 0.7836]
2026-03-10 14:07:51,482 - BasicTS-training - INFO - Result <test>: [test/time: 229.59 (s), test/loss: 0.2515, test/MAE: 0.2515, test/MSE: 0.2046, test/RMSE: 0.4523, test/MAPE: 2.0531, test/WAPE: 0.5932]
2026-03-10 14:07:53,779 - BasicTS-training - INFO - Checkpoint /mnt/users/rwl/MATS/results/main/MATS-Full-Weather-96/10f97ee4f31f3442b66b9c52d6dfeb22/MATSArch_051.pt saved
2026-03-10 14:07:53,779 - BasicTS-training - INFO - The estimated training finish time is 2026-03-11 06:26:20
2026-03-10 14:07:53,779 - BasicTS-training - INFO - Epoch 52 / 100
2026-03-10 14:22:34,890 - BasicTS-training - INFO - Result <train>: [train/time: 881.11 (s), train/lr: 2.42e-04, train/loss: 0.3588, train/MAE: 0.3588, train/MSE: 0.5073, train/RMSE: 0.7122, train/MAPE: 2.4162, train/WAPE: 0.6982]
2026-03-10 14:22:37,416 - BasicTS-training - INFO - Start validation.
2026-03-10 14:24:28,790 - BasicTS-training - INFO - Result <val>: [val/time: 111.37 (s), val/loss: 0.3327, val/MAE: 0.3327, val/MSE: 0.4818, val/RMSE: 0.6941, val/MAPE: 3.3379, val/WAPE: 0.7892]
2026-03-10 14:28:16,155 - BasicTS-training - INFO - Result <test>: [test/time: 225.81 (s), test/loss: 0.2529, test/MAE: 0.2529, test/MSE: 0.2051, test/RMSE: 0.4529, test/MAPE: 2.0649, test/WAPE: 0.5950]
2026-03-10 14:28:19,096 - BasicTS-training - INFO - Checkpoint /mnt/users/rwl/MATS/results/main/MATS-Full-Weather-96/10f97ee4f31f3442b66b9c52d6dfeb22/MATSArch_052.pt saved
2026-03-10 14:28:19,096 - BasicTS-training - INFO - The estimated training finish time is 2026-03-11 06:27:12
2026-03-10 14:28:19,096 - BasicTS-training - INFO - Epoch 53 / 100
2026-03-10 14:42:56,893 - BasicTS-training - INFO - Result <train>: [train/time: 877.80 (s), train/lr: 2.34e-04, train/loss: 0.3590, train/MAE: 0.3590, train/MSE: 0.5076, train/RMSE: 0.7124, train/MAPE: 2.4164, train/WAPE: 0.6985]
2026-03-10 14:42:58,052 - BasicTS-training - INFO - Start validation.
2026-03-10 14:44:51,386 - BasicTS-training - INFO - Result <val>: [val/time: 113.33 (s), val/loss: 0.3302, val/MAE: 0.3302, val/MSE: 0.4799, val/RMSE: 0.6928, val/MAPE: 3.2567, val/WAPE: 0.7832]
2026-03-10 14:48:40,946 - BasicTS-training - INFO - Result <test>: [test/time: 228.00 (s), test/loss: 0.2484, test/MAE: 0.2484, test/MSE: 0.2018, test/RMSE: 0.4493, test/MAPE: 2.0801, test/WAPE: 0.5889]
2026-03-10 14:48:43,295 - BasicTS-training - INFO - Checkpoint /mnt/users/rwl/MATS/results/main/MATS-Full-Weather-96/10f97ee4f31f3442b66b9c52d6dfeb22/MATSArch_053.pt saved
2026-03-10 14:48:43,296 - BasicTS-training - INFO - The estimated training finish time is 2026-03-11 06:28:01
2026-03-10 14:48:43,296 - BasicTS-training - INFO - Epoch 54 / 100
2026-03-10 15:03:17,317 - BasicTS-training - INFO - Result <train>: [train/time: 874.02 (s), train/lr: 2.26e-04, train/loss: 0.3586, train/MAE: 0.3586, train/MSE: 0.5071, train/RMSE: 0.7121, train/MAPE: 2.4135, train/WAPE: 0.6979]
2026-03-10 15:03:18,654 - BasicTS-training - INFO - Start validation.
2026-03-10 15:05:10,986 - BasicTS-training - INFO - Result <val>: [val/time: 112.33 (s), val/loss: 0.3313, val/MAE: 0.3313, val/MSE: 0.4815, val/RMSE: 0.6939, val/MAPE: 3.3182, val/WAPE: 0.7851]
2026-03-10 15:09:01,944 - BasicTS-training - INFO - Result <test>: [test/time: 230.15 (s), test/loss: 0.2504, test/MAE: 0.2504, test/MSE: 0.2037, test/RMSE: 0.4514, test/MAPE: 2.0816, test/WAPE: 0.5917]
2026-03-10 15:09:03,899 - BasicTS-training - INFO - Checkpoint /mnt/users/rwl/MATS/results/main/MATS-Full-Weather-96/10f97ee4f31f3442b66b9c52d6dfeb22/MATSArch_054.pt saved
2026-03-10 15:09:03,899 - BasicTS-training - INFO - The estimated training finish time is 2026-03-11 06:28:40
2026-03-10 15:09:03,899 - BasicTS-training - INFO - Epoch 55 / 100
2026-03-10 15:23:43,501 - BasicTS-training - INFO - Result <train>: [train/time: 879.60 (s), train/lr: 2.19e-04, train/loss: 0.3584, train/MAE: 0.3584, train/MSE: 0.5069, train/RMSE: 0.7120, train/MAPE: 2.4146, train/WAPE: 0.6976]
2026-03-10 15:23:44,760 - BasicTS-training - INFO - Start validation.
2026-03-10 15:25:35,774 - BasicTS-training - INFO - Result <val>: [val/time: 111.01 (s), val/loss: 0.3296, val/MAE: 0.3296, val/MSE: 0.4770, val/RMSE: 0.6907, val/MAPE: 3.2188, val/WAPE: 0.7847]
2026-03-10 15:29:23,509 - BasicTS-training - INFO - Result <test>: [test/time: 226.65 (s), test/loss: 0.2537, test/MAE: 0.2537, test/MSE: 0.2053, test/RMSE: 0.4531, test/MAPE: 2.0774, test/WAPE: 0.6003]
2026-03-10 15:29:26,317 - BasicTS-training - INFO - Checkpoint /mnt/users/rwl/MATS/results/main/MATS-Full-Weather-96/10f97ee4f31f3442b66b9c52d6dfeb22/MATSArch_055.pt saved
2026-03-10 15:29:26,317 - BasicTS-training - INFO - The estimated training finish time is 2026-03-11 06:29:22
2026-03-10 15:29:26,317 - BasicTS-training - INFO - Epoch 56 / 100
2026-03-10 15:43:55,997 - BasicTS-training - INFO - Result <train>: [train/time: 869.68 (s), train/lr: 2.11e-04, train/loss: 0.3583, train/MAE: 0.3583, train/MSE: 0.5068, train/RMSE: 0.7119, train/MAPE: 2.4107, train/WAPE: 0.6971]
2026-03-10 15:43:57,656 - BasicTS-training - INFO - Start validation.
2026-03-10 15:45:48,837 - BasicTS-training - INFO - Result <val>: [val/time: 111.18 (s), val/loss: 0.3320, val/MAE: 0.3320, val/MSE: 0.4800, val/RMSE: 0.6928, val/MAPE: 3.3040, val/WAPE: 0.7891]
2026-03-10 15:49:32,298 - BasicTS-training - INFO - Result <test>: [test/time: 222.83 (s), test/loss: 0.2513, test/MAE: 0.2513, test/MSE: 0.2035, test/RMSE: 0.4511, test/MAPE: 2.0356, test/WAPE: 0.5924]
2026-03-10 15:49:34,483 - BasicTS-training - INFO - Checkpoint /mnt/users/rwl/MATS/results/main/MATS-Full-Weather-96/10f97ee4f31f3442b66b9c52d6dfeb22/MATSArch_056.pt saved
2026-03-10 15:49:34,483 - BasicTS-training - INFO - The estimated training finish time is 2026-03-11 06:29:37
2026-03-10 15:49:34,483 - BasicTS-training - INFO - Epoch 57 / 100
2026-03-10 16:04:04,955 - BasicTS-training - INFO - Result <train>: [train/time: 870.47 (s), train/lr: 2.03e-04, train/loss: 0.3584, train/MAE: 0.3584, train/MSE: 0.5070, train/RMSE: 0.7120, train/MAPE: 2.4129, train/WAPE: 0.6975]
2026-03-10 16:04:07,397 - BasicTS-training - INFO - Start validation.
2026-03-10 16:06:00,673 - BasicTS-training - INFO - Result <val>: [val/time: 113.27 (s), val/loss: 0.3365, val/MAE: 0.3365, val/MSE: 0.4839, val/RMSE: 0.6957, val/MAPE: 3.2584, val/WAPE: 0.7956]
2026-03-10 16:09:50,309 - BasicTS-training - INFO - Result <test>: [test/time: 228.91 (s), test/loss: 0.2567, test/MAE: 0.2567, test/MSE: 0.2087, test/RMSE: 0.4568, test/MAPE: 2.0606, test/WAPE: 0.6027]
2026-03-10 16:09:52,796 - BasicTS-training - INFO - Checkpoint /mnt/users/rwl/MATS/results/main/MATS-Full-Weather-96/10f97ee4f31f3442b66b9c52d6dfeb22/MATSArch_057.pt saved
2026-03-10 16:09:52,796 - BasicTS-training - INFO - The estimated training finish time is 2026-03-11 06:30:09
2026-03-10 16:09:52,796 - BasicTS-training - INFO - Epoch 58 / 100
2026-03-10 16:24:20,146 - BasicTS-training - INFO - Result <train>: [train/time: 867.35 (s), train/lr: 1.95e-04, train/loss: 0.3583, train/MAE: 0.3583, train/MSE: 0.5070, train/RMSE: 0.7120, train/MAPE: 2.4118, train/WAPE: 0.6970]
2026-03-10 16:24:21,501 - BasicTS-training - INFO - Start validation.
2026-03-10 16:26:13,760 - BasicTS-training - INFO - Result <val>: [val/time: 112.25 (s), val/loss: 0.3254, val/MAE: 0.3254, val/MSE: 0.4763, val/RMSE: 0.6901, val/MAPE: 3.2382, val/WAPE: 0.7758]
2026-03-10 16:26:16,020 - BasicTS-training - INFO - Checkpoint /mnt/users/rwl/MATS/results/main/MATS-Full-Weather-96/10f97ee4f31f3442b66b9c52d6dfeb22/MATSArch_best_val_MAE.pt saved
2026-03-10 16:30:05,041 - BasicTS-training - INFO - Result <test>: [test/time: 229.02 (s), test/loss: 0.2482, test/MAE: 0.2482, test/MSE: 0.2021, test/RMSE: 0.4495, test/MAPE: 2.0848, test/WAPE: 0.5885]
2026-03-10 16:30:07,306 - BasicTS-training - INFO - Checkpoint /mnt/users/rwl/MATS/results/main/MATS-Full-Weather-96/10f97ee4f31f3442b66b9c52d6dfeb22/MATSArch_058.pt saved
2026-03-10 16:30:07,307 - BasicTS-training - INFO - The estimated training finish time is 2026-03-11 06:30:33
2026-03-10 16:30:07,307 - BasicTS-training - INFO - Epoch 59 / 100
2026-03-10 16:44:37,373 - BasicTS-training - INFO - Result <train>: [train/time: 870.07 (s), train/lr: 1.88e-04, train/loss: 0.3580, train/MAE: 0.3580, train/MSE: 0.5067, train/RMSE: 0.7118, train/MAPE: 2.4087, train/WAPE: 0.6968]
2026-03-10 16:44:39,086 - BasicTS-training - INFO - Start validation.
2026-03-10 16:46:27,706 - BasicTS-training - INFO - Result <val>: [val/time: 108.62 (s), val/loss: 0.3332, val/MAE: 0.3332, val/MSE: 0.4844, val/RMSE: 0.6960, val/MAPE: 3.3581, val/WAPE: 0.7880]
2026-03-10 16:50:16,667 - BasicTS-training - INFO - Result <test>: [test/time: 227.68 (s), test/loss: 0.2493, test/MAE: 0.2493, test/MSE: 0.2026, test/RMSE: 0.4501, test/MAPE: 2.0709, test/WAPE: 0.5882]
2026-03-10 16:50:19,547 - BasicTS-training - INFO - Checkpoint /mnt/users/rwl/MATS/results/main/MATS-Full-Weather-96/10f97ee4f31f3442b66b9c52d6dfeb22/MATSArch_059.pt saved
2026-03-10 16:50:19,547 - BasicTS-training - INFO - The estimated training finish time is 2026-03-11 06:30:53
2026-03-10 16:50:19,547 - BasicTS-training - INFO - Epoch 60 / 100
2026-03-10 17:04:54,701 - BasicTS-training - INFO - Result <train>: [train/time: 875.15 (s), train/lr: 1.80e-04, train/loss: 0.3580, train/MAE: 0.3580, train/MSE: 0.5066, train/RMSE: 0.7117, train/MAPE: 2.4093, train/WAPE: 0.6967]
2026-03-10 17:04:56,082 - BasicTS-training - INFO - Start validation.
2026-03-10 17:06:47,674 - BasicTS-training - INFO - Result <val>: [val/time: 111.59 (s), val/loss: 0.3268, val/MAE: 0.3268, val/MSE: 0.4762, val/RMSE: 0.6901, val/MAPE: 3.1782, val/WAPE: 0.7783]
2026-03-10 17:10:34,130 - BasicTS-training - INFO - Result <test>: [test/time: 225.54 (s), test/loss: 0.2486, test/MAE: 0.2486, test/MSE: 0.2023, test/RMSE: 0.4498, test/MAPE: 2.1196, test/WAPE: 0.5921]
2026-03-10 17:10:35,889 - BasicTS-training - INFO - Checkpoint /mnt/users/rwl/MATS/results/main/MATS-Full-Weather-96/10f97ee4f31f3442b66b9c52d6dfeb22/MATSArch_060.pt saved
2026-03-10 17:10:36,647 - BasicTS-training - INFO - The estimated training finish time is 2026-03-11 06:31:20
2026-03-10 17:10:36,647 - BasicTS-training - INFO - Epoch 61 / 100
2026-03-10 17:25:02,290 - BasicTS-training - INFO - Result <train>: [train/time: 865.64 (s), train/lr: 1.73e-04, train/loss: 0.3578, train/MAE: 0.3578, train/MSE: 0.5065, train/RMSE: 0.7117, train/MAPE: 2.4085, train/WAPE: 0.6963]
2026-03-10 17:25:04,141 - BasicTS-training - INFO - Start validation.
2026-03-10 17:26:57,564 - BasicTS-training - INFO - Result <val>: [val/time: 113.42 (s), val/loss: 0.3312, val/MAE: 0.3312, val/MSE: 0.4807, val/RMSE: 0.6934, val/MAPE: 3.2788, val/WAPE: 0.7868]
2026-03-10 17:30:49,113 - BasicTS-training - INFO - Result <test>: [test/time: 230.09 (s), test/loss: 0.2525, test/MAE: 0.2525, test/MSE: 0.2058, test/RMSE: 0.4537, test/MAPE: 2.0456, test/WAPE: 0.5953]
2026-03-10 17:30:51,417 - BasicTS-training - INFO - Checkpoint /mnt/users/rwl/MATS/results/main/MATS-Full-Weather-96/10f97ee4f31f3442b66b9c52d6dfeb22/MATSArch_061.pt saved
2026-03-10 17:30:51,417 - BasicTS-training - INFO - The estimated training finish time is 2026-03-11 06:31:42
2026-03-10 17:30:51,417 - BasicTS-training - INFO - Epoch 62 / 100
2026-03-10 17:45:17,151 - BasicTS-training - INFO - Result <train>: [train/time: 865.73 (s), train/lr: 1.65e-04, train/loss: 0.3576, train/MAE: 0.3576, train/MSE: 0.5065, train/RMSE: 0.7117, train/MAPE: 2.4061, train/WAPE: 0.6958]
2026-03-10 17:45:18,259 - BasicTS-training - INFO - Start validation.
2026-03-10 17:47:08,559 - BasicTS-training - INFO - Result <val>: [val/time: 110.30 (s), val/loss: 0.3290, val/MAE: 0.3290, val/MSE: 0.4804, val/RMSE: 0.6931, val/MAPE: 3.2689, val/WAPE: 0.7836]
2026-03-10 17:51:00,142 - BasicTS-training - INFO - Result <test>: [test/time: 231.02 (s), test/loss: 0.2505, test/MAE: 0.2505, test/MSE: 0.2039, test/RMSE: 0.4515, test/MAPE: 2.0816, test/WAPE: 0.5921]
2026-03-10 17:51:02,740 - BasicTS-training - INFO - Checkpoint /mnt/users/rwl/MATS/results/main/MATS-Full-Weather-96/10f97ee4f31f3442b66b9c52d6dfeb22/MATSArch_062.pt saved
2026-03-10 17:51:02,740 - BasicTS-training - INFO - The estimated training finish time is 2026-03-11 06:31:58
2026-03-10 17:51:02,740 - BasicTS-training - INFO - Epoch 63 / 100
2026-03-10 18:05:23,744 - BasicTS-training - INFO - Result <train>: [train/time: 861.00 (s), train/lr: 1.58e-04, train/loss: 0.3577, train/MAE: 0.3577, train/MSE: 0.5066, train/RMSE: 0.7118, train/MAPE: 2.4072, train/WAPE: 0.6961]
2026-03-10 18:05:24,848 - BasicTS-training - INFO - Start validation.
2026-03-10 18:07:15,646 - BasicTS-training - INFO - Result <val>: [val/time: 110.80 (s), val/loss: 0.3326, val/MAE: 0.3326, val/MSE: 0.4844, val/RMSE: 0.6960, val/MAPE: 3.1802, val/WAPE: 0.7867]
2026-03-10 18:11:04,837 - BasicTS-training - INFO - Result <test>: [test/time: 228.44 (s), test/loss: 0.2501, test/MAE: 0.2501, test/MSE: 0.2041, test/RMSE: 0.4517, test/MAPE: 2.1623, test/WAPE: 0.5958]
2026-03-10 18:11:07,158 - BasicTS-training - INFO - Checkpoint /mnt/users/rwl/MATS/results/main/MATS-Full-Weather-96/10f97ee4f31f3442b66b9c52d6dfeb22/MATSArch_063.pt saved
2026-03-10 18:11:07,159 - BasicTS-training - INFO - The estimated training finish time is 2026-03-11 06:32:03
2026-03-10 18:11:07,159 - BasicTS-training - INFO - Epoch 64 / 100
2026-03-10 18:25:45,302 - BasicTS-training - INFO - Result <train>: [train/time: 878.14 (s), train/lr: 1.51e-04, train/loss: 0.3573, train/MAE: 0.3573, train/MSE: 0.5061, train/RMSE: 0.7114, train/MAPE: 2.4058, train/WAPE: 0.6953]
2026-03-10 18:25:46,614 - BasicTS-training - INFO - Start validation.
2026-03-10 18:27:37,961 - BasicTS-training - INFO - Result <val>: [val/time: 111.35 (s), val/loss: 0.3316, val/MAE: 0.3316, val/MSE: 0.4814, val/RMSE: 0.6938, val/MAPE: 3.3224, val/WAPE: 0.7857]
2026-03-10 18:31:27,637 - BasicTS-training - INFO - Result <test>: [test/time: 228.71 (s), test/loss: 0.2523, test/MAE: 0.2523, test/MSE: 0.2053, test/RMSE: 0.4531, test/MAPE: 2.0451, test/WAPE: 0.5930]
2026-03-10 18:31:29,769 - BasicTS-training - INFO - Checkpoint /mnt/users/rwl/MATS/results/main/MATS-Full-Weather-96/10f97ee4f31f3442b66b9c52d6dfeb22/MATSArch_064.pt saved
2026-03-10 18:31:29,769 - BasicTS-training - INFO - The estimated training finish time is 2026-03-11 06:32:36
2026-03-10 18:31:29,770 - BasicTS-training - INFO - Epoch 65 / 100
2026-03-10 18:46:00,105 - BasicTS-training - INFO - Result <train>: [train/time: 870.34 (s), train/lr: 1.44e-04, train/loss: 0.3570, train/MAE: 0.3570, train/MSE: 0.5059, train/RMSE: 0.7113, train/MAPE: 2.4021, train/WAPE: 0.6949]
2026-03-10 18:46:01,160 - BasicTS-training - INFO - Start validation.
2026-03-10 18:47:55,180 - BasicTS-training - INFO - Result <val>: [val/time: 114.02 (s), val/loss: 0.3358, val/MAE: 0.3358, val/MSE: 0.4845, val/RMSE: 0.6960, val/MAPE: 3.2959, val/WAPE: 0.7932]
2026-03-10 18:51:45,506 - BasicTS-training - INFO - Result <test>: [test/time: 229.81 (s), test/loss: 0.2548, test/MAE: 0.2548, test/MSE: 0.2070, test/RMSE: 0.4550, test/MAPE: 2.0445, test/WAPE: 0.5982]
2026-03-10 18:51:47,688 - BasicTS-training - INFO - Checkpoint /mnt/users/rwl/MATS/results/main/MATS-Full-Weather-96/10f97ee4f31f3442b66b9c52d6dfeb22/MATSArch_065.pt saved
2026-03-10 18:51:47,689 - BasicTS-training - INFO - The estimated training finish time is 2026-03-11 06:33:01
2026-03-10 18:51:47,689 - BasicTS-training - INFO - Epoch 66 / 100
2026-03-10 19:06:17,439 - BasicTS-training - INFO - Result <train>: [train/time: 869.75 (s), train/lr: 1.37e-04, train/loss: 0.3569, train/MAE: 0.3569, train/MSE: 0.5058, train/RMSE: 0.7112, train/MAPE: 2.4033, train/WAPE: 0.6948]
2026-03-10 19:06:18,680 - BasicTS-training - INFO - Start validation.
2026-03-10 19:08:08,820 - BasicTS-training - INFO - Result <val>: [val/time: 110.14 (s), val/loss: 0.3317, val/MAE: 0.3317, val/MSE: 0.4879, val/RMSE: 0.6985, val/MAPE: 3.2260, val/WAPE: 0.7825]
2026-03-10 19:12:03,278 - BasicTS-training - INFO - Result <test>: [test/time: 233.78 (s), test/loss: 0.2490, test/MAE: 0.2490, test/MSE: 0.2043, test/RMSE: 0.4520, test/MAPE: 2.1554, test/WAPE: 0.5919]
2026-03-10 19:12:05,817 - BasicTS-training - INFO - Checkpoint /mnt/users/rwl/MATS/results/main/MATS-Full-Weather-96/10f97ee4f31f3442b66b9c52d6dfeb22/MATSArch_066.pt saved
2026-03-10 19:12:05,818 - BasicTS-training - INFO - The estimated training finish time is 2026-03-11 06:33:25
2026-03-10 19:12:05,818 - BasicTS-training - INFO - Epoch 67 / 100
2026-03-10 19:26:30,789 - BasicTS-training - INFO - Result <train>: [train/time: 864.97 (s), train/lr: 1.30e-04, train/loss: 0.3565, train/MAE: 0.3565, train/MSE: 0.5057, train/RMSE: 0.7111, train/MAPE: 2.4007, train/WAPE: 0.6941]
2026-03-10 19:26:32,153 - BasicTS-training - INFO - Start validation.
2026-03-10 19:28:24,722 - BasicTS-training - INFO - Result <val>: [val/time: 112.57 (s), val/loss: 0.3264, val/MAE: 0.3264, val/MSE: 0.4771, val/RMSE: 0.6907, val/MAPE: 3.2185, val/WAPE: 0.7747]
2026-03-10 19:32:14,265 - BasicTS-training - INFO - Result <test>: [test/time: 228.19 (s), test/loss: 0.2479, test/MAE: 0.2479, test/MSE: 0.2019, test/RMSE: 0.4493, test/MAPE: 2.0542, test/WAPE: 0.5860]
2026-03-10 19:32:16,766 - BasicTS-training - INFO - Checkpoint /mnt/users/rwl/MATS/results/main/MATS-Full-Weather-96/10f97ee4f31f3442b66b9c52d6dfeb22/MATSArch_067.pt saved
2026-03-10 19:32:16,767 - BasicTS-training - INFO - The estimated training finish time is 2026-03-11 06:33:38
2026-03-10 19:32:16,767 - BasicTS-training - INFO - Epoch 68 / 100
2026-03-10 19:46:41,820 - BasicTS-training - INFO - Result <train>: [train/time: 865.05 (s), train/lr: 1.23e-04, train/loss: 0.3564, train/MAE: 0.3564, train/MSE: 0.5053, train/RMSE: 0.7109, train/MAPE: 2.3998, train/WAPE: 0.6937]
2026-03-10 19:46:43,100 - BasicTS-training - INFO - Start validation.
2026-03-10 19:48:33,061 - BasicTS-training - INFO - Result <val>: [val/time: 109.96 (s), val/loss: 0.3337, val/MAE: 0.3337, val/MSE: 0.4906, val/RMSE: 0.7004, val/MAPE: 3.3223, val/WAPE: 0.7867]
2026-03-10 19:52:23,029 - BasicTS-training - INFO - Result <test>: [test/time: 229.22 (s), test/loss: 0.2465, test/MAE: 0.2465, test/MSE: 0.2016, test/RMSE: 0.4490, test/MAPE: 2.1130, test/WAPE: 0.5831]
2026-03-10 19:52:25,208 - BasicTS-training - INFO - Checkpoint /mnt/users/rwl/MATS/results/main/MATS-Full-Weather-96/10f97ee4f31f3442b66b9c52d6dfeb22/MATSArch_068.pt saved
2026-03-10 19:52:25,209 - BasicTS-training - INFO - The estimated training finish time is 2026-03-11 06:33:46
2026-03-10 19:52:25,209 - BasicTS-training - INFO - Epoch 69 / 100
2026-03-10 20:06:49,439 - BasicTS-training - INFO - Result <train>: [train/time: 864.23 (s), train/lr: 1.16e-04, train/loss: 0.3561, train/MAE: 0.3561, train/MSE: 0.5050, train/RMSE: 0.7107, train/MAPE: 2.3980, train/WAPE: 0.6933]
2026-03-10 20:06:50,452 - BasicTS-training - INFO - Start validation.
2026-03-10 20:08:46,350 - BasicTS-training - INFO - Result <val>: [val/time: 115.90 (s), val/loss: 0.3276, val/MAE: 0.3276, val/MSE: 0.4797, val/RMSE: 0.6926, val/MAPE: 3.2535, val/WAPE: 0.7781]
2026-03-10 20:12:34,979 - BasicTS-training - INFO - Result <test>: [test/time: 227.76 (s), test/loss: 0.2502, test/MAE: 0.2502, test/MSE: 0.2041, test/RMSE: 0.4518, test/MAPE: 2.0624, test/WAPE: 0.5900]
2026-03-10 20:12:37,152 - BasicTS-training - INFO - Checkpoint /mnt/users/rwl/MATS/results/main/MATS-Full-Weather-96/10f97ee4f31f3442b66b9c52d6dfeb22/MATSArch_069.pt saved
2026-03-10 20:12:37,152 - BasicTS-training - INFO - The estimated training finish time is 2026-03-11 06:34:00
2026-03-10 20:12:37,153 - BasicTS-training - INFO - Epoch 70 / 100
2026-03-10 20:27:07,742 - BasicTS-training - INFO - Result <train>: [train/time: 870.59 (s), train/lr: 1.09e-04, train/loss: 0.3561, train/MAE: 0.3561, train/MSE: 0.5051, train/RMSE: 0.7107, train/MAPE: 2.3991, train/WAPE: 0.6931]
2026-03-10 20:27:09,304 - BasicTS-training - INFO - Start validation.
2026-03-10 20:29:01,748 - BasicTS-training - INFO - Result <val>: [val/time: 112.44 (s), val/loss: 0.3304, val/MAE: 0.3304, val/MSE: 0.4785, val/RMSE: 0.6917, val/MAPE: 3.2904, val/WAPE: 0.7834]
2026-03-10 20:32:56,348 - BasicTS-training - INFO - Result <test>: [test/time: 233.66 (s), test/loss: 0.2520, test/MAE: 0.2520, test/MSE: 0.2052, test/RMSE: 0.4530, test/MAPE: 2.0497, test/WAPE: 0.5919]
2026-03-10 20:32:58,533 - BasicTS-training - INFO - Checkpoint /mnt/users/rwl/MATS/results/main/MATS-Full-Weather-96/10f97ee4f31f3442b66b9c52d6dfeb22/MATSArch_070.pt saved
2026-03-10 20:32:59,287 - BasicTS-training - INFO - The estimated training finish time is 2026-03-11 06:34:28
2026-03-10 20:32:59,287 - BasicTS-training - INFO - Epoch 71 / 100
2026-03-10 20:47:27,891 - BasicTS-training - INFO - Result <train>: [train/time: 868.60 (s), train/lr: 1.03e-04, train/loss: 0.3558, train/MAE: 0.3558, train/MSE: 0.5048, train/RMSE: 0.7105, train/MAPE: 2.3961, train/WAPE: 0.6929]
2026-03-10 20:47:29,348 - BasicTS-training - INFO - Start validation.
2026-03-10 20:49:23,009 - BasicTS-training - INFO - Result <val>: [val/time: 113.66 (s), val/loss: 0.3387, val/MAE: 0.3387, val/MSE: 0.4921, val/RMSE: 0.7015, val/MAPE: 3.3855, val/WAPE: 0.7978]
2026-03-10 20:53:15,496 - BasicTS-training - INFO - Result <test>: [test/time: 230.92 (s), test/loss: 0.2552, test/MAE: 0.2552, test/MSE: 0.2098, test/RMSE: 0.4580, test/MAPE: 2.0383, test/WAPE: 0.5963]
2026-03-10 20:53:17,333 - BasicTS-training - INFO - Checkpoint /mnt/users/rwl/MATS/results/main/MATS-Full-Weather-96/10f97ee4f31f3442b66b9c52d6dfeb22/MATSArch_071.pt saved
2026-03-10 20:53:17,334 - BasicTS-training - INFO - The estimated training finish time is 2026-03-11 06:34:49
2026-03-10 20:53:17,334 - BasicTS-training - INFO - Epoch 72 / 100
2026-03-10 21:07:53,674 - BasicTS-training - INFO - Result <train>: [train/time: 876.34 (s), train/lr: 9.68e-05, train/loss: 0.3556, train/MAE: 0.3556, train/MSE: 0.5046, train/RMSE: 0.7104, train/MAPE: 2.3969, train/WAPE: 0.6925]
2026-03-10 21:07:54,958 - BasicTS-training - INFO - Start validation.
2026-03-10 21:09:48,634 - BasicTS-training - INFO - Result <val>: [val/time: 113.67 (s), val/loss: 0.3265, val/MAE: 0.3265, val/MSE: 0.4741, val/RMSE: 0.6886, val/MAPE: 3.2321, val/WAPE: 0.7779]
2026-03-10 21:13:37,856 - BasicTS-training - INFO - Result <test>: [test/time: 227.92 (s), test/loss: 0.2519, test/MAE: 0.2519, test/MSE: 0.2047, test/RMSE: 0.4525, test/MAPE: 2.0639, test/WAPE: 0.5938]
2026-03-10 21:13:39,893 - BasicTS-training - INFO - Checkpoint /mnt/users/rwl/MATS/results/main/MATS-Full-Weather-96/10f97ee4f31f3442b66b9c52d6dfeb22/MATSArch_072.pt saved
2026-03-10 21:13:39,894 - BasicTS-training - INFO - The estimated training finish time is 2026-03-11 06:35:16
2026-03-10 21:13:39,894 - BasicTS-training - INFO - Epoch 73 / 100
2026-03-10 21:28:15,729 - BasicTS-training - INFO - Result <train>: [train/time: 875.84 (s), train/lr: 9.06e-05, train/loss: 0.3556, train/MAE: 0.3556, train/MSE: 0.5046, train/RMSE: 0.7103, train/MAPE: 2.3980, train/WAPE: 0.6925]
2026-03-10 21:28:16,989 - BasicTS-training - INFO - Start validation.
2026-03-10 21:30:12,296 - BasicTS-training - INFO - Result <val>: [val/time: 115.31 (s), val/loss: 0.3271, val/MAE: 0.3271, val/MSE: 0.4823, val/RMSE: 0.6945, val/MAPE: 3.2577, val/WAPE: 0.7747]
2026-03-10 21:34:01,629 - BasicTS-training - INFO - Result <test>: [test/time: 227.74 (s), test/loss: 0.2464, test/MAE: 0.2464, test/MSE: 0.2020, test/RMSE: 0.4495, test/MAPE: 2.1111, test/WAPE: 0.5838]
2026-03-10 21:34:03,692 - BasicTS-training - INFO - Checkpoint /mnt/users/rwl/MATS/results/main/MATS-Full-Weather-96/10f97ee4f31f3442b66b9c52d6dfeb22/MATSArch_073.pt saved
2026-03-10 21:34:03,693 - BasicTS-training - INFO - The estimated training finish time is 2026-03-11 06:35:44
2026-03-10 21:34:03,693 - BasicTS-training - INFO - Epoch 74 / 100
2026-03-10 21:48:41,875 - BasicTS-training - INFO - Result <train>: [train/time: 878.18 (s), train/lr: 8.47e-05, train/loss: 0.3552, train/MAE: 0.3552, train/MSE: 0.5042, train/RMSE: 0.7101, train/MAPE: 2.3973, train/WAPE: 0.6920]
2026-03-10 21:48:42,805 - BasicTS-training - INFO - Start validation.
2026-03-10 21:50:36,976 - BasicTS-training - INFO - Result <val>: [val/time: 114.17 (s), val/loss: 0.3257, val/MAE: 0.3257, val/MSE: 0.4741, val/RMSE: 0.6885, val/MAPE: 3.2349, val/WAPE: 0.7749]
2026-03-10 21:54:31,667 - BasicTS-training - INFO - Result <test>: [test/time: 233.58 (s), test/loss: 0.2488, test/MAE: 0.2488, test/MSE: 0.2025, test/RMSE: 0.4500, test/MAPE: 2.0674, test/WAPE: 0.5876]
2026-03-10 21:54:33,642 - BasicTS-training - INFO - Checkpoint /mnt/users/rwl/MATS/results/main/MATS-Full-Weather-96/10f97ee4f31f3442b66b9c52d6dfeb22/MATSArch_074.pt saved
2026-03-10 21:54:33,643 - BasicTS-training - INFO - The estimated training finish time is 2026-03-11 06:36:19
2026-03-10 21:54:33,643 - BasicTS-training - INFO - Epoch 75 / 100
2026-03-10 22:09:12,480 - BasicTS-training - INFO - Result <train>: [train/time: 878.84 (s), train/lr: 7.89e-05, train/loss: 0.3550, train/MAE: 0.3550, train/MSE: 0.5042, train/RMSE: 0.7101, train/MAPE: 2.3948, train/WAPE: 0.6916]
2026-03-10 22:09:13,737 - BasicTS-training - INFO - Start validation.
2026-03-10 22:11:05,339 - BasicTS-training - INFO - Result <val>: [val/time: 111.60 (s), val/loss: 0.3307, val/MAE: 0.3307, val/MSE: 0.4815, val/RMSE: 0.6939, val/MAPE: 3.2378, val/WAPE: 0.7820]
2026-03-10 22:14:58,780 - BasicTS-training - INFO - Result <test>: [test/time: 232.39 (s), test/loss: 0.2492, test/MAE: 0.2492, test/MSE: 0.2030, test/RMSE: 0.4505, test/MAPE: 2.0798, test/WAPE: 0.5883]
2026-03-10 22:15:00,776 - BasicTS-training - INFO - Checkpoint /mnt/users/rwl/MATS/results/main/MATS-Full-Weather-96/10f97ee4f31f3442b66b9c52d6dfeb22/MATSArch_075.pt saved
2026-03-10 22:15:00,776 - BasicTS-training - INFO - The estimated training finish time is 2026-03-11 06:36:50
2026-03-10 22:15:00,776 - BasicTS-training - INFO - Epoch 76 / 100
2026-03-10 22:29:40,146 - BasicTS-training - INFO - Result <train>: [train/time: 879.37 (s), train/lr: 7.32e-05, train/loss: 0.3549, train/MAE: 0.3549, train/MSE: 0.5041, train/RMSE: 0.7100, train/MAPE: 2.3940, train/WAPE: 0.6913]
2026-03-10 22:29:41,007 - BasicTS-training - INFO - Start validation.
2026-03-10 22:31:35,212 - BasicTS-training - INFO - Result <val>: [val/time: 114.20 (s), val/loss: 0.3279, val/MAE: 0.3279, val/MSE: 0.4809, val/RMSE: 0.6935, val/MAPE: 3.2301, val/WAPE: 0.7747]
2026-03-10 22:35:21,669 - BasicTS-training - INFO - Result <test>: [test/time: 225.42 (s), test/loss: 0.2458, test/MAE: 0.2458, test/MSE: 0.2008, test/RMSE: 0.4481, test/MAPE: 2.1064, test/WAPE: 0.5824]
2026-03-10 22:35:23,785 - BasicTS-training - INFO - Checkpoint /mnt/users/rwl/MATS/results/main/MATS-Full-Weather-96/10f97ee4f31f3442b66b9c52d6dfeb22/MATSArch_076.pt saved
2026-03-10 22:35:23,786 - BasicTS-training - INFO - The estimated training finish time is 2026-03-11 06:37:14
2026-03-10 22:35:23,786 - BasicTS-training - INFO - Epoch 77 / 100
2026-03-10 22:50:01,927 - BasicTS-training - INFO - Result <train>: [train/time: 878.14 (s), train/lr: 6.78e-05, train/loss: 0.3548, train/MAE: 0.3548, train/MSE: 0.5040, train/RMSE: 0.7099, train/MAPE: 2.3925, train/WAPE: 0.6912]
2026-03-10 22:50:02,829 - BasicTS-training - INFO - Start validation.
2026-03-10 22:51:58,932 - BasicTS-training - INFO - Result <val>: [val/time: 116.10 (s), val/loss: 0.3284, val/MAE: 0.3284, val/MSE: 0.4786, val/RMSE: 0.6918, val/MAPE: 3.2666, val/WAPE: 0.7779]
2026-03-10 22:55:48,106 - BasicTS-training - INFO - Result <test>: [test/time: 228.20 (s), test/loss: 0.2485, test/MAE: 0.2485, test/MSE: 0.2030, test/RMSE: 0.4505, test/MAPE: 2.0828, test/WAPE: 0.5863]
2026-03-10 22:55:50,103 - BasicTS-training - INFO - Checkpoint /mnt/users/rwl/MATS/results/main/MATS-Full-Weather-96/10f97ee4f31f3442b66b9c52d6dfeb22/MATSArch_077.pt saved
2026-03-10 22:55:50,104 - BasicTS-training - INFO - The estimated training finish time is 2026-03-11 06:37:42
2026-03-10 22:55:50,104 - BasicTS-training - INFO - Epoch 78 / 100
2026-03-10 23:10:29,062 - BasicTS-training - INFO - Result <train>: [train/time: 878.96 (s), train/lr: 6.25e-05, train/loss: 0.3547, train/MAE: 0.3547, train/MSE: 0.5039, train/RMSE: 0.7099, train/MAPE: 2.3913, train/WAPE: 0.6910]
2026-03-10 23:10:30,037 - BasicTS-training - INFO - Start validation.
2026-03-10 23:12:26,663 - BasicTS-training - INFO - Result <val>: [val/time: 116.62 (s), val/loss: 0.3251, val/MAE: 0.3251, val/MSE: 0.4760, val/RMSE: 0.6899, val/MAPE: 3.2015, val/WAPE: 0.7716]
2026-03-10 23:12:28,586 - BasicTS-training - INFO - Checkpoint /mnt/users/rwl/MATS/results/main/MATS-Full-Weather-96/10f97ee4f31f3442b66b9c52d6dfeb22/MATSArch_best_val_MAE.pt saved
2026-03-10 23:16:20,604 - BasicTS-training - INFO - Result <test>: [test/time: 232.02 (s), test/loss: 0.2476, test/MAE: 0.2476, test/MSE: 0.2026, test/RMSE: 0.4501, test/MAPE: 2.0987, test/WAPE: 0.5860]
2026-03-10 23:16:22,537 - BasicTS-training - INFO - Checkpoint /mnt/users/rwl/MATS/results/main/MATS-Full-Weather-96/10f97ee4f31f3442b66b9c52d6dfeb22/MATSArch_078.pt saved
2026-03-10 23:16:22,538 - BasicTS-training - INFO - The estimated training finish time is 2026-03-11 06:38:17
2026-03-10 23:16:22,538 - BasicTS-training - INFO - Epoch 79 / 100
2026-03-10 23:31:01,578 - BasicTS-training - INFO - Result <train>: [train/time: 879.04 (s), train/lr: 5.74e-05, train/loss: 0.3546, train/MAE: 0.3546, train/MSE: 0.5039, train/RMSE: 0.7098, train/MAPE: 2.3935, train/WAPE: 0.6908]
2026-03-10 23:31:03,019 - BasicTS-training - INFO - Start validation.
2026-03-10 23:32:54,312 - BasicTS-training - INFO - Result <val>: [val/time: 111.29 (s), val/loss: 0.3267, val/MAE: 0.3267, val/MSE: 0.4787, val/RMSE: 0.6919, val/MAPE: 3.2169, val/WAPE: 0.7756]
2026-03-10 23:36:46,613 - BasicTS-training - INFO - Result <test>: [test/time: 231.26 (s), test/loss: 0.2483, test/MAE: 0.2483, test/MSE: 0.2028, test/RMSE: 0.4504, test/MAPE: 2.1190, test/WAPE: 0.5890]
2026-03-10 23:36:48,956 - BasicTS-training - INFO - Checkpoint /mnt/users/rwl/MATS/results/main/MATS-Full-Weather-96/10f97ee4f31f3442b66b9c52d6dfeb22/MATSArch_079.pt saved
2026-03-10 23:36:48,957 - BasicTS-training - INFO - The estimated training finish time is 2026-03-11 06:38:44
2026-03-10 23:36:48,957 - BasicTS-training - INFO - Epoch 80 / 100
2026-03-10 23:51:39,574 - BasicTS-training - INFO - Result <train>: [train/time: 890.62 (s), train/lr: 5.25e-05, train/loss: 0.3545, train/MAE: 0.3545, train/MSE: 0.5037, train/RMSE: 0.7097, train/MAPE: 2.3907, train/WAPE: 0.6906]
2026-03-10 23:51:40,994 - BasicTS-training - INFO - Start validation.
2026-03-10 23:53:38,057 - BasicTS-training - INFO - Result <val>: [val/time: 117.06 (s), val/loss: 0.3244, val/MAE: 0.3244, val/MSE: 0.4743, val/RMSE: 0.6887, val/MAPE: 3.2380, val/WAPE: 0.7719]
2026-03-10 23:53:39,876 - BasicTS-training - INFO - Checkpoint /mnt/users/rwl/MATS/results/main/MATS-Full-Weather-96/10f97ee4f31f3442b66b9c52d6dfeb22/MATSArch_best_val_MAE.pt saved
2026-03-10 23:57:32,973 - BasicTS-training - INFO - Result <test>: [test/time: 233.04 (s), test/loss: 0.2477, test/MAE: 0.2477, test/MSE: 0.2021, test/RMSE: 0.4496, test/MAPE: 2.0740, test/WAPE: 0.5857]
2026-03-10 23:57:35,347 - BasicTS-training - INFO - Checkpoint /mnt/users/rwl/MATS/results/main/MATS-Full-Weather-96/10f97ee4f31f3442b66b9c52d6dfeb22/MATSArch_080.pt saved
2026-03-10 23:57:35,827 - BasicTS-training - INFO - The estimated training finish time is 2026-03-11 06:39:36
2026-03-10 23:57:35,828 - BasicTS-training - INFO - Epoch 81 / 100
2026-03-11 00:12:31,048 - BasicTS-training - INFO - Result <train>: [train/time: 895.22 (s), train/lr: 4.77e-05, train/loss: 0.3542, train/MAE: 0.3542, train/MSE: 0.5034, train/RMSE: 0.7095, train/MAPE: 2.3894, train/WAPE: 0.6903]
2026-03-11 00:12:32,541 - BasicTS-training - INFO - Start validation.
2026-03-11 00:14:30,592 - BasicTS-training - INFO - Result <val>: [val/time: 118.05 (s), val/loss: 0.3353, val/MAE: 0.3353, val/MSE: 0.4918, val/RMSE: 0.7013, val/MAPE: 3.3088, val/WAPE: 0.7904]
2026-03-11 00:18:25,021 - BasicTS-training - INFO - Result <test>: [test/time: 233.19 (s), test/loss: 0.2520, test/MAE: 0.2520, test/MSE: 0.2071, test/RMSE: 0.4550, test/MAPE: 2.0525, test/WAPE: 0.5921]
2026-03-11 00:18:26,785 - BasicTS-training - INFO - Checkpoint /mnt/users/rwl/MATS/results/main/MATS-Full-Weather-96/10f97ee4f31f3442b66b9c52d6dfeb22/MATSArch_081.pt saved
2026-03-11 00:18:26,785 - BasicTS-training - INFO - The estimated training finish time is 2026-03-11 06:40:31
2026-03-11 00:18:26,785 - BasicTS-training - INFO - Epoch 82 / 100
2026-03-11 00:33:06,648 - BasicTS-training - INFO - Result <train>: [train/time: 879.86 (s), train/lr: 4.32e-05, train/loss: 0.3541, train/MAE: 0.3541, train/MSE: 0.5033, train/RMSE: 0.7095, train/MAPE: 2.3896, train/WAPE: 0.6901]
2026-03-11 00:33:07,665 - BasicTS-training - INFO - Start validation.
2026-03-11 00:35:00,530 - BasicTS-training - INFO - Result <val>: [val/time: 112.86 (s), val/loss: 0.3270, val/MAE: 0.3270, val/MSE: 0.4819, val/RMSE: 0.6942, val/MAPE: 3.2443, val/WAPE: 0.7745]
2026-03-11 00:38:54,365 - BasicTS-training - INFO - Result <test>: [test/time: 232.96 (s), test/loss: 0.2476, test/MAE: 0.2476, test/MSE: 0.2031, test/RMSE: 0.4507, test/MAPE: 2.0829, test/WAPE: 0.5853]
2026-03-11 00:38:56,247 - BasicTS-training - INFO - Checkpoint /mnt/users/rwl/MATS/results/main/MATS-Full-Weather-96/10f97ee4f31f3442b66b9c52d6dfeb22/MATSArch_082.pt saved
2026-03-11 00:38:56,247 - BasicTS-training - INFO - The estimated training finish time is 2026-03-11 06:40:59
2026-03-11 00:38:56,247 - BasicTS-training - INFO - Epoch 83 / 100
2026-03-11 00:53:37,055 - BasicTS-training - INFO - Result <train>: [train/time: 880.81 (s), train/lr: 3.89e-05, train/loss: 0.3539, train/MAE: 0.3539, train/MSE: 0.5031, train/RMSE: 0.7093, train/MAPE: 2.3882, train/WAPE: 0.6897]
2026-03-11 00:53:38,155 - BasicTS-training - INFO - Start validation.
2026-03-11 00:55:30,843 - BasicTS-training - INFO - Result <val>: [val/time: 112.69 (s), val/loss: 0.3259, val/MAE: 0.3259, val/MSE: 0.4754, val/RMSE: 0.6895, val/MAPE: 3.2352, val/WAPE: 0.7742]
2026-03-11 00:59:18,700 - BasicTS-training - INFO - Result <test>: [test/time: 227.14 (s), test/loss: 0.2497, test/MAE: 0.2497, test/MSE: 0.2038, test/RMSE: 0.4514, test/MAPE: 2.0586, test/WAPE: 0.5891]
2026-03-11 00:59:20,999 - BasicTS-training - INFO - Checkpoint /mnt/users/rwl/MATS/results/main/MATS-Full-Weather-96/10f97ee4f31f3442b66b9c52d6dfeb22/MATSArch_083.pt saved
2026-03-11 00:59:21,000 - BasicTS-training - INFO - The estimated training finish time is 2026-03-11 06:41:21
2026-03-11 00:59:21,000 - BasicTS-training - INFO - Epoch 84 / 100
2026-03-11 01:14:17,982 - BasicTS-training - INFO - Result <train>: [train/time: 896.98 (s), train/lr: 3.48e-05, train/loss: 0.3538, train/MAE: 0.3538, train/MSE: 0.5030, train/RMSE: 0.7092, train/MAPE: 2.3893, train/WAPE: 0.6896]
2026-03-11 01:14:19,337 - BasicTS-training - INFO - Start validation.
2026-03-11 01:16:16,961 - BasicTS-training - INFO - Result <val>: [val/time: 117.62 (s), val/loss: 0.3277, val/MAE: 0.3277, val/MSE: 0.4799, val/RMSE: 0.6927, val/MAPE: 3.1553, val/WAPE: 0.7744]
2026-03-11 01:20:14,586 - BasicTS-training - INFO - Result <test>: [test/time: 234.55 (s), test/loss: 0.2469, test/MAE: 0.2469, test/MSE: 0.2015, test/RMSE: 0.4489, test/MAPE: 2.1305, test/WAPE: 0.5861]
2026-03-11 01:20:17,888 - BasicTS-training - INFO - Checkpoint /mnt/users/rwl/MATS/results/main/MATS-Full-Weather-96/10f97ee4f31f3442b66b9c52d6dfeb22/MATSArch_084.pt saved
2026-03-11 01:20:17,889 - BasicTS-training - INFO - The estimated training finish time is 2026-03-11 06:42:20
2026-03-11 01:20:17,889 - BasicTS-training - INFO - Epoch 85 / 100
2026-03-11 01:35:16,642 - BasicTS-training - INFO - Result <train>: [train/time: 898.75 (s), train/lr: 3.09e-05, train/loss: 0.3536, train/MAE: 0.3536, train/MSE: 0.5028, train/RMSE: 0.7091, train/MAPE: 2.3862, train/WAPE: 0.6893]
2026-03-11 01:35:18,461 - BasicTS-training - INFO - Start validation.
2026-03-11 01:37:16,676 - BasicTS-training - INFO - Result <val>: [val/time: 118.21 (s), val/loss: 0.3255, val/MAE: 0.3255, val/MSE: 0.4757, val/RMSE: 0.6897, val/MAPE: 3.2278, val/WAPE: 0.7722]
2026-03-11 01:41:15,972 - BasicTS-training - INFO - Result <test>: [test/time: 237.38 (s), test/loss: 0.2484, test/MAE: 0.2484, test/MSE: 0.2032, test/RMSE: 0.4507, test/MAPE: 2.0849, test/WAPE: 0.5865]
2026-03-11 01:41:21,434 - BasicTS-training - INFO - Checkpoint /mnt/users/rwl/MATS/results/main/MATS-Full-Weather-96/10f97ee4f31f3442b66b9c52d6dfeb22/MATSArch_085.pt saved
2026-03-11 01:41:21,435 - BasicTS-training - INFO - The estimated training finish time is 2026-03-11 06:43:26
2026-03-11 01:41:21,435 - BasicTS-training - INFO - Epoch 86 / 100
2026-03-11 01:56:23,353 - BasicTS-training - INFO - Result <train>: [train/time: 901.92 (s), train/lr: 2.72e-05, train/loss: 0.3536, train/MAE: 0.3536, train/MSE: 0.5029, train/RMSE: 0.7091, train/MAPE: 2.3882, train/WAPE: 0.6893]
2026-03-11 01:56:25,380 - BasicTS-training - INFO - Start validation.
2026-03-11 01:58:22,391 - BasicTS-training - INFO - Result <val>: [val/time: 117.01 (s), val/loss: 0.3248, val/MAE: 0.3248, val/MSE: 0.4747, val/RMSE: 0.6890, val/MAPE: 3.2326, val/WAPE: 0.7726]
2026-03-11 02:02:17,467 - BasicTS-training - INFO - Result <test>: [test/time: 233.79 (s), test/loss: 0.2490, test/MAE: 0.2490, test/MSE: 0.2034, test/RMSE: 0.4511, test/MAPE: 2.0787, test/WAPE: 0.5878]
2026-03-11 02:02:22,524 - BasicTS-training - INFO - Checkpoint /mnt/users/rwl/MATS/results/main/MATS-Full-Weather-96/10f97ee4f31f3442b66b9c52d6dfeb22/MATSArch_086.pt saved
2026-03-11 02:02:22,524 - BasicTS-training - INFO - The estimated training finish time is 2026-03-11 06:44:27
2026-03-11 02:02:22,524 - BasicTS-training - INFO - Epoch 87 / 100
2026-03-11 02:15:48,021 - BasicTS-training - INFO - Result <train>: [train/time: 805.50 (s), train/lr: 2.38e-05, train/loss: 0.3533, train/MAE: 0.3533, train/MSE: 0.5026, train/RMSE: 0.7089, train/MAPE: 2.3857, train/WAPE: 0.6889]
2026-03-11 02:15:49,895 - BasicTS-training - INFO - Start validation.
2026-03-11 02:17:31,394 - BasicTS-training - INFO - Result <val>: [val/time: 101.50 (s), val/loss: 0.3260, val/MAE: 0.3260, val/MSE: 0.4758, val/RMSE: 0.6898, val/MAPE: 3.2729, val/WAPE: 0.7756]
2026-03-11 02:20:49,945 - BasicTS-training - INFO - Result <test>: [test/time: 197.52 (s), test/loss: 0.2504, test/MAE: 0.2504, test/MSE: 0.2046, test/RMSE: 0.4523, test/MAPE: 2.0513, test/WAPE: 0.5894]
2026-03-11 02:20:51,609 - BasicTS-training - INFO - Checkpoint /mnt/users/rwl/MATS/results/main/MATS-Full-Weather-96/10f97ee4f31f3442b66b9c52d6dfeb22/MATSArch_087.pt saved
2026-03-11 02:20:51,610 - BasicTS-training - INFO - The estimated training finish time is 2026-03-11 06:42:32
2026-03-11 02:20:51,610 - BasicTS-training - INFO - Epoch 88 / 100
2026-03-11 02:31:24,144 - BasicTS-training - INFO - Result <train>: [train/time: 632.53 (s), train/lr: 2.06e-05, train/loss: 0.3533, train/MAE: 0.3533, train/MSE: 0.5025, train/RMSE: 0.7089, train/MAPE: 2.3868, train/WAPE: 0.6888]
2026-03-11 02:31:24,981 - BasicTS-training - INFO - Start validation.
2026-03-11 02:32:32,711 - BasicTS-training - INFO - Result <val>: [val/time: 67.73 (s), val/loss: 0.3278, val/MAE: 0.3278, val/MSE: 0.4788, val/RMSE: 0.6920, val/MAPE: 3.2978, val/WAPE: 0.7777]
2026-03-11 02:35:24,472 - BasicTS-training - INFO - Result <test>: [test/time: 171.33 (s), test/loss: 0.2502, test/MAE: 0.2502, test/MSE: 0.2045, test/RMSE: 0.4522, test/MAPE: 2.0673, test/WAPE: 0.5885]
2026-03-11 02:35:27,109 - BasicTS-training - INFO - Checkpoint /mnt/users/rwl/MATS/results/main/MATS-Full-Weather-96/10f97ee4f31f3442b66b9c52d6dfeb22/MATSArch_088.pt saved
2026-03-11 02:35:27,110 - BasicTS-training - INFO - The estimated training finish time is 2026-03-11 06:36:14
2026-03-11 02:35:27,110 - BasicTS-training - INFO - Epoch 89 / 100
2026-03-11 02:50:29,439 - BasicTS-training - INFO - Result <train>: [train/time: 902.33 (s), train/lr: 1.76e-05, train/loss: 0.3532, train/MAE: 0.3532, train/MSE: 0.5025, train/RMSE: 0.7089, train/MAPE: 2.3858, train/WAPE: 0.6886]
2026-03-11 02:50:31,984 - BasicTS-training - INFO - Start validation.
2026-03-11 02:52:26,919 - BasicTS-training - INFO - Result <val>: [val/time: 114.93 (s), val/loss: 0.3268, val/MAE: 0.3268, val/MSE: 0.4753, val/RMSE: 0.6894, val/MAPE: 3.2758, val/WAPE: 0.7780]
2026-03-11 02:56:26,959 - BasicTS-training - INFO - Result <test>: [test/time: 238.34 (s), test/loss: 0.2516, test/MAE: 0.2516, test/MSE: 0.2053, test/RMSE: 0.4531, test/MAPE: 2.0481, test/WAPE: 0.5918]
2026-03-11 02:56:29,326 - BasicTS-training - INFO - Checkpoint /mnt/users/rwl/MATS/results/main/MATS-Full-Weather-96/10f97ee4f31f3442b66b9c52d6dfeb22/MATSArch_089.pt saved
2026-03-11 02:56:29,326 - BasicTS-training - INFO - The estimated training finish time is 2026-03-11 06:37:20
2026-03-11 02:56:29,327 - BasicTS-training - INFO - Epoch 90 / 100
2026-03-11 03:11:33,831 - BasicTS-training - INFO - Result <train>: [train/time: 904.50 (s), train/lr: 1.48e-05, train/loss: 0.3530, train/MAE: 0.3530, train/MSE: 0.5023, train/RMSE: 0.7087, train/MAPE: 2.3850, train/WAPE: 0.6884]
2026-03-11 03:11:35,304 - BasicTS-training - INFO - Start validation.
2026-03-11 03:13:30,182 - BasicTS-training - INFO - Result <val>: [val/time: 114.88 (s), val/loss: 0.3234, val/MAE: 0.3234, val/MSE: 0.4736, val/RMSE: 0.6882, val/MAPE: 3.2131, val/WAPE: 0.7703]
2026-03-11 03:13:31,578 - BasicTS-training - INFO - Checkpoint /mnt/users/rwl/MATS/results/main/MATS-Full-Weather-96/10f97ee4f31f3442b66b9c52d6dfeb22/MATSArch_best_val_MAE.pt saved
2026-03-11 03:17:24,751 - BasicTS-training - INFO - Result <test>: [test/time: 233.17 (s), test/loss: 0.2485, test/MAE: 0.2485, test/MSE: 0.2030, test/RMSE: 0.4506, test/MAPE: 2.0790, test/WAPE: 0.5876]
2026-03-11 03:17:26,650 - BasicTS-training - INFO - Checkpoint /mnt/users/rwl/MATS/results/main/MATS-Full-Weather-96/10f97ee4f31f3442b66b9c52d6dfeb22/MATSArch_090.pt saved
2026-03-11 03:17:27,863 - BasicTS-training - INFO - The estimated training finish time is 2026-03-11 06:38:19
2026-03-11 03:17:27,863 - BasicTS-training - INFO - Epoch 91 / 100
2026-03-11 03:32:26,719 - BasicTS-training - INFO - Result <train>: [train/time: 898.86 (s), train/lr: 1.22e-05, train/loss: 0.3530, train/MAE: 0.3530, train/MSE: 0.5022, train/RMSE: 0.7087, train/MAPE: 2.3848, train/WAPE: 0.6884]
2026-03-11 03:32:27,996 - BasicTS-training - INFO - Start validation.
2026-03-11 03:34:28,240 - BasicTS-training - INFO - Result <val>: [val/time: 120.24 (s), val/loss: 0.3265, val/MAE: 0.3265, val/MSE: 0.4753, val/RMSE: 0.6894, val/MAPE: 3.2538, val/WAPE: 0.7757]
2026-03-11 03:38:28,704 - BasicTS-training - INFO - Result <test>: [test/time: 239.50 (s), test/loss: 0.2513, test/MAE: 0.2513, test/MSE: 0.2050, test/RMSE: 0.4528, test/MAPE: 2.0654, test/WAPE: 0.5914]
2026-03-11 03:38:30,768 - BasicTS-training - INFO - Checkpoint /mnt/users/rwl/MATS/results/main/MATS-Full-Weather-96/10f97ee4f31f3442b66b9c52d6dfeb22/MATSArch_091.pt saved
2026-03-11 03:38:30,769 - BasicTS-training - INFO - The estimated training finish time is 2026-03-11 06:39:23
2026-03-11 03:38:30,769 - BasicTS-training - INFO - Epoch 92 / 100
2026-03-11 03:53:33,190 - BasicTS-training - INFO - Result <train>: [train/time: 902.42 (s), train/lr: 9.93e-06, train/loss: 0.3528, train/MAE: 0.3528, train/MSE: 0.5021, train/RMSE: 0.7086, train/MAPE: 2.3859, train/WAPE: 0.6882]
2026-03-11 03:53:33,828 - BasicTS-training - INFO - Start validation.
2026-03-11 03:55:27,218 - BasicTS-training - INFO - Result <val>: [val/time: 113.39 (s), val/loss: 0.3240, val/MAE: 0.3240, val/MSE: 0.4733, val/RMSE: 0.6880, val/MAPE: 3.2288, val/WAPE: 0.7716]
2026-03-11 03:59:21,951 - BasicTS-training - INFO - Result <test>: [test/time: 233.82 (s), test/loss: 0.2494, test/MAE: 0.2494, test/MSE: 0.2036, test/RMSE: 0.4513, test/MAPE: 2.0707, test/WAPE: 0.5888]
2026-03-11 03:59:24,058 - BasicTS-training - INFO - Checkpoint /mnt/users/rwl/MATS/results/main/MATS-Full-Weather-96/10f97ee4f31f3442b66b9c52d6dfeb22/MATSArch_092.pt saved
2026-03-11 03:59:24,059 - BasicTS-training - INFO - The estimated training finish time is 2026-03-11 06:40:14
2026-03-11 03:59:24,059 - BasicTS-training - INFO - Epoch 93 / 100
2026-03-11 04:14:34,195 - BasicTS-training - INFO - Result <train>: [train/time: 910.14 (s), train/lr: 7.85e-06, train/loss: 0.3527, train/MAE: 0.3527, train/MSE: 0.5019, train/RMSE: 0.7085, train/MAPE: 2.3838, train/WAPE: 0.6880]
2026-03-11 04:14:34,999 - BasicTS-training - INFO - Start validation.
2026-03-11 04:16:31,578 - BasicTS-training - INFO - Result <val>: [val/time: 116.58 (s), val/loss: 0.3261, val/MAE: 0.3261, val/MSE: 0.4748, val/RMSE: 0.6891, val/MAPE: 3.2578, val/WAPE: 0.7748]
2026-03-11 04:20:23,737 - BasicTS-training - INFO - Result <test>: [test/time: 231.51 (s), test/loss: 0.2502, test/MAE: 0.2502, test/MSE: 0.2042, test/RMSE: 0.4519, test/MAPE: 2.0587, test/WAPE: 0.5889]
2026-03-11 04:20:25,464 - BasicTS-training - INFO - Checkpoint /mnt/users/rwl/MATS/results/main/MATS-Full-Weather-96/10f97ee4f31f3442b66b9c52d6dfeb22/MATSArch_093.pt saved
2026-03-11 04:20:25,464 - BasicTS-training - INFO - The estimated training finish time is 2026-03-11 06:41:13
2026-03-11 04:20:25,465 - BasicTS-training - INFO - Epoch 94 / 100
2026-03-11 04:35:21,955 - BasicTS-training - INFO - Result <train>: [train/time: 896.49 (s), train/lr: 6.02e-06, train/loss: 0.3526, train/MAE: 0.3526, train/MSE: 0.5019, train/RMSE: 0.7084, train/MAPE: 2.3839, train/WAPE: 0.6879]
2026-03-11 04:35:22,997 - BasicTS-training - INFO - Start validation.
2026-03-11 04:37:19,738 - BasicTS-training - INFO - Result <val>: [val/time: 116.74 (s), val/loss: 0.3262, val/MAE: 0.3262, val/MSE: 0.4750, val/RMSE: 0.6892, val/MAPE: 3.2571, val/WAPE: 0.7752]
2026-03-11 04:41:20,986 - BasicTS-training - INFO - Result <test>: [test/time: 240.70 (s), test/loss: 0.2508, test/MAE: 0.2508, test/MSE: 0.2047, test/RMSE: 0.4525, test/MAPE: 2.0570, test/WAPE: 0.5902]
2026-03-11 04:41:23,617 - BasicTS-training - INFO - Checkpoint /mnt/users/rwl/MATS/results/main/MATS-Full-Weather-96/10f97ee4f31f3442b66b9c52d6dfeb22/MATSArch_094.pt saved
2026-03-11 04:41:23,617 - BasicTS-training - INFO - The estimated training finish time is 2026-03-11 06:42:08
2026-03-11 04:41:23,617 - BasicTS-training - INFO - Epoch 95 / 100
2026-03-11 04:56:21,011 - BasicTS-training - INFO - Result <train>: [train/time: 897.39 (s), train/lr: 4.43e-06, train/loss: 0.3525, train/MAE: 0.3525, train/MSE: 0.5018, train/RMSE: 0.7084, train/MAPE: 2.3825, train/WAPE: 0.6877]
2026-03-11 04:56:21,863 - BasicTS-training - INFO - Start validation.
2026-03-11 04:58:15,786 - BasicTS-training - INFO - Result <val>: [val/time: 113.92 (s), val/loss: 0.3240, val/MAE: 0.3240, val/MSE: 0.4742, val/RMSE: 0.6886, val/MAPE: 3.2339, val/WAPE: 0.7715]
2026-03-11 05:02:09,865 - BasicTS-training - INFO - Result <test>: [test/time: 233.29 (s), test/loss: 0.2490, test/MAE: 0.2490, test/MSE: 0.2035, test/RMSE: 0.4511, test/MAPE: 2.0764, test/WAPE: 0.5880]
2026-03-11 05:02:11,331 - BasicTS-training - INFO - Checkpoint /mnt/users/rwl/MATS/results/main/MATS-Full-Weather-96/10f97ee4f31f3442b66b9c52d6dfeb22/MATSArch_095.pt saved
2026-03-11 05:02:11,332 - BasicTS-training - INFO - The estimated training finish time is 2026-03-11 06:42:50
2026-03-11 05:02:11,332 - BasicTS-training - INFO - Epoch 96 / 100
2026-03-11 05:17:12,860 - BasicTS-training - INFO - Result <train>: [train/time: 901.53 (s), train/lr: 3.08e-06, train/loss: 0.3525, train/MAE: 0.3525, train/MSE: 0.5017, train/RMSE: 0.7083, train/MAPE: 2.3828, train/WAPE: 0.6877]
2026-03-11 05:17:14,173 - BasicTS-training - INFO - Start validation.
2026-03-11 05:19:10,853 - BasicTS-training - INFO - Result <val>: [val/time: 116.68 (s), val/loss: 0.3254, val/MAE: 0.3254, val/MSE: 0.4750, val/RMSE: 0.6892, val/MAPE: 3.2569, val/WAPE: 0.7741]
2026-03-11 05:23:01,452 - BasicTS-training - INFO - Result <test>: [test/time: 230.07 (s), test/loss: 0.2500, test/MAE: 0.2500, test/MSE: 0.2044, test/RMSE: 0.4521, test/MAPE: 2.0609, test/WAPE: 0.5890]
2026-03-11 05:23:03,357 - BasicTS-training - INFO - Checkpoint /mnt/users/rwl/MATS/results/main/MATS-Full-Weather-96/10f97ee4f31f3442b66b9c52d6dfeb22/MATSArch_096.pt saved
2026-03-11 05:23:03,358 - BasicTS-training - INFO - The estimated training finish time is 2026-03-11 06:43:36
2026-03-11 05:23:03,358 - BasicTS-training - INFO - Epoch 97 / 100
2026-03-11 05:37:57,954 - BasicTS-training - INFO - Result <train>: [train/time: 894.60 (s), train/lr: 1.97e-06, train/loss: 0.3524, train/MAE: 0.3524, train/MSE: 0.5016, train/RMSE: 0.7082, train/MAPE: 2.3831, train/WAPE: 0.6877]
2026-03-11 05:37:59,244 - BasicTS-training - INFO - Start validation.
2026-03-11 05:39:54,690 - BasicTS-training - INFO - Result <val>: [val/time: 115.44 (s), val/loss: 0.3244, val/MAE: 0.3244, val/MSE: 0.4741, val/RMSE: 0.6886, val/MAPE: 3.2296, val/WAPE: 0.7714]
2026-03-11 05:43:57,537 - BasicTS-training - INFO - Result <test>: [test/time: 241.70 (s), test/loss: 0.2490, test/MAE: 0.2490, test/MSE: 0.2034, test/RMSE: 0.4510, test/MAPE: 2.0731, test/WAPE: 0.5876]
2026-03-11 05:43:58,906 - BasicTS-training - INFO - Checkpoint /mnt/users/rwl/MATS/results/main/MATS-Full-Weather-96/10f97ee4f31f3442b66b9c52d6dfeb22/MATSArch_097.pt saved
2026-03-11 05:43:58,907 - BasicTS-training - INFO - The estimated training finish time is 2026-03-11 06:44:24
2026-03-11 05:43:58,907 - BasicTS-training - INFO - Epoch 98 / 100
2026-03-11 05:57:30,138 - BasicTS-training - INFO - Result <train>: [train/time: 811.23 (s), train/lr: 1.11e-06, train/loss: 0.3524, train/MAE: 0.3524, train/MSE: 0.5016, train/RMSE: 0.7082, train/MAPE: 2.3828, train/WAPE: 0.6875]
2026-03-11 05:57:30,866 - BasicTS-training - INFO - Start validation.
2026-03-11 05:59:04,453 - BasicTS-training - INFO - Result <val>: [val/time: 93.59 (s), val/loss: 0.3241, val/MAE: 0.3241, val/MSE: 0.4739, val/RMSE: 0.6884, val/MAPE: 3.2335, val/WAPE: 0.7716]
2026-03-11 06:02:18,887 - BasicTS-training - INFO - Result <test>: [test/time: 193.98 (s), test/loss: 0.2490, test/MAE: 0.2490, test/MSE: 0.2034, test/RMSE: 0.4510, test/MAPE: 2.0716, test/WAPE: 0.5878]
2026-03-11 06:02:20,169 - BasicTS-training - INFO - Checkpoint /mnt/users/rwl/MATS/results/main/MATS-Full-Weather-96/10f97ee4f31f3442b66b9c52d6dfeb22/MATSArch_098.pt saved
2026-03-11 06:02:20,169 - BasicTS-training - INFO - The estimated training finish time is 2026-03-11 06:42:34
2026-03-11 06:02:20,169 - BasicTS-training - INFO - Epoch 99 / 100
2026-03-11 06:15:00,940 - BasicTS-training - INFO - Result <train>: [train/time: 760.77 (s), train/lr: 4.93e-07, train/loss: 0.3524, train/MAE: 0.3524, train/MSE: 0.5016, train/RMSE: 0.7083, train/MAPE: 2.3824, train/WAPE: 0.6875]
2026-03-11 06:15:02,102 - BasicTS-training - INFO - Start validation.
2026-03-11 06:16:42,272 - BasicTS-training - INFO - Result <val>: [val/time: 100.17 (s), val/loss: 0.3247, val/MAE: 0.3247, val/MSE: 0.4741, val/RMSE: 0.6885, val/MAPE: 3.2394, val/WAPE: 0.7723]
2026-03-11 06:19:27,521 - BasicTS-training - INFO - Result <test>: [test/time: 164.78 (s), test/loss: 0.2493, test/MAE: 0.2493, test/MSE: 0.2036, test/RMSE: 0.4512, test/MAPE: 2.0684, test/WAPE: 0.5878]
2026-03-11 06:19:28,344 - BasicTS-training - INFO - Checkpoint /mnt/users/rwl/MATS/results/main/MATS-Full-Weather-96/10f97ee4f31f3442b66b9c52d6dfeb22/MATSArch_099.pt saved
2026-03-11 06:19:28,344 - BasicTS-training - INFO - The estimated training finish time is 2026-03-11 06:39:33
2026-03-11 06:19:28,344 - BasicTS-training - INFO - Epoch 100 / 100
2026-03-11 06:29:24,540 - BasicTS-training - INFO - Result <train>: [train/time: 596.20 (s), train/lr: 1.23e-07, train/loss: 0.3523, train/MAE: 0.3523, train/MSE: 0.5015, train/RMSE: 0.7081, train/MAPE: 2.3825, train/WAPE: 0.6874]
2026-03-11 06:29:24,696 - BasicTS-training - INFO - Start validation.
2026-03-11 06:30:13,152 - BasicTS-training - INFO - Result <val>: [val/time: 48.45 (s), val/loss: 0.3246, val/MAE: 0.3246, val/MSE: 0.4742, val/RMSE: 0.6886, val/MAPE: 3.2407, val/WAPE: 0.7723]
2026-03-11 06:31:59,667 - BasicTS-training - INFO - Result <test>: [test/time: 106.35 (s), test/loss: 0.2493, test/MAE: 0.2493, test/MSE: 0.2036, test/RMSE: 0.4512, test/MAPE: 2.0684, test/WAPE: 0.5878]
2026-03-11 06:32:00,447 - BasicTS-training - INFO - Checkpoint /mnt/users/rwl/MATS/results/main/MATS-Full-Weather-96/10f97ee4f31f3442b66b9c52d6dfeb22/MATSArch_100.pt saved
2026-03-11 06:32:00,757 - BasicTS-training - INFO - The training finished at 2026-03-11 06:32:00
2026-03-11 06:32:00,758 - BasicTS-training - INFO - Evaluating the best model on the test set.
2026-03-11 06:32:00,758 - BasicTS-training - INFO - Loading Checkpoint from '/mnt/users/rwl/MATS/results/main/MATS-Full-Weather-96/10f97ee4f31f3442b66b9c52d6dfeb22/MATSArch_best_val_MAE.pt'
2026-03-11 06:34:01,128 - BasicTS-training - INFO - Result <test>: [test/time: 119.22 (s), test/loss: 0.2485, test/MAE: 0.2485, test/MSE: 0.2030, test/RMSE: 0.4506, test/MAPE: 2.0790, test/WAPE: 0.5876]
2026-03-11 06:34:01,328 - BasicTS-training - INFO - Test metrics saved to /mnt/users/rwl/MATS/results/main/MATS-Full-Weather-96/10f97ee4f31f3442b66b9c52d6dfeb22/test_metrics.json.
