2026-03-10 01:52:06,281 - BasicTS-launcher - INFO - Launching BasicTS training.
2026-03-10 01:52:06,406 - easytorch-env - INFO - Use devices 0.
2026-03-10 01:52:06,454 - easytorch-env - INFO - Disable TF32 mode
2026-03-10 01:52:06,708 - BasicTS - INFO - Building model.
/mnt/users/rwl/MATS/src/models/experts.py:491: UserWarning: enable_nested_tensor is True, but self.use_nested_tensor is False because encoder_layer.norm_first was True
  self.transformer = nn.TransformerEncoder(
2026-03-10 01:52:08,834 - BasicTS - INFO - Set ckpt save dir: "/mnt/users/rwl/MATS/results/main/MATS-Full-ETTh2-336/41448eeb37c4f493279852f33c87ec91"
2026-03-10 01:52:08,922 - BasicTS-training - INFO - Initializing training.
2026-03-10 01:52:08,922 - BasicTS-training - INFO - Building train data loader.
2026-03-10 01:52:29,863 - BasicTS-training - INFO - Set optim: Adam
2026-03-10 01:52:29,863 - BasicTS-training - INFO - Set lr_scheduler: CosineAnnealingLR
2026-03-10 01:52:29,863 - BasicTS-training - INFO - Building val data loader.
2026-03-10 01:52:29,865 - BasicTS-training - INFO - Building test data loader.
2026-03-10 01:52:29,867 - BasicTS-training - INFO - Total parameters: 10255407
2026-03-10 01:52:29,867 - BasicTS-training - INFO - Trainable parameters: 10255407
2026-03-10 01:52:29,867 - BasicTS-training - INFO - Epoch 1 / 100
2026-03-10 01:54:23,677 - BasicTS-training - INFO - Result <train>: [train/time: 113.81 (s), train/lr: 5.00e-04, train/loss: 0.4882, train/MAE: 0.4882, train/MSE: 0.7012, train/RMSE: 0.8374, train/MAPE: 2.6608, train/WAPE: 0.8045]
2026-03-10 01:54:24,306 - BasicTS-training - INFO - Start validation.
2026-03-10 01:54:53,117 - BasicTS-training - INFO - Result <val>: [val/time: 28.81 (s), val/loss: 0.4210, val/MAE: 0.4210, val/MSE: 0.3933, val/RMSE: 0.6271, val/MAPE: 2.2504, val/WAPE: 0.7020]
2026-03-10 01:54:55,772 - BasicTS-training - INFO - Checkpoint /mnt/users/rwl/MATS/results/main/MATS-Full-ETTh2-336/41448eeb37c4f493279852f33c87ec91/MATSArch_best_val_MAE.pt saved
2026-03-10 01:55:24,811 - BasicTS-training - INFO - Result <test>: [test/time: 29.04 (s), test/loss: 0.4466, test/MAE: 0.4466, test/MSE: 0.4457, test/RMSE: 0.6676, test/MAPE: 1.7864, test/WAPE: 0.5715]
2026-03-10 01:55:26,459 - BasicTS-training - INFO - Checkpoint /mnt/users/rwl/MATS/results/main/MATS-Full-ETTh2-336/41448eeb37c4f493279852f33c87ec91/MATSArch_001.pt saved
2026-03-10 01:55:26,459 - BasicTS-training - INFO - The estimated training finish time is 2026-03-10 06:45:40
2026-03-10 01:55:26,459 - BasicTS-training - INFO - Epoch 2 / 100
2026-03-10 01:57:16,839 - BasicTS-training - INFO - Result <train>: [train/time: 110.38 (s), train/lr: 5.00e-04, train/loss: 0.4673, train/MAE: 0.4673, train/MSE: 0.6700, train/RMSE: 0.8186, train/MAPE: 2.5169, train/WAPE: 0.7644]
2026-03-10 01:57:17,674 - BasicTS-training - INFO - Start validation.
2026-03-10 01:57:47,241 - BasicTS-training - INFO - Result <val>: [val/time: 29.57 (s), val/loss: 0.4218, val/MAE: 0.4218, val/MSE: 0.3947, val/RMSE: 0.6283, val/MAPE: 2.2474, val/WAPE: 0.7031]
2026-03-10 01:58:16,620 - BasicTS-training - INFO - Result <test>: [test/time: 28.44 (s), test/loss: 0.4488, test/MAE: 0.4488, test/MSE: 0.4489, test/RMSE: 0.6700, test/MAPE: 1.7734, test/WAPE: 0.5744]
2026-03-10 01:58:18,459 - BasicTS-training - INFO - Checkpoint /mnt/users/rwl/MATS/results/main/MATS-Full-ETTh2-336/41448eeb37c4f493279852f33c87ec91/MATSArch_002.pt saved
2026-03-10 01:58:18,459 - BasicTS-training - INFO - The estimated training finish time is 2026-03-10 06:42:25
2026-03-10 01:58:18,459 - BasicTS-training - INFO - Epoch 3 / 100
2026-03-10 02:00:08,680 - BasicTS-training - INFO - Result <train>: [train/time: 110.22 (s), train/lr: 5.00e-04, train/loss: 0.4712, train/MAE: 0.4712, train/MSE: 0.6749, train/RMSE: 0.8215, train/MAPE: 2.5286, train/WAPE: 0.7735]
2026-03-10 02:00:09,683 - BasicTS-training - INFO - Start validation.
2026-03-10 02:00:38,552 - BasicTS-training - INFO - Result <val>: [val/time: 28.87 (s), val/loss: 0.4281, val/MAE: 0.4281, val/MSE: 0.4037, val/RMSE: 0.6354, val/MAPE: 2.2630, val/WAPE: 0.7139]
2026-03-10 02:01:08,965 - BasicTS-training - INFO - Result <test>: [test/time: 29.55 (s), test/loss: 0.4519, test/MAE: 0.4519, test/MSE: 0.4507, test/RMSE: 0.6714, test/MAPE: 1.7542, test/WAPE: 0.5793]
2026-03-10 02:01:10,886 - BasicTS-training - INFO - Checkpoint /mnt/users/rwl/MATS/results/main/MATS-Full-ETTh2-336/41448eeb37c4f493279852f33c87ec91/MATSArch_003.pt saved
2026-03-10 02:01:10,886 - BasicTS-training - INFO - The estimated training finish time is 2026-03-10 06:41:34
2026-03-10 02:01:10,886 - BasicTS-training - INFO - Epoch 4 / 100
2026-03-10 02:03:02,236 - BasicTS-training - INFO - Result <train>: [train/time: 111.35 (s), train/lr: 4.99e-04, train/loss: 0.4751, train/MAE: 0.4751, train/MSE: 0.6813, train/RMSE: 0.8254, train/MAPE: 2.5464, train/WAPE: 0.7824]
2026-03-10 02:03:03,442 - BasicTS-training - INFO - Start validation.
2026-03-10 02:03:32,275 - BasicTS-training - INFO - Result <val>: [val/time: 28.83 (s), val/loss: 0.4308, val/MAE: 0.4308, val/MSE: 0.4076, val/RMSE: 0.6385, val/MAPE: 2.2695, val/WAPE: 0.7181]
2026-03-10 02:04:02,565 - BasicTS-training - INFO - Result <test>: [test/time: 29.54 (s), test/loss: 0.4540, test/MAE: 0.4540, test/MSE: 0.4538, test/RMSE: 0.6737, test/MAPE: 1.7504, test/WAPE: 0.5820]
2026-03-10 02:04:04,628 - BasicTS-training - INFO - Checkpoint /mnt/users/rwl/MATS/results/main/MATS-Full-ETTh2-336/41448eeb37c4f493279852f33c87ec91/MATSArch_004.pt saved
2026-03-10 02:04:04,629 - BasicTS-training - INFO - The estimated training finish time is 2026-03-10 06:41:42
2026-03-10 02:04:04,629 - BasicTS-training - INFO - Epoch 5 / 100
2026-03-10 02:05:55,207 - BasicTS-training - INFO - Result <train>: [train/time: 110.58 (s), train/lr: 4.98e-04, train/loss: 0.4770, train/MAE: 0.4770, train/MSE: 0.6843, train/RMSE: 0.8272, train/MAPE: 2.5542, train/WAPE: 0.7869]
2026-03-10 02:05:56,130 - BasicTS-training - INFO - Start validation.
2026-03-10 02:06:24,781 - BasicTS-training - INFO - Result <val>: [val/time: 28.65 (s), val/loss: 0.4321, val/MAE: 0.4321, val/MSE: 0.4093, val/RMSE: 0.6397, val/MAPE: 2.2739, val/WAPE: 0.7202]
2026-03-10 02:06:54,767 - BasicTS-training - INFO - Result <test>: [test/time: 28.23 (s), test/loss: 0.4556, test/MAE: 0.4556, test/MSE: 0.4561, test/RMSE: 0.6754, test/MAPE: 1.7470, test/WAPE: 0.5842]
2026-03-10 02:06:57,223 - BasicTS-training - INFO - Checkpoint /mnt/users/rwl/MATS/results/main/MATS-Full-ETTh2-336/41448eeb37c4f493279852f33c87ec91/MATSArch_005.pt saved
2026-03-10 02:06:57,224 - BasicTS-training - INFO - The estimated training finish time is 2026-03-10 06:41:23
2026-03-10 02:06:57,224 - BasicTS-training - INFO - Epoch 6 / 100
2026-03-10 02:08:46,400 - BasicTS-training - INFO - Result <train>: [train/time: 109.18 (s), train/lr: 4.97e-04, train/loss: 0.4777, train/MAE: 0.4777, train/MSE: 0.6850, train/RMSE: 0.8276, train/MAPE: 2.5571, train/WAPE: 0.7890]
2026-03-10 02:08:47,428 - BasicTS-training - INFO - Start validation.
2026-03-10 02:09:15,276 - BasicTS-training - INFO - Result <val>: [val/time: 27.85 (s), val/loss: 0.4320, val/MAE: 0.4320, val/MSE: 0.4094, val/RMSE: 0.6399, val/MAPE: 2.2765, val/WAPE: 0.7193]
2026-03-10 02:09:44,243 - BasicTS-training - INFO - Result <test>: [test/time: 28.25 (s), test/loss: 0.4560, test/MAE: 0.4560, test/MSE: 0.4567, test/RMSE: 0.6758, test/MAPE: 1.7410, test/WAPE: 0.5840]
2026-03-10 02:09:46,116 - BasicTS-training - INFO - Checkpoint /mnt/users/rwl/MATS/results/main/MATS-Full-ETTh2-336/41448eeb37c4f493279852f33c87ec91/MATSArch_006.pt saved
2026-03-10 02:09:46,117 - BasicTS-training - INFO - The estimated training finish time is 2026-03-10 06:40:09
2026-03-10 02:09:46,117 - BasicTS-training - INFO - Epoch 7 / 100
2026-03-10 02:11:34,350 - BasicTS-training - INFO - Result <train>: [train/time: 108.23 (s), train/lr: 4.96e-04, train/loss: 0.4778, train/MAE: 0.4778, train/MSE: 0.6844, train/RMSE: 0.8273, train/MAPE: 2.5615, train/WAPE: 0.7901]
2026-03-10 02:11:34,835 - BasicTS-training - INFO - Start validation.
2026-03-10 02:12:03,171 - BasicTS-training - INFO - Result <val>: [val/time: 28.34 (s), val/loss: 0.4318, val/MAE: 0.4318, val/MSE: 0.4085, val/RMSE: 0.6392, val/MAPE: 2.2904, val/WAPE: 0.7189]
2026-03-10 02:12:33,343 - BasicTS-training - INFO - Result <test>: [test/time: 29.19 (s), test/loss: 0.4592, test/MAE: 0.4592, test/MSE: 0.4615, test/RMSE: 0.6793, test/MAPE: 1.7651, test/WAPE: 0.5886]
2026-03-10 02:12:35,298 - BasicTS-training - INFO - Checkpoint /mnt/users/rwl/MATS/results/main/MATS-Full-ETTh2-336/41448eeb37c4f493279852f33c87ec91/MATSArch_007.pt saved
2026-03-10 02:12:35,299 - BasicTS-training - INFO - The estimated training finish time is 2026-03-10 06:39:20
2026-03-10 02:12:35,299 - BasicTS-training - INFO - Epoch 8 / 100
2026-03-10 02:14:24,862 - BasicTS-training - INFO - Result <train>: [train/time: 109.56 (s), train/lr: 4.94e-04, train/loss: 0.4790, train/MAE: 0.4790, train/MSE: 0.6864, train/RMSE: 0.8285, train/MAPE: 2.5824, train/WAPE: 0.7932]
2026-03-10 02:14:25,772 - BasicTS-training - INFO - Start validation.
2026-03-10 02:14:54,506 - BasicTS-training - INFO - Result <val>: [val/time: 28.73 (s), val/loss: 0.4352, val/MAE: 0.4352, val/MSE: 0.4127, val/RMSE: 0.6425, val/MAPE: 2.3054, val/WAPE: 0.7251]
2026-03-10 02:15:25,227 - BasicTS-training - INFO - Result <test>: [test/time: 29.63 (s), test/loss: 0.4620, test/MAE: 0.4620, test/MSE: 0.4661, test/RMSE: 0.6827, test/MAPE: 1.7585, test/WAPE: 0.5929]
2026-03-10 02:15:27,267 - BasicTS-training - INFO - Checkpoint /mnt/users/rwl/MATS/results/main/MATS-Full-ETTh2-336/41448eeb37c4f493279852f33c87ec91/MATSArch_008.pt saved
2026-03-10 02:15:27,268 - BasicTS-training - INFO - The estimated training finish time is 2026-03-10 06:39:19
2026-03-10 02:15:27,268 - BasicTS-training - INFO - Epoch 9 / 100
2026-03-10 02:17:17,556 - BasicTS-training - INFO - Result <train>: [train/time: 110.29 (s), train/lr: 4.92e-04, train/loss: 0.4811, train/MAE: 0.4811, train/MSE: 0.6901, train/RMSE: 0.8307, train/MAPE: 2.6049, train/WAPE: 0.7982]
2026-03-10 02:17:18,628 - BasicTS-training - INFO - Start validation.
2026-03-10 02:17:47,575 - BasicTS-training - INFO - Result <val>: [val/time: 28.94 (s), val/loss: 0.4379, val/MAE: 0.4379, val/MSE: 0.4185, val/RMSE: 0.6469, val/MAPE: 2.3117, val/WAPE: 0.7281]
2026-03-10 02:18:17,043 - BasicTS-training - INFO - Result <test>: [test/time: 28.61 (s), test/loss: 0.4676, test/MAE: 0.4676, test/MSE: 0.4759, test/RMSE: 0.6898, test/MAPE: 1.7972, test/WAPE: 0.5985]
2026-03-10 02:18:19,339 - BasicTS-training - INFO - Checkpoint /mnt/users/rwl/MATS/results/main/MATS-Full-ETTh2-336/41448eeb37c4f493279852f33c87ec91/MATSArch_009.pt saved
2026-03-10 02:18:19,340 - BasicTS-training - INFO - The estimated training finish time is 2026-03-10 06:39:18
2026-03-10 02:18:19,340 - BasicTS-training - INFO - Epoch 10 / 100
2026-03-10 02:20:10,203 - BasicTS-training - INFO - Result <train>: [train/time: 110.86 (s), train/lr: 4.90e-04, train/loss: 0.4816, train/MAE: 0.4816, train/MSE: 0.6899, train/RMSE: 0.8306, train/MAPE: 2.6137, train/WAPE: 0.7989]
2026-03-10 02:20:11,871 - BasicTS-training - INFO - Start validation.
2026-03-10 02:20:41,513 - BasicTS-training - INFO - Result <val>: [val/time: 29.64 (s), val/loss: 0.4344, val/MAE: 0.4344, val/MSE: 0.4095, val/RMSE: 0.6399, val/MAPE: 2.3457, val/WAPE: 0.7252]
2026-03-10 02:21:11,817 - BasicTS-training - INFO - Result <test>: [test/time: 29.67 (s), test/loss: 0.4674, test/MAE: 0.4674, test/MSE: 0.4748, test/RMSE: 0.6891, test/MAPE: 1.7987, test/WAPE: 0.5985]
2026-03-10 02:21:14,310 - BasicTS-training - INFO - Checkpoint /mnt/users/rwl/MATS/results/main/MATS-Full-ETTh2-336/41448eeb37c4f493279852f33c87ec91/MATSArch_010.pt saved
2026-03-10 02:21:15,424 - BasicTS-training - INFO - The estimated training finish time is 2026-03-10 06:39:58
2026-03-10 02:21:15,424 - BasicTS-training - INFO - Epoch 11 / 100
2026-03-10 02:23:06,830 - BasicTS-training - INFO - Result <train>: [train/time: 111.41 (s), train/lr: 4.88e-04, train/loss: 0.4808, train/MAE: 0.4808, train/MSE: 0.6858, train/RMSE: 0.8281, train/MAPE: 2.6139, train/WAPE: 0.7980]
2026-03-10 02:23:08,132 - BasicTS-training - INFO - Start validation.
2026-03-10 02:23:37,716 - BasicTS-training - INFO - Result <val>: [val/time: 29.58 (s), val/loss: 0.4364, val/MAE: 0.4364, val/MSE: 0.4198, val/RMSE: 0.6479, val/MAPE: 2.3367, val/WAPE: 0.7214]
2026-03-10 02:24:08,130 - BasicTS-training - INFO - Result <test>: [test/time: 29.48 (s), test/loss: 0.4658, test/MAE: 0.4658, test/MSE: 0.4739, test/RMSE: 0.6884, test/MAPE: 1.8398, test/WAPE: 0.5934]
2026-03-10 02:24:10,525 - BasicTS-training - INFO - Checkpoint /mnt/users/rwl/MATS/results/main/MATS-Full-ETTh2-336/41448eeb37c4f493279852f33c87ec91/MATSArch_011.pt saved
2026-03-10 02:24:10,525 - BasicTS-training - INFO - The estimated training finish time is 2026-03-10 06:40:22
2026-03-10 02:24:10,526 - BasicTS-training - INFO - Epoch 12 / 100
2026-03-10 02:25:59,343 - BasicTS-training - INFO - Result <train>: [train/time: 108.82 (s), train/lr: 4.85e-04, train/loss: 0.4801, train/MAE: 0.4801, train/MSE: 0.6855, train/RMSE: 0.8280, train/MAPE: 2.6084, train/WAPE: 0.7957]
2026-03-10 02:26:00,652 - BasicTS-training - INFO - Start validation.
2026-03-10 02:26:29,900 - BasicTS-training - INFO - Result <val>: [val/time: 29.25 (s), val/loss: 0.4417, val/MAE: 0.4417, val/MSE: 0.4278, val/RMSE: 0.6540, val/MAPE: 2.3566, val/WAPE: 0.7314]
2026-03-10 02:26:58,909 - BasicTS-training - INFO - Result <test>: [test/time: 28.44 (s), test/loss: 0.4668, test/MAE: 0.4668, test/MSE: 0.4782, test/RMSE: 0.6915, test/MAPE: 1.7580, test/WAPE: 0.5943]
2026-03-10 02:27:00,388 - BasicTS-training - INFO - Checkpoint /mnt/users/rwl/MATS/results/main/MATS-Full-ETTh2-336/41448eeb37c4f493279852f33c87ec91/MATSArch_012.pt saved
2026-03-10 02:27:00,388 - BasicTS-training - INFO - The estimated training finish time is 2026-03-10 06:39:58
2026-03-10 02:27:00,389 - BasicTS-training - INFO - Epoch 13 / 100
2026-03-10 02:28:50,449 - BasicTS-training - INFO - Result <train>: [train/time: 110.06 (s), train/lr: 4.82e-04, train/loss: 0.4804, train/MAE: 0.4804, train/MSE: 0.6885, train/RMSE: 0.8298, train/MAPE: 2.6024, train/WAPE: 0.7954]
2026-03-10 02:28:51,330 - BasicTS-training - INFO - Start validation.
2026-03-10 02:29:19,266 - BasicTS-training - INFO - Result <val>: [val/time: 27.94 (s), val/loss: 0.4377, val/MAE: 0.4377, val/MSE: 0.4201, val/RMSE: 0.6481, val/MAPE: 2.3608, val/WAPE: 0.7240]
2026-03-10 02:29:47,565 - BasicTS-training - INFO - Result <test>: [test/time: 27.96 (s), test/loss: 0.4767, test/MAE: 0.4767, test/MSE: 0.4951, test/RMSE: 0.7036, test/MAPE: 1.9050, test/WAPE: 0.6073]
2026-03-10 02:29:49,236 - BasicTS-training - INFO - Checkpoint /mnt/users/rwl/MATS/results/main/MATS-Full-ETTh2-336/41448eeb37c4f493279852f33c87ec91/MATSArch_013.pt saved
2026-03-10 02:29:49,237 - BasicTS-training - INFO - The estimated training finish time is 2026-03-10 06:39:30
2026-03-10 02:29:49,237 - BasicTS-training - INFO - Epoch 14 / 100
2026-03-10 02:31:38,786 - BasicTS-training - INFO - Result <train>: [train/time: 109.55 (s), train/lr: 4.79e-04, train/loss: 0.4804, train/MAE: 0.4804, train/MSE: 0.6861, train/RMSE: 0.8283, train/MAPE: 2.6104, train/WAPE: 0.7952]
2026-03-10 02:31:39,772 - BasicTS-training - INFO - Start validation.
2026-03-10 02:32:08,605 - BasicTS-training - INFO - Result <val>: [val/time: 28.83 (s), val/loss: 0.4325, val/MAE: 0.4325, val/MSE: 0.4087, val/RMSE: 0.6393, val/MAPE: 2.3876, val/WAPE: 0.7191]
2026-03-10 02:32:37,777 - BasicTS-training - INFO - Result <test>: [test/time: 27.87 (s), test/loss: 0.4703, test/MAE: 0.4703, test/MSE: 0.4798, test/RMSE: 0.6927, test/MAPE: 1.9706, test/WAPE: 0.6037]
2026-03-10 02:32:40,033 - BasicTS-training - INFO - Checkpoint /mnt/users/rwl/MATS/results/main/MATS-Full-ETTh2-336/41448eeb37c4f493279852f33c87ec91/MATSArch_014.pt saved
2026-03-10 02:32:40,034 - BasicTS-training - INFO - The estimated training finish time is 2026-03-10 06:39:20
2026-03-10 02:32:40,034 - BasicTS-training - INFO - Epoch 15 / 100
2026-03-10 02:34:30,106 - BasicTS-training - INFO - Result <train>: [train/time: 110.07 (s), train/lr: 4.76e-04, train/loss: 0.4803, train/MAE: 0.4803, train/MSE: 0.6865, train/RMSE: 0.8285, train/MAPE: 2.6073, train/WAPE: 0.7956]
2026-03-10 02:34:31,175 - BasicTS-training - INFO - Start validation.
2026-03-10 02:35:00,181 - BasicTS-training - INFO - Result <val>: [val/time: 29.00 (s), val/loss: 0.4341, val/MAE: 0.4341, val/MSE: 0.4100, val/RMSE: 0.6403, val/MAPE: 2.3605, val/WAPE: 0.7221]
2026-03-10 02:35:28,902 - BasicTS-training - INFO - Result <test>: [test/time: 28.43 (s), test/loss: 0.4746, test/MAE: 0.4746, test/MSE: 0.4882, test/RMSE: 0.6987, test/MAPE: 1.9489, test/WAPE: 0.6071]
2026-03-10 02:35:31,010 - BasicTS-training - INFO - Checkpoint /mnt/users/rwl/MATS/results/main/MATS-Full-ETTh2-336/41448eeb37c4f493279852f33c87ec91/MATSArch_015.pt saved
2026-03-10 02:35:31,011 - BasicTS-training - INFO - The estimated training finish time is 2026-03-10 06:39:13
2026-03-10 02:35:31,011 - BasicTS-training - INFO - Epoch 16 / 100
2026-03-10 02:37:20,496 - BasicTS-training - INFO - Result <train>: [train/time: 109.49 (s), train/lr: 4.73e-04, train/loss: 0.4797, train/MAE: 0.4797, train/MSE: 0.6836, train/RMSE: 0.8268, train/MAPE: 2.6055, train/WAPE: 0.7948]
2026-03-10 02:37:21,438 - BasicTS-training - INFO - Start validation.
2026-03-10 02:37:50,249 - BasicTS-training - INFO - Result <val>: [val/time: 28.81 (s), val/loss: 0.4352, val/MAE: 0.4352, val/MSE: 0.4134, val/RMSE: 0.6430, val/MAPE: 2.3601, val/WAPE: 0.7229]
2026-03-10 02:38:19,291 - BasicTS-training - INFO - Result <test>: [test/time: 28.34 (s), test/loss: 0.4716, test/MAE: 0.4716, test/MSE: 0.4835, test/RMSE: 0.6953, test/MAPE: 1.9040, test/WAPE: 0.6047]
2026-03-10 02:38:21,097 - BasicTS-training - INFO - Checkpoint /mnt/users/rwl/MATS/results/main/MATS-Full-ETTh2-336/41448eeb37c4f493279852f33c87ec91/MATSArch_016.pt saved
2026-03-10 02:38:21,097 - BasicTS-training - INFO - The estimated training finish time is 2026-03-10 06:39:00
2026-03-10 02:38:21,097 - BasicTS-training - INFO - Epoch 17 / 100
2026-03-10 02:40:11,697 - BasicTS-training - INFO - Result <train>: [train/time: 110.60 (s), train/lr: 4.69e-04, train/loss: 0.4798, train/MAE: 0.4798, train/MSE: 0.6845, train/RMSE: 0.8273, train/MAPE: 2.6069, train/WAPE: 0.7951]
2026-03-10 02:40:12,715 - BasicTS-training - INFO - Start validation.
2026-03-10 02:40:41,460 - BasicTS-training - INFO - Result <val>: [val/time: 28.74 (s), val/loss: 0.4344, val/MAE: 0.4344, val/MSE: 0.4136, val/RMSE: 0.6431, val/MAPE: 2.3107, val/WAPE: 0.7199]
2026-03-10 02:41:11,309 - BasicTS-training - INFO - Result <test>: [test/time: 29.28 (s), test/loss: 0.4644, test/MAE: 0.4644, test/MSE: 0.4697, test/RMSE: 0.6853, test/MAPE: 1.8399, test/WAPE: 0.5930]
2026-03-10 02:41:13,792 - BasicTS-training - INFO - Checkpoint /mnt/users/rwl/MATS/results/main/MATS-Full-ETTh2-336/41448eeb37c4f493279852f33c87ec91/MATSArch_017.pt saved
2026-03-10 02:41:13,792 - BasicTS-training - INFO - The estimated training finish time is 2026-03-10 06:39:05
2026-03-10 02:41:13,792 - BasicTS-training - INFO - Epoch 18 / 100
2026-03-10 02:43:04,442 - BasicTS-training - INFO - Result <train>: [train/time: 110.65 (s), train/lr: 4.65e-04, train/loss: 0.4798, train/MAE: 0.4798, train/MSE: 0.6850, train/RMSE: 0.8276, train/MAPE: 2.6023, train/WAPE: 0.7944]
2026-03-10 02:43:05,920 - BasicTS-training - INFO - Start validation.
2026-03-10 02:43:35,214 - BasicTS-training - INFO - Result <val>: [val/time: 29.29 (s), val/loss: 0.4358, val/MAE: 0.4358, val/MSE: 0.4195, val/RMSE: 0.6477, val/MAPE: 2.3430, val/WAPE: 0.7198]
2026-03-10 02:44:05,743 - BasicTS-training - INFO - Result <test>: [test/time: 29.14 (s), test/loss: 0.4678, test/MAE: 0.4678, test/MSE: 0.4778, test/RMSE: 0.6913, test/MAPE: 1.8647, test/WAPE: 0.5964]
2026-03-10 02:44:08,235 - BasicTS-training - INFO - Checkpoint /mnt/users/rwl/MATS/results/main/MATS-Full-ETTh2-336/41448eeb37c4f493279852f33c87ec91/MATSArch_018.pt saved
2026-03-10 02:44:08,235 - BasicTS-training - INFO - The estimated training finish time is 2026-03-10 06:39:19
2026-03-10 02:44:08,235 - BasicTS-training - INFO - Epoch 19 / 100
2026-03-10 02:45:55,873 - BasicTS-training - INFO - Result <train>: [train/time: 107.64 (s), train/lr: 4.61e-04, train/loss: 0.4801, train/MAE: 0.4801, train/MSE: 0.6862, train/RMSE: 0.8284, train/MAPE: 2.6084, train/WAPE: 0.7946]
2026-03-10 02:45:56,995 - BasicTS-training - INFO - Start validation.
2026-03-10 02:46:25,384 - BasicTS-training - INFO - Result <val>: [val/time: 28.39 (s), val/loss: 0.4366, val/MAE: 0.4366, val/MSE: 0.4204, val/RMSE: 0.6484, val/MAPE: 2.3013, val/WAPE: 0.7206]
2026-03-10 02:46:54,054 - BasicTS-training - INFO - Result <test>: [test/time: 28.12 (s), test/loss: 0.4668, test/MAE: 0.4668, test/MSE: 0.4780, test/RMSE: 0.6914, test/MAPE: 1.7972, test/WAPE: 0.5936]
2026-03-10 02:46:55,838 - BasicTS-training - INFO - Checkpoint /mnt/users/rwl/MATS/results/main/MATS-Full-ETTh2-336/41448eeb37c4f493279852f33c87ec91/MATSArch_019.pt saved
2026-03-10 02:46:55,838 - BasicTS-training - INFO - The estimated training finish time is 2026-03-10 06:38:55
2026-03-10 02:46:55,838 - BasicTS-training - INFO - Epoch 20 / 100
2026-03-10 02:48:39,830 - BasicTS-training - INFO - Result <train>: [train/time: 103.99 (s), train/lr: 4.57e-04, train/loss: 0.4797, train/MAE: 0.4797, train/MSE: 0.6849, train/RMSE: 0.8276, train/MAPE: 2.6055, train/WAPE: 0.7944]
2026-03-10 02:48:40,949 - BasicTS-training - INFO - Start validation.
2026-03-10 02:49:08,525 - BasicTS-training - INFO - Result <val>: [val/time: 27.57 (s), val/loss: 0.4399, val/MAE: 0.4399, val/MSE: 0.4235, val/RMSE: 0.6507, val/MAPE: 2.4411, val/WAPE: 0.7304]
2026-03-10 02:49:35,955 - BasicTS-training - INFO - Result <test>: [test/time: 26.95 (s), test/loss: 0.4743, test/MAE: 0.4743, test/MSE: 0.4893, test/RMSE: 0.6995, test/MAPE: 1.8953, test/WAPE: 0.6063]
2026-03-10 02:49:37,981 - BasicTS-training - INFO - Checkpoint /mnt/users/rwl/MATS/results/main/MATS-Full-ETTh2-336/41448eeb37c4f493279852f33c87ec91/MATSArch_020.pt saved
2026-03-10 02:49:38,696 - BasicTS-training - INFO - The estimated training finish time is 2026-03-10 06:38:10
2026-03-10 02:49:38,696 - BasicTS-training - INFO - Epoch 21 / 100
2026-03-10 02:51:24,066 - BasicTS-training - INFO - Result <train>: [train/time: 105.37 (s), train/lr: 4.52e-04, train/loss: 0.4800, train/MAE: 0.4800, train/MSE: 0.6849, train/RMSE: 0.8276, train/MAPE: 2.6103, train/WAPE: 0.7950]
2026-03-10 02:51:25,238 - BasicTS-training - INFO - Start validation.
2026-03-10 02:51:53,454 - BasicTS-training - INFO - Result <val>: [val/time: 28.21 (s), val/loss: 0.4358, val/MAE: 0.4358, val/MSE: 0.4165, val/RMSE: 0.6454, val/MAPE: 2.4057, val/WAPE: 0.7230]
2026-03-10 02:52:22,284 - BasicTS-training - INFO - Result <test>: [test/time: 27.79 (s), test/loss: 0.4748, test/MAE: 0.4748, test/MSE: 0.4897, test/RMSE: 0.6998, test/MAPE: 1.9826, test/WAPE: 0.6080]
2026-03-10 02:52:23,668 - BasicTS-training - INFO - Checkpoint /mnt/users/rwl/MATS/results/main/MATS-Full-ETTh2-336/41448eeb37c4f493279852f33c87ec91/MATSArch_021.pt saved
2026-03-10 02:52:23,669 - BasicTS-training - INFO - The estimated training finish time is 2026-03-10 06:37:40
2026-03-10 02:52:23,669 - BasicTS-training - INFO - Epoch 22 / 100
2026-03-10 02:54:10,234 - BasicTS-training - INFO - Result <train>: [train/time: 106.56 (s), train/lr: 4.48e-04, train/loss: 0.4799, train/MAE: 0.4799, train/MSE: 0.6846, train/RMSE: 0.8274, train/MAPE: 2.6040, train/WAPE: 0.7945]
2026-03-10 02:54:11,272 - BasicTS-training - INFO - Start validation.
2026-03-10 02:54:39,144 - BasicTS-training - INFO - Result <val>: [val/time: 27.87 (s), val/loss: 0.4398, val/MAE: 0.4398, val/MSE: 0.4281, val/RMSE: 0.6543, val/MAPE: 2.3643, val/WAPE: 0.7247]
2026-03-10 02:55:07,842 - BasicTS-training - INFO - Result <test>: [test/time: 27.69 (s), test/loss: 0.4717, test/MAE: 0.4717, test/MSE: 0.4863, test/RMSE: 0.6974, test/MAPE: 1.8714, test/WAPE: 0.5993]
2026-03-10 02:55:09,750 - BasicTS-training - INFO - Checkpoint /mnt/users/rwl/MATS/results/main/MATS-Full-ETTh2-336/41448eeb37c4f493279852f33c87ec91/MATSArch_022.pt saved
2026-03-10 02:55:09,751 - BasicTS-training - INFO - The estimated training finish time is 2026-03-10 06:37:17
2026-03-10 02:55:09,751 - BasicTS-training - INFO - Epoch 23 / 100
2026-03-10 02:56:54,675 - BasicTS-training - INFO - Result <train>: [train/time: 104.92 (s), train/lr: 4.43e-04, train/loss: 0.4801, train/MAE: 0.4801, train/MSE: 0.6848, train/RMSE: 0.8275, train/MAPE: 2.6105, train/WAPE: 0.7950]
2026-03-10 02:56:55,869 - BasicTS-training - INFO - Start validation.
2026-03-10 02:57:23,678 - BasicTS-training - INFO - Result <val>: [val/time: 27.81 (s), val/loss: 0.4337, val/MAE: 0.4337, val/MSE: 0.4118, val/RMSE: 0.6417, val/MAPE: 2.3291, val/WAPE: 0.7198]
2026-03-10 02:57:52,698 - BasicTS-training - INFO - Result <test>: [test/time: 28.06 (s), test/loss: 0.4700, test/MAE: 0.4700, test/MSE: 0.4824, test/RMSE: 0.6945, test/MAPE: 1.8548, test/WAPE: 0.5991]
2026-03-10 02:57:54,974 - BasicTS-training - INFO - Checkpoint /mnt/users/rwl/MATS/results/main/MATS-Full-ETTh2-336/41448eeb37c4f493279852f33c87ec91/MATSArch_023.pt saved
2026-03-10 02:57:54,975 - BasicTS-training - INFO - The estimated training finish time is 2026-03-10 06:36:52
2026-03-10 02:57:54,975 - BasicTS-training - INFO - Epoch 24 / 100
2026-03-10 02:59:40,237 - BasicTS-training - INFO - Result <train>: [train/time: 105.26 (s), train/lr: 4.38e-04, train/loss: 0.4797, train/MAE: 0.4797, train/MSE: 0.6840, train/RMSE: 0.8270, train/MAPE: 2.6091, train/WAPE: 0.7949]
2026-03-10 02:59:41,491 - BasicTS-training - INFO - Start validation.
2026-03-10 03:00:09,592 - BasicTS-training - INFO - Result <val>: [val/time: 28.10 (s), val/loss: 0.4337, val/MAE: 0.4337, val/MSE: 0.4130, val/RMSE: 0.6426, val/MAPE: 2.3644, val/WAPE: 0.7182]
2026-03-10 03:00:39,093 - BasicTS-training - INFO - Result <test>: [test/time: 28.61 (s), test/loss: 0.4674, test/MAE: 0.4674, test/MSE: 0.4764, test/RMSE: 0.6902, test/MAPE: 1.8760, test/WAPE: 0.5966]
2026-03-10 03:00:40,867 - BasicTS-training - INFO - Checkpoint /mnt/users/rwl/MATS/results/main/MATS-Full-ETTh2-336/41448eeb37c4f493279852f33c87ec91/MATSArch_024.pt saved
2026-03-10 03:00:40,868 - BasicTS-training - INFO - The estimated training finish time is 2026-03-10 06:36:32
2026-03-10 03:00:40,868 - BasicTS-training - INFO - Epoch 25 / 100
2026-03-10 03:02:28,820 - BasicTS-training - INFO - Result <train>: [train/time: 107.95 (s), train/lr: 4.32e-04, train/loss: 0.4797, train/MAE: 0.4797, train/MSE: 0.6829, train/RMSE: 0.8264, train/MAPE: 2.6087, train/WAPE: 0.7948]
2026-03-10 03:02:30,098 - BasicTS-training - INFO - Start validation.
2026-03-10 03:02:58,729 - BasicTS-training - INFO - Result <val>: [val/time: 28.63 (s), val/loss: 0.4370, val/MAE: 0.4370, val/MSE: 0.4217, val/RMSE: 0.6494, val/MAPE: 2.3411, val/WAPE: 0.7224]
2026-03-10 03:03:27,901 - BasicTS-training - INFO - Result <test>: [test/time: 28.59 (s), test/loss: 0.4686, test/MAE: 0.4686, test/MSE: 0.4791, test/RMSE: 0.6922, test/MAPE: 1.8590, test/WAPE: 0.5976]
2026-03-10 03:03:29,384 - BasicTS-training - INFO - Checkpoint /mnt/users/rwl/MATS/results/main/MATS-Full-ETTh2-336/41448eeb37c4f493279852f33c87ec91/MATSArch_025.pt saved
2026-03-10 03:03:29,384 - BasicTS-training - INFO - The estimated training finish time is 2026-03-10 06:36:25
2026-03-10 03:03:29,384 - BasicTS-training - INFO - Epoch 26 / 100
2026-03-10 03:05:15,652 - BasicTS-training - INFO - Result <train>: [train/time: 106.27 (s), train/lr: 4.27e-04, train/loss: 0.4796, train/MAE: 0.4796, train/MSE: 0.6834, train/RMSE: 0.8267, train/MAPE: 2.6078, train/WAPE: 0.7947]
2026-03-10 03:05:16,398 - BasicTS-training - INFO - Start validation.
2026-03-10 03:05:44,736 - BasicTS-training - INFO - Result <val>: [val/time: 28.34 (s), val/loss: 0.4336, val/MAE: 0.4336, val/MSE: 0.4129, val/RMSE: 0.6426, val/MAPE: 2.3483, val/WAPE: 0.7183]
2026-03-10 03:06:13,891 - BasicTS-training - INFO - Result <test>: [test/time: 28.52 (s), test/loss: 0.4659, test/MAE: 0.4659, test/MSE: 0.4734, test/RMSE: 0.6880, test/MAPE: 1.8724, test/WAPE: 0.5954]
2026-03-10 03:06:16,078 - BasicTS-training - INFO - Checkpoint /mnt/users/rwl/MATS/results/main/MATS-Full-ETTh2-336/41448eeb37c4f493279852f33c87ec91/MATSArch_026.pt saved
2026-03-10 03:06:16,078 - BasicTS-training - INFO - The estimated training finish time is 2026-03-10 06:36:11
2026-03-10 03:06:16,078 - BasicTS-training - INFO - Epoch 27 / 100
2026-03-10 03:08:01,722 - BasicTS-training - INFO - Result <train>: [train/time: 105.64 (s), train/lr: 4.21e-04, train/loss: 0.4798, train/MAE: 0.4798, train/MSE: 0.6844, train/RMSE: 0.8273, train/MAPE: 2.6085, train/WAPE: 0.7949]
2026-03-10 03:08:03,089 - BasicTS-training - INFO - Start validation.
2026-03-10 03:08:30,359 - BasicTS-training - INFO - Result <val>: [val/time: 27.27 (s), val/loss: 0.4336, val/MAE: 0.4336, val/MSE: 0.4115, val/RMSE: 0.6414, val/MAPE: 2.3767, val/WAPE: 0.7196]
2026-03-10 03:08:57,881 - BasicTS-training - INFO - Result <test>: [test/time: 27.07 (s), test/loss: 0.4731, test/MAE: 0.4731, test/MSE: 0.4859, test/RMSE: 0.6971, test/MAPE: 1.9352, test/WAPE: 0.6049]
2026-03-10 03:08:59,389 - BasicTS-training - INFO - Checkpoint /mnt/users/rwl/MATS/results/main/MATS-Full-ETTh2-336/41448eeb37c4f493279852f33c87ec91/MATSArch_027.pt saved
2026-03-10 03:08:59,390 - BasicTS-training - INFO - The estimated training finish time is 2026-03-10 06:35:45
2026-03-10 03:08:59,390 - BasicTS-training - INFO - Epoch 28 / 100
2026-03-10 03:10:44,618 - BasicTS-training - INFO - Result <train>: [train/time: 105.23 (s), train/lr: 4.15e-04, train/loss: 0.4796, train/MAE: 0.4796, train/MSE: 0.6819, train/RMSE: 0.8258, train/MAPE: 2.6049, train/WAPE: 0.7941]
2026-03-10 03:10:45,880 - BasicTS-training - INFO - Start validation.
2026-03-10 03:11:13,865 - BasicTS-training - INFO - Result <val>: [val/time: 27.98 (s), val/loss: 0.4379, val/MAE: 0.4379, val/MSE: 0.4219, val/RMSE: 0.6495, val/MAPE: 2.3532, val/WAPE: 0.7240]
2026-03-10 03:11:41,754 - BasicTS-training - INFO - Result <test>: [test/time: 27.31 (s), test/loss: 0.4699, test/MAE: 0.4699, test/MSE: 0.4821, test/RMSE: 0.6943, test/MAPE: 1.8541, test/WAPE: 0.5980]
2026-03-10 03:11:43,229 - BasicTS-training - INFO - Checkpoint /mnt/users/rwl/MATS/results/main/MATS-Full-ETTh2-336/41448eeb37c4f493279852f33c87ec91/MATSArch_028.pt saved
2026-03-10 03:11:43,229 - BasicTS-training - INFO - The estimated training finish time is 2026-03-10 06:35:23
2026-03-10 03:11:43,229 - BasicTS-training - INFO - Epoch 29 / 100
2026-03-10 03:13:29,410 - BasicTS-training - INFO - Result <train>: [train/time: 106.18 (s), train/lr: 4.09e-04, train/loss: 0.4795, train/MAE: 0.4795, train/MSE: 0.6839, train/RMSE: 0.8270, train/MAPE: 2.6127, train/WAPE: 0.7951]
2026-03-10 03:13:30,668 - BasicTS-training - INFO - Start validation.
2026-03-10 03:13:58,096 - BasicTS-training - INFO - Result <val>: [val/time: 27.43 (s), val/loss: 0.4350, val/MAE: 0.4350, val/MSE: 0.4138, val/RMSE: 0.6433, val/MAPE: 2.3838, val/WAPE: 0.7225]
2026-03-10 03:14:26,498 - BasicTS-training - INFO - Result <test>: [test/time: 27.87 (s), test/loss: 0.4724, test/MAE: 0.4724, test/MSE: 0.4874, test/RMSE: 0.6981, test/MAPE: 1.8614, test/WAPE: 0.6017]
2026-03-10 03:14:28,328 - BasicTS-training - INFO - Checkpoint /mnt/users/rwl/MATS/results/main/MATS-Full-ETTh2-336/41448eeb37c4f493279852f33c87ec91/MATSArch_029.pt saved
2026-03-10 03:14:28,329 - BasicTS-training - INFO - The estimated training finish time is 2026-03-10 06:35:07
2026-03-10 03:14:28,329 - BasicTS-training - INFO - Epoch 30 / 100
2026-03-10 03:16:13,602 - BasicTS-training - INFO - Result <train>: [train/time: 105.27 (s), train/lr: 4.03e-04, train/loss: 0.4797, train/MAE: 0.4797, train/MSE: 0.6837, train/RMSE: 0.8269, train/MAPE: 2.6080, train/WAPE: 0.7946]
2026-03-10 03:16:14,538 - BasicTS-training - INFO - Start validation.
2026-03-10 03:16:42,335 - BasicTS-training - INFO - Result <val>: [val/time: 27.80 (s), val/loss: 0.4381, val/MAE: 0.4381, val/MSE: 0.4229, val/RMSE: 0.6503, val/MAPE: 2.3331, val/WAPE: 0.7234]
2026-03-10 03:17:11,191 - BasicTS-training - INFO - Result <test>: [test/time: 28.32 (s), test/loss: 0.4673, test/MAE: 0.4673, test/MSE: 0.4796, test/RMSE: 0.6925, test/MAPE: 1.7631, test/WAPE: 0.5928]
2026-03-10 03:17:12,590 - BasicTS-training - INFO - Checkpoint /mnt/users/rwl/MATS/results/main/MATS-Full-ETTh2-336/41448eeb37c4f493279852f33c87ec91/MATSArch_030.pt saved
2026-03-10 03:17:13,413 - BasicTS-training - INFO - The estimated training finish time is 2026-03-10 06:34:52
2026-03-10 03:17:13,413 - BasicTS-training - INFO - Epoch 31 / 100
2026-03-10 03:18:59,640 - BasicTS-training - INFO - Result <train>: [train/time: 106.23 (s), train/lr: 3.97e-04, train/loss: 0.4797, train/MAE: 0.4797, train/MSE: 0.6833, train/RMSE: 0.8266, train/MAPE: 2.6064, train/WAPE: 0.7944]
2026-03-10 03:19:00,565 - BasicTS-training - INFO - Start validation.
2026-03-10 03:19:28,731 - BasicTS-training - INFO - Result <val>: [val/time: 28.16 (s), val/loss: 0.4346, val/MAE: 0.4346, val/MSE: 0.4162, val/RMSE: 0.6452, val/MAPE: 2.3421, val/WAPE: 0.7186]
2026-03-10 03:19:57,927 - BasicTS-training - INFO - Result <test>: [test/time: 28.45 (s), test/loss: 0.4692, test/MAE: 0.4692, test/MSE: 0.4802, test/RMSE: 0.6930, test/MAPE: 1.8854, test/WAPE: 0.5990]
2026-03-10 03:19:59,806 - BasicTS-training - INFO - Checkpoint /mnt/users/rwl/MATS/results/main/MATS-Full-ETTh2-336/41448eeb37c4f493279852f33c87ec91/MATSArch_031.pt saved
2026-03-10 03:19:59,807 - BasicTS-training - INFO - The estimated training finish time is 2026-03-10 06:34:43
2026-03-10 03:19:59,807 - BasicTS-training - INFO - Epoch 32 / 100
2026-03-10 03:21:47,913 - BasicTS-training - INFO - Result <train>: [train/time: 108.11 (s), train/lr: 3.91e-04, train/loss: 0.4795, train/MAE: 0.4795, train/MSE: 0.6835, train/RMSE: 0.8267, train/MAPE: 2.6075, train/WAPE: 0.7945]
2026-03-10 03:21:48,753 - BasicTS-training - INFO - Start validation.
2026-03-10 03:22:16,798 - BasicTS-training - INFO - Result <val>: [val/time: 28.04 (s), val/loss: 0.4398, val/MAE: 0.4398, val/MSE: 0.4251, val/RMSE: 0.6520, val/MAPE: 2.3966, val/WAPE: 0.7273]
2026-03-10 03:22:46,241 - BasicTS-training - INFO - Result <test>: [test/time: 28.71 (s), test/loss: 0.4789, test/MAE: 0.4789, test/MSE: 0.4994, test/RMSE: 0.7067, test/MAPE: 1.9453, test/WAPE: 0.6093]
2026-03-10 03:22:48,396 - BasicTS-training - INFO - Checkpoint /mnt/users/rwl/MATS/results/main/MATS-Full-ETTh2-336/41448eeb37c4f493279852f33c87ec91/MATSArch_032.pt saved
2026-03-10 03:22:48,397 - BasicTS-training - INFO - The estimated training finish time is 2026-03-10 06:34:40
2026-03-10 03:22:48,397 - BasicTS-training - INFO - Epoch 33 / 100
2026-03-10 03:24:33,791 - BasicTS-training - INFO - Result <train>: [train/time: 105.39 (s), train/lr: 3.84e-04, train/loss: 0.4795, train/MAE: 0.4795, train/MSE: 0.6826, train/RMSE: 0.8262, train/MAPE: 2.6090, train/WAPE: 0.7944]
2026-03-10 03:24:34,771 - BasicTS-training - INFO - Start validation.
2026-03-10 03:25:02,968 - BasicTS-training - INFO - Result <val>: [val/time: 28.20 (s), val/loss: 0.4356, val/MAE: 0.4356, val/MSE: 0.4146, val/RMSE: 0.6439, val/MAPE: 2.3865, val/WAPE: 0.7235]
2026-03-10 03:25:31,550 - BasicTS-training - INFO - Result <test>: [test/time: 28.05 (s), test/loss: 0.4700, test/MAE: 0.4700, test/MSE: 0.4808, test/RMSE: 0.6934, test/MAPE: 1.8710, test/WAPE: 0.6008]
2026-03-10 03:25:33,411 - BasicTS-training - INFO - Checkpoint /mnt/users/rwl/MATS/results/main/MATS-Full-ETTh2-336/41448eeb37c4f493279852f33c87ec91/MATSArch_033.pt saved
2026-03-10 03:25:33,412 - BasicTS-training - INFO - The estimated training finish time is 2026-03-10 06:34:27
2026-03-10 03:25:33,412 - BasicTS-training - INFO - Epoch 34 / 100
2026-03-10 03:27:19,172 - BasicTS-training - INFO - Result <train>: [train/time: 105.76 (s), train/lr: 3.77e-04, train/loss: 0.4797, train/MAE: 0.4797, train/MSE: 0.6837, train/RMSE: 0.8268, train/MAPE: 2.6086, train/WAPE: 0.7948]
2026-03-10 03:27:20,052 - BasicTS-training - INFO - Start validation.
2026-03-10 03:27:47,925 - BasicTS-training - INFO - Result <val>: [val/time: 27.87 (s), val/loss: 0.4392, val/MAE: 0.4392, val/MSE: 0.4256, val/RMSE: 0.6524, val/MAPE: 2.3269, val/WAPE: 0.7257]
2026-03-10 03:28:15,974 - BasicTS-training - INFO - Result <test>: [test/time: 27.49 (s), test/loss: 0.4680, test/MAE: 0.4680, test/MSE: 0.4771, test/RMSE: 0.6907, test/MAPE: 1.8503, test/WAPE: 0.5963]
2026-03-10 03:28:17,423 - BasicTS-training - INFO - Checkpoint /mnt/users/rwl/MATS/results/main/MATS-Full-ETTh2-336/41448eeb37c4f493279852f33c87ec91/MATSArch_034.pt saved
2026-03-10 03:28:17,425 - BasicTS-training - INFO - The estimated training finish time is 2026-03-10 06:34:12
2026-03-10 03:28:17,425 - BasicTS-training - INFO - Epoch 35 / 100
2026-03-10 03:30:03,647 - BasicTS-training - INFO - Result <train>: [train/time: 106.22 (s), train/lr: 3.70e-04, train/loss: 0.4795, train/MAE: 0.4795, train/MSE: 0.6835, train/RMSE: 0.8267, train/MAPE: 2.6052, train/WAPE: 0.7938]
2026-03-10 03:30:04,944 - BasicTS-training - INFO - Start validation.
2026-03-10 03:30:33,389 - BasicTS-training - INFO - Result <val>: [val/time: 28.44 (s), val/loss: 0.4387, val/MAE: 0.4387, val/MSE: 0.4240, val/RMSE: 0.6511, val/MAPE: 2.3659, val/WAPE: 0.7243]
2026-03-10 03:31:01,250 - BasicTS-training - INFO - Result <test>: [test/time: 27.16 (s), test/loss: 0.4770, test/MAE: 0.4770, test/MSE: 0.4971, test/RMSE: 0.7051, test/MAPE: 1.9142, test/WAPE: 0.6059]
2026-03-10 03:31:02,547 - BasicTS-training - INFO - Checkpoint /mnt/users/rwl/MATS/results/main/MATS-Full-ETTh2-336/41448eeb37c4f493279852f33c87ec91/MATSArch_035.pt saved
2026-03-10 03:31:02,548 - BasicTS-training - INFO - The estimated training finish time is 2026-03-10 06:34:01
2026-03-10 03:31:02,548 - BasicTS-training - INFO - Epoch 36 / 100
2026-03-10 03:32:48,054 - BasicTS-training - INFO - Result <train>: [train/time: 105.51 (s), train/lr: 3.63e-04, train/loss: 0.4793, train/MAE: 0.4793, train/MSE: 0.6827, train/RMSE: 0.8262, train/MAPE: 2.6053, train/WAPE: 0.7944]
2026-03-10 03:32:48,907 - BasicTS-training - INFO - Start validation.
2026-03-10 03:33:17,205 - BasicTS-training - INFO - Result <val>: [val/time: 28.30 (s), val/loss: 0.4346, val/MAE: 0.4346, val/MSE: 0.4151, val/RMSE: 0.6443, val/MAPE: 2.3164, val/WAPE: 0.7193]
2026-03-10 03:33:46,096 - BasicTS-training - INFO - Result <test>: [test/time: 27.68 (s), test/loss: 0.4651, test/MAE: 0.4651, test/MSE: 0.4728, test/RMSE: 0.6876, test/MAPE: 1.7999, test/WAPE: 0.5922]
2026-03-10 03:33:47,558 - BasicTS-training - INFO - Checkpoint /mnt/users/rwl/MATS/results/main/MATS-Full-ETTh2-336/41448eeb37c4f493279852f33c87ec91/MATSArch_036.pt saved
2026-03-10 03:33:47,558 - BasicTS-training - INFO - The estimated training finish time is 2026-03-10 06:33:50
2026-03-10 03:33:47,558 - BasicTS-training - INFO - Epoch 37 / 100
2026-03-10 03:35:31,144 - BasicTS-training - INFO - Result <train>: [train/time: 103.59 (s), train/lr: 3.56e-04, train/loss: 0.4795, train/MAE: 0.4795, train/MSE: 0.6847, train/RMSE: 0.8275, train/MAPE: 2.6066, train/WAPE: 0.7942]
2026-03-10 03:35:32,457 - BasicTS-training - INFO - Start validation.
2026-03-10 03:36:00,564 - BasicTS-training - INFO - Result <val>: [val/time: 28.11 (s), val/loss: 0.4348, val/MAE: 0.4348, val/MSE: 0.4154, val/RMSE: 0.6445, val/MAPE: 2.3635, val/WAPE: 0.7201]
2026-03-10 03:36:28,805 - BasicTS-training - INFO - Result <test>: [test/time: 27.68 (s), test/loss: 0.4701, test/MAE: 0.4701, test/MSE: 0.4823, test/RMSE: 0.6945, test/MAPE: 1.8674, test/WAPE: 0.5990]
2026-03-10 03:36:31,058 - BasicTS-training - INFO - Checkpoint /mnt/users/rwl/MATS/results/main/MATS-Full-ETTh2-336/41448eeb37c4f493279852f33c87ec91/MATSArch_037.pt saved
2026-03-10 03:36:31,059 - BasicTS-training - INFO - The estimated training finish time is 2026-03-10 06:33:36
2026-03-10 03:36:31,059 - BasicTS-training - INFO - Epoch 38 / 100
2026-03-10 03:38:17,406 - BasicTS-training - INFO - Result <train>: [train/time: 106.35 (s), train/lr: 3.49e-04, train/loss: 0.4795, train/MAE: 0.4795, train/MSE: 0.6825, train/RMSE: 0.8261, train/MAPE: 2.6102, train/WAPE: 0.7946]
2026-03-10 03:38:19,011 - BasicTS-training - INFO - Start validation.
2026-03-10 03:38:47,317 - BasicTS-training - INFO - Result <val>: [val/time: 28.30 (s), val/loss: 0.4354, val/MAE: 0.4354, val/MSE: 0.4170, val/RMSE: 0.6457, val/MAPE: 2.3782, val/WAPE: 0.7215]
2026-03-10 03:39:17,044 - BasicTS-training - INFO - Result <test>: [test/time: 28.62 (s), test/loss: 0.4707, test/MAE: 0.4707, test/MSE: 0.4823, test/RMSE: 0.6945, test/MAPE: 1.9100, test/WAPE: 0.6008]
2026-03-10 03:39:19,344 - BasicTS-training - INFO - Checkpoint /mnt/users/rwl/MATS/results/main/MATS-Full-ETTh2-336/41448eeb37c4f493279852f33c87ec91/MATSArch_038.pt saved
2026-03-10 03:39:19,345 - BasicTS-training - INFO - The estimated training finish time is 2026-03-10 06:33:35
2026-03-10 03:39:19,345 - BasicTS-training - INFO - Epoch 39 / 100
2026-03-10 03:41:05,372 - BasicTS-training - INFO - Result <train>: [train/time: 106.03 (s), train/lr: 3.42e-04, train/loss: 0.4796, train/MAE: 0.4796, train/MSE: 0.6830, train/RMSE: 0.8264, train/MAPE: 2.6090, train/WAPE: 0.7945]
2026-03-10 03:41:06,382 - BasicTS-training - INFO - Start validation.
2026-03-10 03:41:35,082 - BasicTS-training - INFO - Result <val>: [val/time: 28.70 (s), val/loss: 0.4392, val/MAE: 0.4392, val/MSE: 0.4264, val/RMSE: 0.6530, val/MAPE: 2.3587, val/WAPE: 0.7245]
2026-03-10 03:42:04,403 - BasicTS-training - INFO - Result <test>: [test/time: 28.77 (s), test/loss: 0.4725, test/MAE: 0.4725, test/MSE: 0.4883, test/RMSE: 0.6988, test/MAPE: 1.8693, test/WAPE: 0.6003]
2026-03-10 03:42:06,348 - BasicTS-training - INFO - Checkpoint /mnt/users/rwl/MATS/results/main/MATS-Full-ETTh2-336/41448eeb37c4f493279852f33c87ec91/MATSArch_039.pt saved
2026-03-10 03:42:06,349 - BasicTS-training - INFO - The estimated training finish time is 2026-03-10 06:33:30
2026-03-10 03:42:06,349 - BasicTS-training - INFO - Epoch 40 / 100
2026-03-10 03:43:54,041 - BasicTS-training - INFO - Result <train>: [train/time: 107.69 (s), train/lr: 3.35e-04, train/loss: 0.4794, train/MAE: 0.4794, train/MSE: 0.6834, train/RMSE: 0.8267, train/MAPE: 2.6091, train/WAPE: 0.7939]
2026-03-10 03:43:55,777 - BasicTS-training - INFO - Start validation.
2026-03-10 03:44:23,233 - BasicTS-training - INFO - Result <val>: [val/time: 27.45 (s), val/loss: 0.4340, val/MAE: 0.4340, val/MSE: 0.4127, val/RMSE: 0.6424, val/MAPE: 2.3414, val/WAPE: 0.7203]
2026-03-10 03:44:52,136 - BasicTS-training - INFO - Result <test>: [test/time: 28.21 (s), test/loss: 0.4713, test/MAE: 0.4713, test/MSE: 0.4830, test/RMSE: 0.6950, test/MAPE: 1.9194, test/WAPE: 0.6025]
2026-03-10 03:44:54,104 - BasicTS-training - INFO - Checkpoint /mnt/users/rwl/MATS/results/main/MATS-Full-ETTh2-336/41448eeb37c4f493279852f33c87ec91/MATSArch_040.pt saved
2026-03-10 03:44:54,842 - BasicTS-training - INFO - The estimated training finish time is 2026-03-10 06:33:30
2026-03-10 03:44:54,842 - BasicTS-training - INFO - Epoch 41 / 100
2026-03-10 03:46:39,439 - BasicTS-training - INFO - Result <train>: [train/time: 104.60 (s), train/lr: 3.27e-04, train/loss: 0.4793, train/MAE: 0.4793, train/MSE: 0.6826, train/RMSE: 0.8262, train/MAPE: 2.6088, train/WAPE: 0.7945]
2026-03-10 03:46:40,492 - BasicTS-training - INFO - Start validation.
2026-03-10 03:47:08,279 - BasicTS-training - INFO - Result <val>: [val/time: 27.79 (s), val/loss: 0.4343, val/MAE: 0.4343, val/MSE: 0.4150, val/RMSE: 0.6442, val/MAPE: 2.3209, val/WAPE: 0.7186]
2026-03-10 03:47:36,977 - BasicTS-training - INFO - Result <test>: [test/time: 27.83 (s), test/loss: 0.4687, test/MAE: 0.4687, test/MSE: 0.4797, test/RMSE: 0.6926, test/MAPE: 1.8709, test/WAPE: 0.5979]
2026-03-10 03:47:38,836 - BasicTS-training - INFO - Checkpoint /mnt/users/rwl/MATS/results/main/MATS-Full-ETTh2-336/41448eeb37c4f493279852f33c87ec91/MATSArch_041.pt saved
2026-03-10 03:47:38,836 - BasicTS-training - INFO - The estimated training finish time is 2026-03-10 06:33:19
2026-03-10 03:47:38,836 - BasicTS-training - INFO - Epoch 42 / 100
2026-03-10 03:49:22,976 - BasicTS-training - INFO - Result <train>: [train/time: 104.14 (s), train/lr: 3.20e-04, train/loss: 0.4792, train/MAE: 0.4792, train/MSE: 0.6834, train/RMSE: 0.8267, train/MAPE: 2.6070, train/WAPE: 0.7938]
2026-03-10 03:49:24,323 - BasicTS-training - INFO - Start validation.
2026-03-10 03:49:52,221 - BasicTS-training - INFO - Result <val>: [val/time: 27.90 (s), val/loss: 0.4372, val/MAE: 0.4372, val/MSE: 0.4223, val/RMSE: 0.6498, val/MAPE: 2.3476, val/WAPE: 0.7216]
2026-03-10 03:50:21,513 - BasicTS-training - INFO - Result <test>: [test/time: 28.24 (s), test/loss: 0.4723, test/MAE: 0.4723, test/MSE: 0.4875, test/RMSE: 0.6982, test/MAPE: 1.8922, test/WAPE: 0.6015]
2026-03-10 03:50:23,190 - BasicTS-training - INFO - Checkpoint /mnt/users/rwl/MATS/results/main/MATS-Full-ETTh2-336/41448eeb37c4f493279852f33c87ec91/MATSArch_042.pt saved
2026-03-10 03:50:23,190 - BasicTS-training - INFO - The estimated training finish time is 2026-03-10 06:33:09
2026-03-10 03:50:23,190 - BasicTS-training - INFO - Epoch 43 / 100
2026-03-10 03:52:09,070 - BasicTS-training - INFO - Result <train>: [train/time: 105.88 (s), train/lr: 3.12e-04, train/loss: 0.4793, train/MAE: 0.4793, train/MSE: 0.6834, train/RMSE: 0.8267, train/MAPE: 2.6072, train/WAPE: 0.7942]
2026-03-10 03:52:10,198 - BasicTS-training - INFO - Start validation.
2026-03-10 03:52:38,220 - BasicTS-training - INFO - Result <val>: [val/time: 28.02 (s), val/loss: 0.4356, val/MAE: 0.4356, val/MSE: 0.4154, val/RMSE: 0.6445, val/MAPE: 2.3991, val/WAPE: 0.7222]
2026-03-10 03:53:07,246 - BasicTS-training - INFO - Result <test>: [test/time: 28.22 (s), test/loss: 0.4765, test/MAE: 0.4765, test/MSE: 0.4945, test/RMSE: 0.7032, test/MAPE: 1.9665, test/WAPE: 0.6096]
2026-03-10 03:53:09,216 - BasicTS-training - INFO - Checkpoint /mnt/users/rwl/MATS/results/main/MATS-Full-ETTh2-336/41448eeb37c4f493279852f33c87ec91/MATSArch_043.pt saved
2026-03-10 03:53:09,216 - BasicTS-training - INFO - The estimated training finish time is 2026-03-10 06:33:04
2026-03-10 03:53:09,216 - BasicTS-training - INFO - Epoch 44 / 100
2026-03-10 03:54:53,638 - BasicTS-training - INFO - Result <train>: [train/time: 104.42 (s), train/lr: 3.05e-04, train/loss: 0.4795, train/MAE: 0.4795, train/MSE: 0.6831, train/RMSE: 0.8265, train/MAPE: 2.6039, train/WAPE: 0.7941]
2026-03-10 03:54:54,618 - BasicTS-training - INFO - Start validation.
2026-03-10 03:55:22,554 - BasicTS-training - INFO - Result <val>: [val/time: 27.93 (s), val/loss: 0.4344, val/MAE: 0.4344, val/MSE: 0.4127, val/RMSE: 0.6425, val/MAPE: 2.3635, val/WAPE: 0.7203]
2026-03-10 03:55:51,961 - BasicTS-training - INFO - Result <test>: [test/time: 28.31 (s), test/loss: 0.4754, test/MAE: 0.4754, test/MSE: 0.4925, test/RMSE: 0.7018, test/MAPE: 1.9334, test/WAPE: 0.6065]
2026-03-10 03:55:54,219 - BasicTS-training - INFO - Checkpoint /mnt/users/rwl/MATS/results/main/MATS-Full-ETTh2-336/41448eeb37c4f493279852f33c87ec91/MATSArch_044.pt saved
2026-03-10 03:55:54,219 - BasicTS-training - INFO - The estimated training finish time is 2026-03-10 06:32:56
2026-03-10 03:55:54,219 - BasicTS-training - INFO - Epoch 45 / 100
2026-03-10 03:57:39,723 - BasicTS-training - INFO - Result <train>: [train/time: 105.50 (s), train/lr: 2.97e-04, train/loss: 0.4794, train/MAE: 0.4794, train/MSE: 0.6834, train/RMSE: 0.8267, train/MAPE: 2.6094, train/WAPE: 0.7944]
2026-03-10 03:57:40,652 - BasicTS-training - INFO - Start validation.
2026-03-10 03:58:08,650 - BasicTS-training - INFO - Result <val>: [val/time: 28.00 (s), val/loss: 0.4344, val/MAE: 0.4344, val/MSE: 0.4162, val/RMSE: 0.6451, val/MAPE: 2.3721, val/WAPE: 0.7185]
2026-03-10 03:58:37,918 - BasicTS-training - INFO - Result <test>: [test/time: 28.38 (s), test/loss: 0.4677, test/MAE: 0.4677, test/MSE: 0.4771, test/RMSE: 0.6907, test/MAPE: 1.8893, test/WAPE: 0.5973]
2026-03-10 03:58:39,493 - BasicTS-training - INFO - Checkpoint /mnt/users/rwl/MATS/results/main/MATS-Full-ETTh2-336/41448eeb37c4f493279852f33c87ec91/MATSArch_045.pt saved
2026-03-10 03:58:39,493 - BasicTS-training - INFO - The estimated training finish time is 2026-03-10 06:32:49
2026-03-10 03:58:39,493 - BasicTS-training - INFO - Epoch 46 / 100
2026-03-10 04:00:25,286 - BasicTS-training - INFO - Result <train>: [train/time: 105.79 (s), train/lr: 2.89e-04, train/loss: 0.4792, train/MAE: 0.4792, train/MSE: 0.6838, train/RMSE: 0.8269, train/MAPE: 2.6062, train/WAPE: 0.7935]
2026-03-10 04:00:26,579 - BasicTS-training - INFO - Start validation.
2026-03-10 04:00:55,133 - BasicTS-training - INFO - Result <val>: [val/time: 28.55 (s), val/loss: 0.4355, val/MAE: 0.4355, val/MSE: 0.4179, val/RMSE: 0.6465, val/MAPE: 2.3443, val/WAPE: 0.7198]
2026-03-10 04:01:23,991 - BasicTS-training - INFO - Result <test>: [test/time: 28.28 (s), test/loss: 0.4713, test/MAE: 0.4713, test/MSE: 0.4837, test/RMSE: 0.6955, test/MAPE: 1.9094, test/WAPE: 0.6019]
2026-03-10 04:01:25,997 - BasicTS-training - INFO - Checkpoint /mnt/users/rwl/MATS/results/main/MATS-Full-ETTh2-336/41448eeb37c4f493279852f33c87ec91/MATSArch_046.pt saved
2026-03-10 04:01:25,998 - BasicTS-training - INFO - The estimated training finish time is 2026-03-10 06:32:46
2026-03-10 04:01:25,998 - BasicTS-training - INFO - Epoch 47 / 100
2026-03-10 04:03:12,572 - BasicTS-training - INFO - Result <train>: [train/time: 106.57 (s), train/lr: 2.81e-04, train/loss: 0.4791, train/MAE: 0.4791, train/MSE: 0.6833, train/RMSE: 0.8266, train/MAPE: 2.6069, train/WAPE: 0.7937]
2026-03-10 04:03:13,455 - BasicTS-training - INFO - Start validation.
2026-03-10 04:03:41,879 - BasicTS-training - INFO - Result <val>: [val/time: 28.42 (s), val/loss: 0.4373, val/MAE: 0.4373, val/MSE: 0.4213, val/RMSE: 0.6491, val/MAPE: 2.4035, val/WAPE: 0.7229]
2026-03-10 04:04:10,706 - BasicTS-training - INFO - Result <test>: [test/time: 28.27 (s), test/loss: 0.4713, test/MAE: 0.4713, test/MSE: 0.4847, test/RMSE: 0.6962, test/MAPE: 1.8893, test/WAPE: 0.6007]
2026-03-10 04:04:12,646 - BasicTS-training - INFO - Checkpoint /mnt/users/rwl/MATS/results/main/MATS-Full-ETTh2-336/41448eeb37c4f493279852f33c87ec91/MATSArch_047.pt saved
2026-03-10 04:04:12,646 - BasicTS-training - INFO - The estimated training finish time is 2026-03-10 06:32:42
2026-03-10 04:04:12,646 - BasicTS-training - INFO - Epoch 48 / 100
2026-03-10 04:05:57,312 - BasicTS-training - INFO - Result <train>: [train/time: 104.67 (s), train/lr: 2.74e-04, train/loss: 0.4789, train/MAE: 0.4789, train/MSE: 0.6800, train/RMSE: 0.8246, train/MAPE: 2.6102, train/WAPE: 0.7940]
2026-03-10 04:05:58,826 - BasicTS-training - INFO - Start validation.
2026-03-10 04:06:26,912 - BasicTS-training - INFO - Result <val>: [val/time: 28.09 (s), val/loss: 0.4328, val/MAE: 0.4328, val/MSE: 0.4101, val/RMSE: 0.6404, val/MAPE: 2.3577, val/WAPE: 0.7186]
2026-03-10 04:06:54,848 - BasicTS-training - INFO - Result <test>: [test/time: 27.34 (s), test/loss: 0.4726, test/MAE: 0.4726, test/MSE: 0.4857, test/RMSE: 0.6969, test/MAPE: 1.9458, test/WAPE: 0.6037]
2026-03-10 04:06:56,678 - BasicTS-training - INFO - Checkpoint /mnt/users/rwl/MATS/results/main/MATS-Full-ETTh2-336/41448eeb37c4f493279852f33c87ec91/MATSArch_048.pt saved
2026-03-10 04:06:56,679 - BasicTS-training - INFO - The estimated training finish time is 2026-03-10 06:32:34
2026-03-10 04:06:56,679 - BasicTS-training - INFO - Epoch 49 / 100
2026-03-10 04:08:41,264 - BasicTS-training - INFO - Result <train>: [train/time: 104.59 (s), train/lr: 2.66e-04, train/loss: 0.4792, train/MAE: 0.4792, train/MSE: 0.6817, train/RMSE: 0.8257, train/MAPE: 2.6096, train/WAPE: 0.7940]
2026-03-10 04:08:42,461 - BasicTS-training - INFO - Start validation.
2026-03-10 04:09:10,707 - BasicTS-training - INFO - Result <val>: [val/time: 28.24 (s), val/loss: 0.4343, val/MAE: 0.4343, val/MSE: 0.4122, val/RMSE: 0.6421, val/MAPE: 2.4219, val/WAPE: 0.7217]
2026-03-10 04:09:39,691 - BasicTS-training - INFO - Result <test>: [test/time: 28.02 (s), test/loss: 0.4717, test/MAE: 0.4717, test/MSE: 0.4845, test/RMSE: 0.6961, test/MAPE: 1.9210, test/WAPE: 0.6033]
2026-03-10 04:09:41,392 - BasicTS-training - INFO - Checkpoint /mnt/users/rwl/MATS/results/main/MATS-Full-ETTh2-336/41448eeb37c4f493279852f33c87ec91/MATSArch_049.pt saved
2026-03-10 04:09:41,392 - BasicTS-training - INFO - The estimated training finish time is 2026-03-10 06:32:27
2026-03-10 04:09:41,392 - BasicTS-training - INFO - Epoch 50 / 100
2026-03-10 04:11:26,730 - BasicTS-training - INFO - Result <train>: [train/time: 105.34 (s), train/lr: 2.58e-04, train/loss: 0.4792, train/MAE: 0.4792, train/MSE: 0.6826, train/RMSE: 0.8262, train/MAPE: 2.6093, train/WAPE: 0.7940]
2026-03-10 04:11:27,782 - BasicTS-training - INFO - Start validation.
2026-03-10 04:11:55,607 - BasicTS-training - INFO - Result <val>: [val/time: 27.82 (s), val/loss: 0.4378, val/MAE: 0.4378, val/MSE: 0.4231, val/RMSE: 0.6504, val/MAPE: 2.3446, val/WAPE: 0.7231]
2026-03-10 04:12:25,166 - BasicTS-training - INFO - Result <test>: [test/time: 28.42 (s), test/loss: 0.4684, test/MAE: 0.4684, test/MSE: 0.4808, test/RMSE: 0.6934, test/MAPE: 1.8128, test/WAPE: 0.5956]
2026-03-10 04:12:27,033 - BasicTS-training - INFO - Checkpoint /mnt/users/rwl/MATS/results/main/MATS-Full-ETTh2-336/41448eeb37c4f493279852f33c87ec91/MATSArch_050.pt saved
2026-03-10 04:12:27,900 - BasicTS-training - INFO - The estimated training finish time is 2026-03-10 06:32:24
2026-03-10 04:12:27,900 - BasicTS-training - INFO - Epoch 51 / 100
2026-03-10 04:14:12,816 - BasicTS-training - INFO - Result <train>: [train/time: 104.92 (s), train/lr: 2.50e-04, train/loss: 0.4791, train/MAE: 0.4791, train/MSE: 0.6818, train/RMSE: 0.8257, train/MAPE: 2.6096, train/WAPE: 0.7936]
2026-03-10 04:14:13,919 - BasicTS-training - INFO - Start validation.
2026-03-10 04:14:41,747 - BasicTS-training - INFO - Result <val>: [val/time: 27.83 (s), val/loss: 0.4355, val/MAE: 0.4355, val/MSE: 0.4190, val/RMSE: 0.6473, val/MAPE: 2.3500, val/WAPE: 0.7193]
2026-03-10 04:15:10,381 - BasicTS-training - INFO - Result <test>: [test/time: 27.91 (s), test/loss: 0.4702, test/MAE: 0.4702, test/MSE: 0.4817, test/RMSE: 0.6941, test/MAPE: 1.8931, test/WAPE: 0.5993]
2026-03-10 04:15:12,104 - BasicTS-training - INFO - Checkpoint /mnt/users/rwl/MATS/results/main/MATS-Full-ETTh2-336/41448eeb37c4f493279852f33c87ec91/MATSArch_051.pt saved
2026-03-10 04:15:12,105 - BasicTS-training - INFO - The estimated training finish time is 2026-03-10 06:32:17
2026-03-10 04:15:12,105 - BasicTS-training - INFO - Epoch 52 / 100
2026-03-10 04:16:58,068 - BasicTS-training - INFO - Result <train>: [train/time: 105.96 (s), train/lr: 2.42e-04, train/loss: 0.4789, train/MAE: 0.4789, train/MSE: 0.6826, train/RMSE: 0.8262, train/MAPE: 2.6093, train/WAPE: 0.7935]
2026-03-10 04:16:59,178 - BasicTS-training - INFO - Start validation.
2026-03-10 04:17:27,426 - BasicTS-training - INFO - Result <val>: [val/time: 28.25 (s), val/loss: 0.4350, val/MAE: 0.4350, val/MSE: 0.4150, val/RMSE: 0.6442, val/MAPE: 2.3427, val/WAPE: 0.7222]
2026-03-10 04:17:55,970 - BasicTS-training - INFO - Result <test>: [test/time: 27.74 (s), test/loss: 0.4706, test/MAE: 0.4706, test/MSE: 0.4813, test/RMSE: 0.6937, test/MAPE: 1.9072, test/WAPE: 0.6017]
2026-03-10 04:17:57,974 - BasicTS-training - INFO - Checkpoint /mnt/users/rwl/MATS/results/main/MATS-Full-ETTh2-336/41448eeb37c4f493279852f33c87ec91/MATSArch_052.pt saved
2026-03-10 04:17:57,975 - BasicTS-training - INFO - The estimated training finish time is 2026-03-10 06:32:13
2026-03-10 04:17:57,975 - BasicTS-training - INFO - Epoch 53 / 100
2026-03-10 04:19:43,808 - BasicTS-training - INFO - Result <train>: [train/time: 105.83 (s), train/lr: 2.34e-04, train/loss: 0.4792, train/MAE: 0.4792, train/MSE: 0.6812, train/RMSE: 0.8253, train/MAPE: 2.6063, train/WAPE: 0.7940]
2026-03-10 04:19:45,122 - BasicTS-training - INFO - Start validation.
2026-03-10 04:20:13,504 - BasicTS-training - INFO - Result <val>: [val/time: 28.38 (s), val/loss: 0.4345, val/MAE: 0.4345, val/MSE: 0.4139, val/RMSE: 0.6434, val/MAPE: 2.3949, val/WAPE: 0.7210]
2026-03-10 04:20:42,636 - BasicTS-training - INFO - Result <test>: [test/time: 28.32 (s), test/loss: 0.4704, test/MAE: 0.4704, test/MSE: 0.4817, test/RMSE: 0.6941, test/MAPE: 1.9009, test/WAPE: 0.6004]
2026-03-10 04:20:44,820 - BasicTS-training - INFO - Checkpoint /mnt/users/rwl/MATS/results/main/MATS-Full-ETTh2-336/41448eeb37c4f493279852f33c87ec91/MATSArch_053.pt saved
2026-03-10 04:20:44,821 - BasicTS-training - INFO - The estimated training finish time is 2026-03-10 06:32:11
2026-03-10 04:20:44,821 - BasicTS-training - INFO - Epoch 54 / 100
2026-03-10 04:22:32,315 - BasicTS-training - INFO - Result <train>: [train/time: 107.49 (s), train/lr: 2.26e-04, train/loss: 0.4790, train/MAE: 0.4790, train/MSE: 0.6824, train/RMSE: 0.8261, train/MAPE: 2.6058, train/WAPE: 0.7935]
2026-03-10 04:22:33,347 - BasicTS-training - INFO - Start validation.
2026-03-10 04:23:01,900 - BasicTS-training - INFO - Result <val>: [val/time: 28.55 (s), val/loss: 0.4346, val/MAE: 0.4346, val/MSE: 0.4149, val/RMSE: 0.6441, val/MAPE: 2.3350, val/WAPE: 0.7206]
2026-03-10 04:23:30,547 - BasicTS-training - INFO - Result <test>: [test/time: 28.06 (s), test/loss: 0.4673, test/MAE: 0.4673, test/MSE: 0.4755, test/RMSE: 0.6895, test/MAPE: 1.8631, test/WAPE: 0.5968]
2026-03-10 04:23:32,128 - BasicTS-training - INFO - Checkpoint /mnt/users/rwl/MATS/results/main/MATS-Full-ETTh2-336/41448eeb37c4f493279852f33c87ec91/MATSArch_054.pt saved
2026-03-10 04:23:32,129 - BasicTS-training - INFO - The estimated training finish time is 2026-03-10 06:32:10
2026-03-10 04:23:32,129 - BasicTS-training - INFO - Epoch 55 / 100
2026-03-10 04:25:16,578 - BasicTS-training - INFO - Result <train>: [train/time: 104.45 (s), train/lr: 2.19e-04, train/loss: 0.4786, train/MAE: 0.4786, train/MSE: 0.6800, train/RMSE: 0.8246, train/MAPE: 2.6062, train/WAPE: 0.7933]
2026-03-10 04:25:17,301 - BasicTS-training - INFO - Start validation.
2026-03-10 04:25:45,330 - BasicTS-training - INFO - Result <val>: [val/time: 28.03 (s), val/loss: 0.4334, val/MAE: 0.4334, val/MSE: 0.4128, val/RMSE: 0.6425, val/MAPE: 2.3721, val/WAPE: 0.7175]
2026-03-10 04:26:14,497 - BasicTS-training - INFO - Result <test>: [test/time: 28.53 (s), test/loss: 0.4695, test/MAE: 0.4695, test/MSE: 0.4793, test/RMSE: 0.6923, test/MAPE: 1.9338, test/WAPE: 0.6013]
2026-03-10 04:26:16,098 - BasicTS-training - INFO - Checkpoint /mnt/users/rwl/MATS/results/main/MATS-Full-ETTh2-336/41448eeb37c4f493279852f33c87ec91/MATSArch_055.pt saved
2026-03-10 04:26:16,098 - BasicTS-training - INFO - The estimated training finish time is 2026-03-10 06:32:03
2026-03-10 04:26:16,098 - BasicTS-training - INFO - Epoch 56 / 100
2026-03-10 04:28:01,443 - BasicTS-training - INFO - Result <train>: [train/time: 105.34 (s), train/lr: 2.11e-04, train/loss: 0.4788, train/MAE: 0.4788, train/MSE: 0.6821, train/RMSE: 0.8259, train/MAPE: 2.6071, train/WAPE: 0.7929]
2026-03-10 04:28:02,464 - BasicTS-training - INFO - Start validation.
2026-03-10 04:28:30,164 - BasicTS-training - INFO - Result <val>: [val/time: 27.70 (s), val/loss: 0.4334, val/MAE: 0.4334, val/MSE: 0.4126, val/RMSE: 0.6424, val/MAPE: 2.3611, val/WAPE: 0.7184]
2026-03-10 04:28:58,484 - BasicTS-training - INFO - Result <test>: [test/time: 27.70 (s), test/loss: 0.4691, test/MAE: 0.4691, test/MSE: 0.4788, test/RMSE: 0.6919, test/MAPE: 1.9162, test/WAPE: 0.6000]
2026-03-10 04:29:00,203 - BasicTS-training - INFO - Checkpoint /mnt/users/rwl/MATS/results/main/MATS-Full-ETTh2-336/41448eeb37c4f493279852f33c87ec91/MATSArch_056.pt saved
2026-03-10 04:29:00,203 - BasicTS-training - INFO - The estimated training finish time is 2026-03-10 06:31:57
2026-03-10 04:29:00,203 - BasicTS-training - INFO - Epoch 57 / 100
2026-03-10 04:30:45,680 - BasicTS-training - INFO - Result <train>: [train/time: 105.48 (s), train/lr: 2.03e-04, train/loss: 0.4785, train/MAE: 0.4785, train/MSE: 0.6797, train/RMSE: 0.8244, train/MAPE: 2.6031, train/WAPE: 0.7932]
2026-03-10 04:30:46,676 - BasicTS-training - INFO - Start validation.
2026-03-10 04:31:14,759 - BasicTS-training - INFO - Result <val>: [val/time: 28.08 (s), val/loss: 0.4345, val/MAE: 0.4345, val/MSE: 0.4155, val/RMSE: 0.6446, val/MAPE: 2.3536, val/WAPE: 0.7189]
2026-03-10 04:31:43,476 - BasicTS-training - INFO - Result <test>: [test/time: 27.86 (s), test/loss: 0.4682, test/MAE: 0.4682, test/MSE: 0.4782, test/RMSE: 0.6915, test/MAPE: 1.8628, test/WAPE: 0.5962]
2026-03-10 04:31:45,123 - BasicTS-training - INFO - Checkpoint /mnt/users/rwl/MATS/results/main/MATS-Full-ETTh2-336/41448eeb37c4f493279852f33c87ec91/MATSArch_057.pt saved
2026-03-10 04:31:45,123 - BasicTS-training - INFO - The estimated training finish time is 2026-03-10 06:31:52
2026-03-10 04:31:45,123 - BasicTS-training - INFO - Epoch 58 / 100
2026-03-10 04:33:29,542 - BasicTS-training - INFO - Result <train>: [train/time: 104.42 (s), train/lr: 1.95e-04, train/loss: 0.4787, train/MAE: 0.4787, train/MSE: 0.6817, train/RMSE: 0.8257, train/MAPE: 2.6100, train/WAPE: 0.7932]
2026-03-10 04:33:31,220 - BasicTS-training - INFO - Start validation.
2026-03-10 04:33:58,861 - BasicTS-training - INFO - Result <val>: [val/time: 27.64 (s), val/loss: 0.4342, val/MAE: 0.4342, val/MSE: 0.4133, val/RMSE: 0.6428, val/MAPE: 2.3993, val/WAPE: 0.7207]
2026-03-10 04:34:27,880 - BasicTS-training - INFO - Result <test>: [test/time: 28.29 (s), test/loss: 0.4707, test/MAE: 0.4707, test/MSE: 0.4826, test/RMSE: 0.6947, test/MAPE: 1.9113, test/WAPE: 0.6012]
2026-03-10 04:34:29,451 - BasicTS-training - INFO - Checkpoint /mnt/users/rwl/MATS/results/main/MATS-Full-ETTh2-336/41448eeb37c4f493279852f33c87ec91/MATSArch_058.pt saved
2026-03-10 04:34:29,451 - BasicTS-training - INFO - The estimated training finish time is 2026-03-10 06:31:46
2026-03-10 04:34:29,452 - BasicTS-training - INFO - Epoch 59 / 100
2026-03-10 04:36:13,722 - BasicTS-training - INFO - Result <train>: [train/time: 104.27 (s), train/lr: 1.88e-04, train/loss: 0.4784, train/MAE: 0.4784, train/MSE: 0.6796, train/RMSE: 0.8244, train/MAPE: 2.6079, train/WAPE: 0.7926]
2026-03-10 04:36:14,612 - BasicTS-training - INFO - Start validation.
2026-03-10 04:36:42,594 - BasicTS-training - INFO - Result <val>: [val/time: 27.98 (s), val/loss: 0.4350, val/MAE: 0.4350, val/MSE: 0.4152, val/RMSE: 0.6444, val/MAPE: 2.3737, val/WAPE: 0.7211]
2026-03-10 04:37:11,818 - BasicTS-training - INFO - Result <test>: [test/time: 28.15 (s), test/loss: 0.4692, test/MAE: 0.4692, test/MSE: 0.4804, test/RMSE: 0.6931, test/MAPE: 1.8549, test/WAPE: 0.5980]
2026-03-10 04:37:13,575 - BasicTS-training - INFO - Checkpoint /mnt/users/rwl/MATS/results/main/MATS-Full-ETTh2-336/41448eeb37c4f493279852f33c87ec91/MATSArch_059.pt saved
2026-03-10 04:37:13,575 - BasicTS-training - INFO - The estimated training finish time is 2026-03-10 06:31:40
2026-03-10 04:37:13,575 - BasicTS-training - INFO - Epoch 60 / 100
2026-03-10 04:38:58,853 - BasicTS-training - INFO - Result <train>: [train/time: 105.28 (s), train/lr: 1.80e-04, train/loss: 0.4787, train/MAE: 0.4787, train/MSE: 0.6816, train/RMSE: 0.8256, train/MAPE: 2.6053, train/WAPE: 0.7930]
2026-03-10 04:38:59,724 - BasicTS-training - INFO - Start validation.
2026-03-10 04:39:27,682 - BasicTS-training - INFO - Result <val>: [val/time: 27.96 (s), val/loss: 0.4354, val/MAE: 0.4354, val/MSE: 0.4155, val/RMSE: 0.6446, val/MAPE: 2.3584, val/WAPE: 0.7217]
2026-03-10 04:39:57,031 - BasicTS-training - INFO - Result <test>: [test/time: 28.72 (s), test/loss: 0.4730, test/MAE: 0.4730, test/MSE: 0.4887, test/RMSE: 0.6991, test/MAPE: 1.8960, test/WAPE: 0.6022]
2026-03-10 04:39:59,007 - BasicTS-training - INFO - Checkpoint /mnt/users/rwl/MATS/results/main/MATS-Full-ETTh2-336/41448eeb37c4f493279852f33c87ec91/MATSArch_060.pt saved
2026-03-10 04:40:00,214 - BasicTS-training - INFO - The estimated training finish time is 2026-03-10 06:31:39
2026-03-10 04:40:00,214 - BasicTS-training - INFO - Epoch 61 / 100
2026-03-10 04:41:46,582 - BasicTS-training - INFO - Result <train>: [train/time: 106.37 (s), train/lr: 1.73e-04, train/loss: 0.4784, train/MAE: 0.4784, train/MSE: 0.6805, train/RMSE: 0.8249, train/MAPE: 2.6062, train/WAPE: 0.7928]
2026-03-10 04:41:47,636 - BasicTS-training - INFO - Start validation.
2026-03-10 04:42:15,981 - BasicTS-training - INFO - Result <val>: [val/time: 28.34 (s), val/loss: 0.4345, val/MAE: 0.4345, val/MSE: 0.4142, val/RMSE: 0.6436, val/MAPE: 2.3917, val/WAPE: 0.7204]
2026-03-10 04:42:44,606 - BasicTS-training - INFO - Result <test>: [test/time: 27.79 (s), test/loss: 0.4748, test/MAE: 0.4748, test/MSE: 0.4893, test/RMSE: 0.6995, test/MAPE: 2.0023, test/WAPE: 0.6079]
2026-03-10 04:42:46,569 - BasicTS-training - INFO - Checkpoint /mnt/users/rwl/MATS/results/main/MATS-Full-ETTh2-336/41448eeb37c4f493279852f33c87ec91/MATSArch_061.pt saved
2026-03-10 04:42:46,576 - BasicTS-training - INFO - The estimated training finish time is 2026-03-10 06:31:37
2026-03-10 04:42:46,576 - BasicTS-training - INFO - Epoch 62 / 100
2026-03-10 04:44:32,103 - BasicTS-training - INFO - Result <train>: [train/time: 105.53 (s), train/lr: 1.65e-04, train/loss: 0.4785, train/MAE: 0.4785, train/MSE: 0.6804, train/RMSE: 0.8248, train/MAPE: 2.6065, train/WAPE: 0.7929]
2026-03-10 04:44:33,096 - BasicTS-training - INFO - Start validation.
2026-03-10 04:45:01,226 - BasicTS-training - INFO - Result <val>: [val/time: 28.13 (s), val/loss: 0.4374, val/MAE: 0.4374, val/MSE: 0.4222, val/RMSE: 0.6498, val/MAPE: 2.4253, val/WAPE: 0.7234]
2026-03-10 04:45:30,011 - BasicTS-training - INFO - Result <test>: [test/time: 28.13 (s), test/loss: 0.4737, test/MAE: 0.4737, test/MSE: 0.4901, test/RMSE: 0.7001, test/MAPE: 1.9158, test/WAPE: 0.6041]
2026-03-10 04:45:31,786 - BasicTS-training - INFO - Checkpoint /mnt/users/rwl/MATS/results/main/MATS-Full-ETTh2-336/41448eeb37c4f493279852f33c87ec91/MATSArch_062.pt saved
2026-03-10 04:45:31,786 - BasicTS-training - INFO - The estimated training finish time is 2026-03-10 06:31:33
2026-03-10 04:45:31,786 - BasicTS-training - INFO - Epoch 63 / 100
2026-03-10 04:47:16,027 - BasicTS-training - INFO - Result <train>: [train/time: 104.24 (s), train/lr: 1.58e-04, train/loss: 0.4783, train/MAE: 0.4783, train/MSE: 0.6806, train/RMSE: 0.8250, train/MAPE: 2.6085, train/WAPE: 0.7927]
2026-03-10 04:47:17,006 - BasicTS-training - INFO - Start validation.
2026-03-10 04:47:45,048 - BasicTS-training - INFO - Result <val>: [val/time: 28.04 (s), val/loss: 0.4332, val/MAE: 0.4332, val/MSE: 0.4108, val/RMSE: 0.6410, val/MAPE: 2.3740, val/WAPE: 0.7189]
2026-03-10 04:48:14,253 - BasicTS-training - INFO - Result <test>: [test/time: 28.60 (s), test/loss: 0.4727, test/MAE: 0.4727, test/MSE: 0.4862, test/RMSE: 0.6973, test/MAPE: 1.9309, test/WAPE: 0.6037]
2026-03-10 04:48:15,720 - BasicTS-training - INFO - Checkpoint /mnt/users/rwl/MATS/results/main/MATS-Full-ETTh2-336/41448eeb37c4f493279852f33c87ec91/MATSArch_063.pt saved
2026-03-10 04:48:15,721 - BasicTS-training - INFO - The estimated training finish time is 2026-03-10 06:31:28
2026-03-10 04:48:15,721 - BasicTS-training - INFO - Epoch 64 / 100
2026-03-10 04:49:59,631 - BasicTS-training - INFO - Result <train>: [train/time: 103.91 (s), train/lr: 1.51e-04, train/loss: 0.4783, train/MAE: 0.4783, train/MSE: 0.6788, train/RMSE: 0.8239, train/MAPE: 2.6053, train/WAPE: 0.7928]
2026-03-10 04:50:00,723 - BasicTS-training - INFO - Start validation.
2026-03-10 04:50:28,368 - BasicTS-training - INFO - Result <val>: [val/time: 27.64 (s), val/loss: 0.4369, val/MAE: 0.4369, val/MSE: 0.4213, val/RMSE: 0.6491, val/MAPE: 2.3553, val/WAPE: 0.7217]
2026-03-10 04:50:57,732 - BasicTS-training - INFO - Result <test>: [test/time: 28.53 (s), test/loss: 0.4717, test/MAE: 0.4717, test/MSE: 0.4860, test/RMSE: 0.6971, test/MAPE: 1.8668, test/WAPE: 0.5997]
2026-03-10 04:51:00,096 - BasicTS-training - INFO - Checkpoint /mnt/users/rwl/MATS/results/main/MATS-Full-ETTh2-336/41448eeb37c4f493279852f33c87ec91/MATSArch_064.pt saved
2026-03-10 04:51:00,097 - BasicTS-training - INFO - The estimated training finish time is 2026-03-10 06:31:23
2026-03-10 04:51:00,097 - BasicTS-training - INFO - Epoch 65 / 100
2026-03-10 04:52:45,047 - BasicTS-training - INFO - Result <train>: [train/time: 104.95 (s), train/lr: 1.44e-04, train/loss: 0.4780, train/MAE: 0.4780, train/MSE: 0.6781, train/RMSE: 0.8235, train/MAPE: 2.6071, train/WAPE: 0.7926]
2026-03-10 04:52:46,143 - BasicTS-training - INFO - Start validation.
2026-03-10 04:53:14,223 - BasicTS-training - INFO - Result <val>: [val/time: 28.08 (s), val/loss: 0.4325, val/MAE: 0.4325, val/MSE: 0.4104, val/RMSE: 0.6406, val/MAPE: 2.4179, val/WAPE: 0.7180]
2026-03-10 04:53:42,367 - BasicTS-training - INFO - Result <test>: [test/time: 27.49 (s), test/loss: 0.4674, test/MAE: 0.4674, test/MSE: 0.4748, test/RMSE: 0.6890, test/MAPE: 1.9364, test/WAPE: 0.5988]
2026-03-10 04:53:43,955 - BasicTS-training - INFO - Checkpoint /mnt/users/rwl/MATS/results/main/MATS-Full-ETTh2-336/41448eeb37c4f493279852f33c87ec91/MATSArch_065.pt saved
2026-03-10 04:53:43,955 - BasicTS-training - INFO - The estimated training finish time is 2026-03-10 06:31:18
2026-03-10 04:53:43,955 - BasicTS-training - INFO - Epoch 66 / 100
2026-03-10 04:55:27,955 - BasicTS-training - INFO - Result <train>: [train/time: 104.00 (s), train/lr: 1.37e-04, train/loss: 0.4782, train/MAE: 0.4782, train/MSE: 0.6794, train/RMSE: 0.8243, train/MAPE: 2.6026, train/WAPE: 0.7921]
2026-03-10 04:55:30,513 - BasicTS-training - INFO - Start validation.
2026-03-10 04:55:58,746 - BasicTS-training - INFO - Result <val>: [val/time: 28.23 (s), val/loss: 0.4369, val/MAE: 0.4369, val/MSE: 0.4203, val/RMSE: 0.6483, val/MAPE: 2.3851, val/WAPE: 0.7218]
2026-03-10 04:56:27,409 - BasicTS-training - INFO - Result <test>: [test/time: 27.88 (s), test/loss: 0.4771, test/MAE: 0.4771, test/MSE: 0.4963, test/RMSE: 0.7045, test/MAPE: 1.9535, test/WAPE: 0.6075]
2026-03-10 04:56:28,977 - BasicTS-training - INFO - Checkpoint /mnt/users/rwl/MATS/results/main/MATS-Full-ETTh2-336/41448eeb37c4f493279852f33c87ec91/MATSArch_066.pt saved
2026-03-10 04:56:28,978 - BasicTS-training - INFO - The estimated training finish time is 2026-03-10 06:31:14
2026-03-10 04:56:28,978 - BasicTS-training - INFO - Epoch 67 / 100
2026-03-10 04:58:14,325 - BasicTS-training - INFO - Result <train>: [train/time: 105.35 (s), train/lr: 1.30e-04, train/loss: 0.4781, train/MAE: 0.4781, train/MSE: 0.6786, train/RMSE: 0.8238, train/MAPE: 2.6073, train/WAPE: 0.7925]
2026-03-10 04:58:15,276 - BasicTS-training - INFO - Start validation.
2026-03-10 04:58:43,404 - BasicTS-training - INFO - Result <val>: [val/time: 28.13 (s), val/loss: 0.4390, val/MAE: 0.4390, val/MSE: 0.4270, val/RMSE: 0.6535, val/MAPE: 2.4046, val/WAPE: 0.7240]
2026-03-10 04:59:12,611 - BasicTS-training - INFO - Result <test>: [test/time: 28.33 (s), test/loss: 0.4704, test/MAE: 0.4704, test/MSE: 0.4846, test/RMSE: 0.6961, test/MAPE: 1.8632, test/WAPE: 0.5983]
2026-03-10 04:59:14,452 - BasicTS-training - INFO - Checkpoint /mnt/users/rwl/MATS/results/main/MATS-Full-ETTh2-336/41448eeb37c4f493279852f33c87ec91/MATSArch_067.pt saved
2026-03-10 04:59:14,452 - BasicTS-training - INFO - The estimated training finish time is 2026-03-10 06:31:12
2026-03-10 04:59:14,452 - BasicTS-training - INFO - Epoch 68 / 100
2026-03-10 05:00:59,536 - BasicTS-training - INFO - Result <train>: [train/time: 105.08 (s), train/lr: 1.23e-04, train/loss: 0.4781, train/MAE: 0.4781, train/MSE: 0.6810, train/RMSE: 0.8252, train/MAPE: 2.6028, train/WAPE: 0.7919]
2026-03-10 05:01:00,576 - BasicTS-training - INFO - Start validation.
2026-03-10 05:01:29,016 - BasicTS-training - INFO - Result <val>: [val/time: 28.44 (s), val/loss: 0.4368, val/MAE: 0.4368, val/MSE: 0.4192, val/RMSE: 0.6474, val/MAPE: 2.3867, val/WAPE: 0.7229]
2026-03-10 05:01:58,198 - BasicTS-training - INFO - Result <test>: [test/time: 28.31 (s), test/loss: 0.4763, test/MAE: 0.4763, test/MSE: 0.4956, test/RMSE: 0.7040, test/MAPE: 1.9083, test/WAPE: 0.6052]
2026-03-10 05:01:59,875 - BasicTS-training - INFO - Checkpoint /mnt/users/rwl/MATS/results/main/MATS-Full-ETTh2-336/41448eeb37c4f493279852f33c87ec91/MATSArch_068.pt saved
2026-03-10 05:01:59,875 - BasicTS-training - INFO - The estimated training finish time is 2026-03-10 06:31:09
2026-03-10 05:01:59,876 - BasicTS-training - INFO - Epoch 69 / 100
2026-03-10 05:03:45,552 - BasicTS-training - INFO - Result <train>: [train/time: 105.68 (s), train/lr: 1.16e-04, train/loss: 0.4782, train/MAE: 0.4782, train/MSE: 0.6790, train/RMSE: 0.8240, train/MAPE: 2.6083, train/WAPE: 0.7925]
2026-03-10 05:03:46,660 - BasicTS-training - INFO - Start validation.
2026-03-10 05:04:14,088 - BasicTS-training - INFO - Result <val>: [val/time: 27.43 (s), val/loss: 0.4383, val/MAE: 0.4383, val/MSE: 0.4256, val/RMSE: 0.6524, val/MAPE: 2.3837, val/WAPE: 0.7220]
2026-03-10 05:04:42,665 - BasicTS-training - INFO - Result <test>: [test/time: 27.81 (s), test/loss: 0.4729, test/MAE: 0.4729, test/MSE: 0.4881, test/RMSE: 0.6986, test/MAPE: 1.9114, test/WAPE: 0.6019]
2026-03-10 05:04:44,368 - BasicTS-training - INFO - Checkpoint /mnt/users/rwl/MATS/results/main/MATS-Full-ETTh2-336/41448eeb37c4f493279852f33c87ec91/MATSArch_069.pt saved
2026-03-10 05:04:44,368 - BasicTS-training - INFO - The estimated training finish time is 2026-03-10 06:31:05
2026-03-10 05:04:44,368 - BasicTS-training - INFO - Epoch 70 / 100
2026-03-10 05:06:29,487 - BasicTS-training - INFO - Result <train>: [train/time: 105.12 (s), train/lr: 1.09e-04, train/loss: 0.4779, train/MAE: 0.4779, train/MSE: 0.6805, train/RMSE: 0.8249, train/MAPE: 2.6059, train/WAPE: 0.7919]
2026-03-10 05:06:30,358 - BasicTS-training - INFO - Start validation.
2026-03-10 05:06:58,306 - BasicTS-training - INFO - Result <val>: [val/time: 27.95 (s), val/loss: 0.4341, val/MAE: 0.4341, val/MSE: 0.4142, val/RMSE: 0.6436, val/MAPE: 2.3533, val/WAPE: 0.7190]
2026-03-10 05:07:27,522 - BasicTS-training - INFO - Result <test>: [test/time: 28.22 (s), test/loss: 0.4719, test/MAE: 0.4719, test/MSE: 0.4840, test/RMSE: 0.6957, test/MAPE: 1.9346, test/WAPE: 0.6032]
2026-03-10 05:07:29,697 - BasicTS-training - INFO - Checkpoint /mnt/users/rwl/MATS/results/main/MATS-Full-ETTh2-336/41448eeb37c4f493279852f33c87ec91/MATSArch_070.pt saved
2026-03-10 05:07:30,199 - BasicTS-training - INFO - The estimated training finish time is 2026-03-10 06:31:03
2026-03-10 05:07:30,199 - BasicTS-training - INFO - Epoch 71 / 100
2026-03-10 05:09:14,366 - BasicTS-training - INFO - Result <train>: [train/time: 104.17 (s), train/lr: 1.03e-04, train/loss: 0.4778, train/MAE: 0.4778, train/MSE: 0.6771, train/RMSE: 0.8229, train/MAPE: 2.6069, train/WAPE: 0.7922]
2026-03-10 05:09:15,892 - BasicTS-training - INFO - Start validation.
2026-03-10 05:09:43,828 - BasicTS-training - INFO - Result <val>: [val/time: 27.93 (s), val/loss: 0.4343, val/MAE: 0.4343, val/MSE: 0.4143, val/RMSE: 0.6436, val/MAPE: 2.3821, val/WAPE: 0.7196]
2026-03-10 05:10:12,413 - BasicTS-training - INFO - Result <test>: [test/time: 27.92 (s), test/loss: 0.4716, test/MAE: 0.4716, test/MSE: 0.4839, test/RMSE: 0.6957, test/MAPE: 1.9159, test/WAPE: 0.6019]
2026-03-10 05:10:14,685 - BasicTS-training - INFO - Checkpoint /mnt/users/rwl/MATS/results/main/MATS-Full-ETTh2-336/41448eeb37c4f493279852f33c87ec91/MATSArch_071.pt saved
2026-03-10 05:10:14,686 - BasicTS-training - INFO - The estimated training finish time is 2026-03-10 06:30:59
2026-03-10 05:10:14,686 - BasicTS-training - INFO - Epoch 72 / 100
2026-03-10 05:11:58,320 - BasicTS-training - INFO - Result <train>: [train/time: 103.63 (s), train/lr: 9.68e-05, train/loss: 0.4779, train/MAE: 0.4779, train/MSE: 0.6796, train/RMSE: 0.8244, train/MAPE: 2.6006, train/WAPE: 0.7918]
2026-03-10 05:11:59,255 - BasicTS-training - INFO - Start validation.
2026-03-10 05:12:27,624 - BasicTS-training - INFO - Result <val>: [val/time: 28.37 (s), val/loss: 0.4398, val/MAE: 0.4398, val/MSE: 0.4280, val/RMSE: 0.6542, val/MAPE: 2.3367, val/WAPE: 0.7247]
2026-03-10 05:12:56,004 - BasicTS-training - INFO - Result <test>: [test/time: 27.16 (s), test/loss: 0.4709, test/MAE: 0.4709, test/MSE: 0.4866, test/RMSE: 0.6976, test/MAPE: 1.8156, test/WAPE: 0.5968]
2026-03-10 05:12:57,918 - BasicTS-training - INFO - Checkpoint /mnt/users/rwl/MATS/results/main/MATS-Full-ETTh2-336/41448eeb37c4f493279852f33c87ec91/MATSArch_072.pt saved
2026-03-10 05:12:57,918 - BasicTS-training - INFO - The estimated training finish time is 2026-03-10 06:30:54
2026-03-10 05:12:57,918 - BasicTS-training - INFO - Epoch 73 / 100
2026-03-10 05:14:42,293 - BasicTS-training - INFO - Result <train>: [train/time: 104.37 (s), train/lr: 9.06e-05, train/loss: 0.4778, train/MAE: 0.4778, train/MSE: 0.6783, train/RMSE: 0.8236, train/MAPE: 2.6063, train/WAPE: 0.7919]
2026-03-10 05:14:43,458 - BasicTS-training - INFO - Start validation.
2026-03-10 05:15:11,743 - BasicTS-training - INFO - Result <val>: [val/time: 28.28 (s), val/loss: 0.4361, val/MAE: 0.4361, val/MSE: 0.4194, val/RMSE: 0.6476, val/MAPE: 2.4062, val/WAPE: 0.7212]
2026-03-10 05:15:40,263 - BasicTS-training - INFO - Result <test>: [test/time: 27.49 (s), test/loss: 0.4739, test/MAE: 0.4739, test/MSE: 0.4893, test/RMSE: 0.6995, test/MAPE: 1.9357, test/WAPE: 0.6048]
2026-03-10 05:15:41,949 - BasicTS-training - INFO - Checkpoint /mnt/users/rwl/MATS/results/main/MATS-Full-ETTh2-336/41448eeb37c4f493279852f33c87ec91/MATSArch_073.pt saved
2026-03-10 05:15:41,950 - BasicTS-training - INFO - The estimated training finish time is 2026-03-10 06:30:50
2026-03-10 05:15:41,950 - BasicTS-training - INFO - Epoch 74 / 100
2026-03-10 05:17:27,734 - BasicTS-training - INFO - Result <train>: [train/time: 105.78 (s), train/lr: 8.47e-05, train/loss: 0.4777, train/MAE: 0.4777, train/MSE: 0.6786, train/RMSE: 0.8238, train/MAPE: 2.6061, train/WAPE: 0.7916]
2026-03-10 05:17:29,044 - BasicTS-training - INFO - Start validation.
2026-03-10 05:17:57,992 - BasicTS-training - INFO - Result <val>: [val/time: 28.95 (s), val/loss: 0.4325, val/MAE: 0.4325, val/MSE: 0.4094, val/RMSE: 0.6398, val/MAPE: 2.4122, val/WAPE: 0.7186]
2026-03-10 05:18:27,033 - BasicTS-training - INFO - Result <test>: [test/time: 28.10 (s), test/loss: 0.4723, test/MAE: 0.4723, test/MSE: 0.4841, test/RMSE: 0.6958, test/MAPE: 1.9608, test/WAPE: 0.6042]
2026-03-10 05:18:28,850 - BasicTS-training - INFO - Checkpoint /mnt/users/rwl/MATS/results/main/MATS-Full-ETTh2-336/41448eeb37c4f493279852f33c87ec91/MATSArch_074.pt saved
2026-03-10 05:18:28,850 - BasicTS-training - INFO - The estimated training finish time is 2026-03-10 06:30:50
2026-03-10 05:18:28,850 - BasicTS-training - INFO - Epoch 75 / 100
2026-03-10 05:20:14,327 - BasicTS-training - INFO - Result <train>: [train/time: 105.48 (s), train/lr: 7.89e-05, train/loss: 0.4779, train/MAE: 0.4779, train/MSE: 0.6785, train/RMSE: 0.8237, train/MAPE: 2.6049, train/WAPE: 0.7920]
2026-03-10 05:20:15,491 - BasicTS-training - INFO - Start validation.
2026-03-10 05:20:43,360 - BasicTS-training - INFO - Result <val>: [val/time: 27.87 (s), val/loss: 0.4335, val/MAE: 0.4335, val/MSE: 0.4119, val/RMSE: 0.6418, val/MAPE: 2.4029, val/WAPE: 0.7191]
2026-03-10 05:21:13,192 - BasicTS-training - INFO - Result <test>: [test/time: 28.74 (s), test/loss: 0.4703, test/MAE: 0.4703, test/MSE: 0.4815, test/RMSE: 0.6939, test/MAPE: 1.9128, test/WAPE: 0.6008]
2026-03-10 05:21:15,415 - BasicTS-training - INFO - Checkpoint /mnt/users/rwl/MATS/results/main/MATS-Full-ETTh2-336/41448eeb37c4f493279852f33c87ec91/MATSArch_075.pt saved
2026-03-10 05:21:15,415 - BasicTS-training - INFO - The estimated training finish time is 2026-03-10 06:30:49
2026-03-10 05:21:15,415 - BasicTS-training - INFO - Epoch 76 / 100
2026-03-10 05:23:01,962 - BasicTS-training - INFO - Result <train>: [train/time: 106.55 (s), train/lr: 7.32e-05, train/loss: 0.4779, train/MAE: 0.4779, train/MSE: 0.6783, train/RMSE: 0.8236, train/MAPE: 2.6025, train/WAPE: 0.7918]
2026-03-10 05:23:02,938 - BasicTS-training - INFO - Start validation.
2026-03-10 05:23:31,733 - BasicTS-training - INFO - Result <val>: [val/time: 28.79 (s), val/loss: 0.4363, val/MAE: 0.4363, val/MSE: 0.4202, val/RMSE: 0.6482, val/MAPE: 2.3435, val/WAPE: 0.7204]
2026-03-10 05:24:00,497 - BasicTS-training - INFO - Result <test>: [test/time: 28.31 (s), test/loss: 0.4709, test/MAE: 0.4709, test/MSE: 0.4855, test/RMSE: 0.6968, test/MAPE: 1.8543, test/WAPE: 0.5984]
2026-03-10 05:24:02,068 - BasicTS-training - INFO - Checkpoint /mnt/users/rwl/MATS/results/main/MATS-Full-ETTh2-336/41448eeb37c4f493279852f33c87ec91/MATSArch_076.pt saved
2026-03-10 05:24:02,068 - BasicTS-training - INFO - The estimated training finish time is 2026-03-10 06:30:49
2026-03-10 05:24:02,068 - BasicTS-training - INFO - Epoch 77 / 100
2026-03-10 05:25:47,615 - BasicTS-training - INFO - Result <train>: [train/time: 105.55 (s), train/lr: 6.78e-05, train/loss: 0.4776, train/MAE: 0.4776, train/MSE: 0.6795, train/RMSE: 0.8243, train/MAPE: 2.6024, train/WAPE: 0.7912]
2026-03-10 05:25:48,522 - BasicTS-training - INFO - Start validation.
2026-03-10 05:26:16,968 - BasicTS-training - INFO - Result <val>: [val/time: 28.44 (s), val/loss: 0.4378, val/MAE: 0.4378, val/MSE: 0.4231, val/RMSE: 0.6504, val/MAPE: 2.3632, val/WAPE: 0.7229]
2026-03-10 05:26:45,384 - BasicTS-training - INFO - Result <test>: [test/time: 27.61 (s), test/loss: 0.4733, test/MAE: 0.4733, test/MSE: 0.4904, test/RMSE: 0.7003, test/MAPE: 1.8659, test/WAPE: 0.6010]
2026-03-10 05:26:46,766 - BasicTS-training - INFO - Checkpoint /mnt/users/rwl/MATS/results/main/MATS-Full-ETTh2-336/41448eeb37c4f493279852f33c87ec91/MATSArch_077.pt saved
2026-03-10 05:26:46,767 - BasicTS-training - INFO - The estimated training finish time is 2026-03-10 06:30:46
2026-03-10 05:26:46,767 - BasicTS-training - INFO - Epoch 78 / 100
2026-03-10 05:28:30,890 - BasicTS-training - INFO - Result <train>: [train/time: 104.12 (s), train/lr: 6.25e-05, train/loss: 0.4776, train/MAE: 0.4776, train/MSE: 0.6784, train/RMSE: 0.8236, train/MAPE: 2.6033, train/WAPE: 0.7916]
2026-03-10 05:28:32,080 - BasicTS-training - INFO - Start validation.
2026-03-10 05:29:00,481 - BasicTS-training - INFO - Result <val>: [val/time: 28.40 (s), val/loss: 0.4382, val/MAE: 0.4382, val/MSE: 0.4256, val/RMSE: 0.6524, val/MAPE: 2.3657, val/WAPE: 0.7225]
2026-03-10 05:29:29,113 - BasicTS-training - INFO - Result <test>: [test/time: 27.62 (s), test/loss: 0.4728, test/MAE: 0.4728, test/MSE: 0.4899, test/RMSE: 0.7000, test/MAPE: 1.8561, test/WAPE: 0.5993]
2026-03-10 05:29:31,030 - BasicTS-training - INFO - Checkpoint /mnt/users/rwl/MATS/results/main/MATS-Full-ETTh2-336/41448eeb37c4f493279852f33c87ec91/MATSArch_078.pt saved
2026-03-10 05:29:31,030 - BasicTS-training - INFO - The estimated training finish time is 2026-03-10 06:30:42
2026-03-10 05:29:31,030 - BasicTS-training - INFO - Epoch 79 / 100
2026-03-10 05:31:15,756 - BasicTS-training - INFO - Result <train>: [train/time: 104.73 (s), train/lr: 5.74e-05, train/loss: 0.4777, train/MAE: 0.4777, train/MSE: 0.6793, train/RMSE: 0.8242, train/MAPE: 2.6082, train/WAPE: 0.7918]
2026-03-10 05:31:17,001 - BasicTS-training - INFO - Start validation.
2026-03-10 05:31:44,983 - BasicTS-training - INFO - Result <val>: [val/time: 27.98 (s), val/loss: 0.4352, val/MAE: 0.4352, val/MSE: 0.4183, val/RMSE: 0.6467, val/MAPE: 2.3406, val/WAPE: 0.7190]
2026-03-10 05:32:13,509 - BasicTS-training - INFO - Result <test>: [test/time: 27.76 (s), test/loss: 0.4708, test/MAE: 0.4708, test/MSE: 0.4829, test/RMSE: 0.6949, test/MAPE: 1.8946, test/WAPE: 0.6001]
2026-03-10 05:32:15,106 - BasicTS-training - INFO - Checkpoint /mnt/users/rwl/MATS/results/main/MATS-Full-ETTh2-336/41448eeb37c4f493279852f33c87ec91/MATSArch_079.pt saved
2026-03-10 05:32:15,106 - BasicTS-training - INFO - The estimated training finish time is 2026-03-10 06:30:39
2026-03-10 05:32:15,106 - BasicTS-training - INFO - Epoch 80 / 100
2026-03-10 05:33:59,002 - BasicTS-training - INFO - Result <train>: [train/time: 103.90 (s), train/lr: 5.25e-05, train/loss: 0.4773, train/MAE: 0.4773, train/MSE: 0.6766, train/RMSE: 0.8225, train/MAPE: 2.6056, train/WAPE: 0.7912]
2026-03-10 05:34:00,058 - BasicTS-training - INFO - Start validation.
2026-03-10 05:34:27,496 - BasicTS-training - INFO - Result <val>: [val/time: 27.44 (s), val/loss: 0.4360, val/MAE: 0.4360, val/MSE: 0.4193, val/RMSE: 0.6475, val/MAPE: 2.3808, val/WAPE: 0.7202]
2026-03-10 05:34:55,974 - BasicTS-training - INFO - Result <test>: [test/time: 27.94 (s), test/loss: 0.4720, test/MAE: 0.4720, test/MSE: 0.4864, test/RMSE: 0.6974, test/MAPE: 1.8920, test/WAPE: 0.6006]
2026-03-10 05:34:57,665 - BasicTS-training - INFO - Checkpoint /mnt/users/rwl/MATS/results/main/MATS-Full-ETTh2-336/41448eeb37c4f493279852f33c87ec91/MATSArch_080.pt saved
2026-03-10 05:34:58,370 - BasicTS-training - INFO - The estimated training finish time is 2026-03-10 06:30:34
2026-03-10 05:34:58,371 - BasicTS-training - INFO - Epoch 81 / 100
2026-03-10 05:36:42,539 - BasicTS-training - INFO - Result <train>: [train/time: 104.17 (s), train/lr: 4.77e-05, train/loss: 0.4772, train/MAE: 0.4772, train/MSE: 0.6781, train/RMSE: 0.8235, train/MAPE: 2.6019, train/WAPE: 0.7908]
2026-03-10 05:36:43,499 - BasicTS-training - INFO - Start validation.
2026-03-10 05:37:10,938 - BasicTS-training - INFO - Result <val>: [val/time: 27.44 (s), val/loss: 0.4380, val/MAE: 0.4380, val/MSE: 0.4244, val/RMSE: 0.6515, val/MAPE: 2.3488, val/WAPE: 0.7224]
2026-03-10 05:37:39,958 - BasicTS-training - INFO - Result <test>: [test/time: 27.80 (s), test/loss: 0.4726, test/MAE: 0.4726, test/MSE: 0.4882, test/RMSE: 0.6987, test/MAPE: 1.8690, test/WAPE: 0.6001]
2026-03-10 05:37:42,662 - BasicTS-training - INFO - Checkpoint /mnt/users/rwl/MATS/results/main/MATS-Full-ETTh2-336/41448eeb37c4f493279852f33c87ec91/MATSArch_081.pt saved
2026-03-10 05:37:42,663 - BasicTS-training - INFO - The estimated training finish time is 2026-03-10 06:30:31
2026-03-10 05:37:42,663 - BasicTS-training - INFO - Epoch 82 / 100
2026-03-10 05:39:28,676 - BasicTS-training - INFO - Result <train>: [train/time: 106.01 (s), train/lr: 4.32e-05, train/loss: 0.4773, train/MAE: 0.4773, train/MSE: 0.6773, train/RMSE: 0.8230, train/MAPE: 2.6055, train/WAPE: 0.7913]
2026-03-10 05:39:29,859 - BasicTS-training - INFO - Start validation.
2026-03-10 05:39:57,244 - BasicTS-training - INFO - Result <val>: [val/time: 27.38 (s), val/loss: 0.4333, val/MAE: 0.4333, val/MSE: 0.4122, val/RMSE: 0.6420, val/MAPE: 2.3890, val/WAPE: 0.7186]
2026-03-10 05:40:26,625 - BasicTS-training - INFO - Result <test>: [test/time: 28.31 (s), test/loss: 0.4728, test/MAE: 0.4728, test/MSE: 0.4868, test/RMSE: 0.6977, test/MAPE: 1.9502, test/WAPE: 0.6042]
2026-03-10 05:40:28,229 - BasicTS-training - INFO - Checkpoint /mnt/users/rwl/MATS/results/main/MATS-Full-ETTh2-336/41448eeb37c4f493279852f33c87ec91/MATSArch_082.pt saved
2026-03-10 05:40:28,229 - BasicTS-training - INFO - The estimated training finish time is 2026-03-10 06:30:30
2026-03-10 05:40:28,229 - BasicTS-training - INFO - Epoch 83 / 100
2026-03-10 05:42:14,876 - BasicTS-training - INFO - Result <train>: [train/time: 106.65 (s), train/lr: 3.89e-05, train/loss: 0.4771, train/MAE: 0.4771, train/MSE: 0.6764, train/RMSE: 0.8224, train/MAPE: 2.6038, train/WAPE: 0.7908]
2026-03-10 05:42:15,861 - BasicTS-training - INFO - Start validation.
2026-03-10 05:42:43,716 - BasicTS-training - INFO - Result <val>: [val/time: 27.85 (s), val/loss: 0.4380, val/MAE: 0.4380, val/MSE: 0.4230, val/RMSE: 0.6504, val/MAPE: 2.4141, val/WAPE: 0.7237]
2026-03-10 05:43:13,560 - BasicTS-training - INFO - Result <test>: [test/time: 28.58 (s), test/loss: 0.4729, test/MAE: 0.4729, test/MSE: 0.4887, test/RMSE: 0.6991, test/MAPE: 1.8965, test/WAPE: 0.6024]
2026-03-10 05:43:15,070 - BasicTS-training - INFO - Checkpoint /mnt/users/rwl/MATS/results/main/MATS-Full-ETTh2-336/41448eeb37c4f493279852f33c87ec91/MATSArch_083.pt saved
2026-03-10 05:43:15,070 - BasicTS-training - INFO - The estimated training finish time is 2026-03-10 06:30:30
2026-03-10 05:43:15,070 - BasicTS-training - INFO - Epoch 84 / 100
2026-03-10 05:44:58,730 - BasicTS-training - INFO - Result <train>: [train/time: 103.66 (s), train/lr: 3.48e-05, train/loss: 0.4770, train/MAE: 0.4770, train/MSE: 0.6767, train/RMSE: 0.8226, train/MAPE: 2.6050, train/WAPE: 0.7907]
2026-03-10 05:44:59,409 - BasicTS-training - INFO - Start validation.
2026-03-10 05:45:28,204 - BasicTS-training - INFO - Result <val>: [val/time: 28.79 (s), val/loss: 0.4344, val/MAE: 0.4344, val/MSE: 0.4142, val/RMSE: 0.6436, val/MAPE: 2.3972, val/WAPE: 0.7201]
2026-03-10 05:45:57,523 - BasicTS-training - INFO - Result <test>: [test/time: 28.80 (s), test/loss: 0.4737, test/MAE: 0.4737, test/MSE: 0.4883, test/RMSE: 0.6988, test/MAPE: 1.9559, test/WAPE: 0.6052]
2026-03-10 05:45:59,233 - BasicTS-training - INFO - Checkpoint /mnt/users/rwl/MATS/results/main/MATS-Full-ETTh2-336/41448eeb37c4f493279852f33c87ec91/MATSArch_084.pt saved
2026-03-10 05:45:59,233 - BasicTS-training - INFO - The estimated training finish time is 2026-03-10 06:30:26
2026-03-10 05:45:59,233 - BasicTS-training - INFO - Epoch 85 / 100
2026-03-10 05:47:44,968 - BasicTS-training - INFO - Result <train>: [train/time: 105.74 (s), train/lr: 3.09e-05, train/loss: 0.4770, train/MAE: 0.4770, train/MSE: 0.6752, train/RMSE: 0.8217, train/MAPE: 2.6029, train/WAPE: 0.7908]
2026-03-10 05:47:46,258 - BasicTS-training - INFO - Start validation.
2026-03-10 05:48:14,299 - BasicTS-training - INFO - Result <val>: [val/time: 28.03 (s), val/loss: 0.4373, val/MAE: 0.4373, val/MSE: 0.4223, val/RMSE: 0.6499, val/MAPE: 2.3764, val/WAPE: 0.7221]
2026-03-10 05:48:43,944 - BasicTS-training - INFO - Result <test>: [test/time: 29.00 (s), test/loss: 0.4722, test/MAE: 0.4722, test/MSE: 0.4886, test/RMSE: 0.6990, test/MAPE: 1.8567, test/WAPE: 0.5996]
2026-03-10 05:48:46,073 - BasicTS-training - INFO - Checkpoint /mnt/users/rwl/MATS/results/main/MATS-Full-ETTh2-336/41448eeb37c4f493279852f33c87ec91/MATSArch_085.pt saved
2026-03-10 05:48:46,074 - BasicTS-training - INFO - The estimated training finish time is 2026-03-10 06:30:26
2026-03-10 05:48:46,074 - BasicTS-training - INFO - Epoch 86 / 100
2026-03-10 05:50:29,567 - BasicTS-training - INFO - Result <train>: [train/time: 103.49 (s), train/lr: 2.72e-05, train/loss: 0.4768, train/MAE: 0.4768, train/MSE: 0.6765, train/RMSE: 0.8225, train/MAPE: 2.6042, train/WAPE: 0.7905]
2026-03-10 05:50:30,370 - BasicTS-training - INFO - Start validation.
2026-03-10 05:50:58,020 - BasicTS-training - INFO - Result <val>: [val/time: 27.65 (s), val/loss: 0.4371, val/MAE: 0.4371, val/MSE: 0.4217, val/RMSE: 0.6494, val/MAPE: 2.3962, val/WAPE: 0.7224]
2026-03-10 05:51:25,985 - BasicTS-training - INFO - Result <test>: [test/time: 27.86 (s), test/loss: 0.4733, test/MAE: 0.4733, test/MSE: 0.4896, test/RMSE: 0.6997, test/MAPE: 1.9027, test/WAPE: 0.6027]
2026-03-10 05:51:28,340 - BasicTS-training - INFO - Checkpoint /mnt/users/rwl/MATS/results/main/MATS-Full-ETTh2-336/41448eeb37c4f493279852f33c87ec91/MATSArch_086.pt saved
2026-03-10 05:51:28,340 - BasicTS-training - INFO - The estimated training finish time is 2026-03-10 06:30:21
2026-03-10 05:51:28,340 - BasicTS-training - INFO - Epoch 87 / 100
2026-03-10 05:53:12,188 - BasicTS-training - INFO - Result <train>: [train/time: 103.85 (s), train/lr: 2.38e-05, train/loss: 0.4767, train/MAE: 0.4767, train/MSE: 0.6762, train/RMSE: 0.8223, train/MAPE: 2.6025, train/WAPE: 0.7902]
2026-03-10 05:53:13,555 - BasicTS-training - INFO - Start validation.
2026-03-10 05:53:41,196 - BasicTS-training - INFO - Result <val>: [val/time: 27.64 (s), val/loss: 0.4345, val/MAE: 0.4345, val/MSE: 0.4145, val/RMSE: 0.6438, val/MAPE: 2.4097, val/WAPE: 0.7204]
2026-03-10 05:54:08,684 - BasicTS-training - INFO - Result <test>: [test/time: 27.19 (s), test/loss: 0.4727, test/MAE: 0.4727, test/MSE: 0.4873, test/RMSE: 0.6980, test/MAPE: 1.9280, test/WAPE: 0.6032]
2026-03-10 05:54:10,450 - BasicTS-training - INFO - Checkpoint /mnt/users/rwl/MATS/results/main/MATS-Full-ETTh2-336/41448eeb37c4f493279852f33c87ec91/MATSArch_087.pt saved
2026-03-10 05:54:10,450 - BasicTS-training - INFO - The estimated training finish time is 2026-03-10 06:30:16
2026-03-10 05:54:10,450 - BasicTS-training - INFO - Epoch 88 / 100
2026-03-10 05:55:56,461 - BasicTS-training - INFO - Result <train>: [train/time: 106.01 (s), train/lr: 2.06e-05, train/loss: 0.4766, train/MAE: 0.4766, train/MSE: 0.6752, train/RMSE: 0.8217, train/MAPE: 2.6010, train/WAPE: 0.7901]
2026-03-10 05:55:58,200 - BasicTS-training - INFO - Start validation.
2026-03-10 05:56:26,416 - BasicTS-training - INFO - Result <val>: [val/time: 28.21 (s), val/loss: 0.4368, val/MAE: 0.4368, val/MSE: 0.4206, val/RMSE: 0.6486, val/MAPE: 2.4180, val/WAPE: 0.7220]
2026-03-10 05:56:55,566 - BasicTS-training - INFO - Result <test>: [test/time: 28.23 (s), test/loss: 0.4749, test/MAE: 0.4749, test/MSE: 0.4922, test/RMSE: 0.7015, test/MAPE: 1.9262, test/WAPE: 0.6043]
2026-03-10 05:56:57,356 - BasicTS-training - INFO - Checkpoint /mnt/users/rwl/MATS/results/main/MATS-Full-ETTh2-336/41448eeb37c4f493279852f33c87ec91/MATSArch_088.pt saved
2026-03-10 05:56:57,357 - BasicTS-training - INFO - The estimated training finish time is 2026-03-10 06:30:16
2026-03-10 05:56:57,357 - BasicTS-training - INFO - Epoch 89 / 100
2026-03-10 05:58:42,712 - BasicTS-training - INFO - Result <train>: [train/time: 105.36 (s), train/lr: 1.76e-05, train/loss: 0.4766, train/MAE: 0.4766, train/MSE: 0.6760, train/RMSE: 0.8222, train/MAPE: 2.6022, train/WAPE: 0.7900]
2026-03-10 05:58:43,984 - BasicTS-training - INFO - Start validation.
2026-03-10 05:59:12,031 - BasicTS-training - INFO - Result <val>: [val/time: 28.05 (s), val/loss: 0.4347, val/MAE: 0.4347, val/MSE: 0.4159, val/RMSE: 0.6449, val/MAPE: 2.3825, val/WAPE: 0.7196]
2026-03-10 05:59:39,776 - BasicTS-training - INFO - Result <test>: [test/time: 27.26 (s), test/loss: 0.4729, test/MAE: 0.4729, test/MSE: 0.4873, test/RMSE: 0.6981, test/MAPE: 1.9220, test/WAPE: 0.6029]
2026-03-10 05:59:41,568 - BasicTS-training - INFO - Checkpoint /mnt/users/rwl/MATS/results/main/MATS-Full-ETTh2-336/41448eeb37c4f493279852f33c87ec91/MATSArch_089.pt saved
2026-03-10 05:59:41,568 - BasicTS-training - INFO - The estimated training finish time is 2026-03-10 06:30:13
2026-03-10 05:59:41,569 - BasicTS-training - INFO - Epoch 90 / 100
2026-03-10 06:01:26,660 - BasicTS-training - INFO - Result <train>: [train/time: 105.09 (s), train/lr: 1.48e-05, train/loss: 0.4765, train/MAE: 0.4765, train/MSE: 0.6744, train/RMSE: 0.8212, train/MAPE: 2.6024, train/WAPE: 0.7902]
2026-03-10 06:01:27,724 - BasicTS-training - INFO - Start validation.
2026-03-10 06:01:56,203 - BasicTS-training - INFO - Result <val>: [val/time: 28.48 (s), val/loss: 0.4342, val/MAE: 0.4342, val/MSE: 0.4147, val/RMSE: 0.6439, val/MAPE: 2.3880, val/WAPE: 0.7192]
2026-03-10 06:02:26,253 - BasicTS-training - INFO - Result <test>: [test/time: 28.89 (s), test/loss: 0.4708, test/MAE: 0.4708, test/MSE: 0.4835, test/RMSE: 0.6953, test/MAPE: 1.8996, test/WAPE: 0.6005]
2026-03-10 06:02:27,673 - BasicTS-training - INFO - Checkpoint /mnt/users/rwl/MATS/results/main/MATS-Full-ETTh2-336/41448eeb37c4f493279852f33c87ec91/MATSArch_090.pt saved
2026-03-10 06:02:28,907 - BasicTS-training - INFO - The estimated training finish time is 2026-03-10 06:30:14
2026-03-10 06:02:28,907 - BasicTS-training - INFO - Epoch 91 / 100
2026-03-10 06:04:15,700 - BasicTS-training - INFO - Result <train>: [train/time: 106.79 (s), train/lr: 1.22e-05, train/loss: 0.4764, train/MAE: 0.4764, train/MSE: 0.6741, train/RMSE: 0.8211, train/MAPE: 2.5985, train/WAPE: 0.7897]
2026-03-10 06:04:16,615 - BasicTS-training - INFO - Start validation.
2026-03-10 06:04:44,543 - BasicTS-training - INFO - Result <val>: [val/time: 27.93 (s), val/loss: 0.4374, val/MAE: 0.4374, val/MSE: 0.4230, val/RMSE: 0.6504, val/MAPE: 2.3932, val/WAPE: 0.7219]
2026-03-10 06:05:13,581 - BasicTS-training - INFO - Result <test>: [test/time: 27.93 (s), test/loss: 0.4734, test/MAE: 0.4734, test/MSE: 0.4899, test/RMSE: 0.6999, test/MAPE: 1.8956, test/WAPE: 0.6018]
2026-03-10 06:05:15,412 - BasicTS-training - INFO - Checkpoint /mnt/users/rwl/MATS/results/main/MATS-Full-ETTh2-336/41448eeb37c4f493279852f33c87ec91/MATSArch_091.pt saved
2026-03-10 06:05:15,413 - BasicTS-training - INFO - The estimated training finish time is 2026-03-10 06:30:14
2026-03-10 06:05:15,413 - BasicTS-training - INFO - Epoch 92 / 100
2026-03-10 06:07:01,532 - BasicTS-training - INFO - Result <train>: [train/time: 106.12 (s), train/lr: 9.93e-06, train/loss: 0.4762, train/MAE: 0.4762, train/MSE: 0.6743, train/RMSE: 0.8212, train/MAPE: 2.6057, train/WAPE: 0.7897]
2026-03-10 06:07:02,738 - BasicTS-training - INFO - Start validation.
2026-03-10 06:07:31,239 - BasicTS-training - INFO - Result <val>: [val/time: 28.50 (s), val/loss: 0.4351, val/MAE: 0.4351, val/MSE: 0.4168, val/RMSE: 0.6456, val/MAPE: 2.3829, val/WAPE: 0.7201]
2026-03-10 06:07:59,461 - BasicTS-training - INFO - Result <test>: [test/time: 27.57 (s), test/loss: 0.4716, test/MAE: 0.4716, test/MSE: 0.4854, test/RMSE: 0.6967, test/MAPE: 1.8938, test/WAPE: 0.6006]
2026-03-10 06:08:00,644 - BasicTS-training - INFO - Checkpoint /mnt/users/rwl/MATS/results/main/MATS-Full-ETTh2-336/41448eeb37c4f493279852f33c87ec91/MATSArch_092.pt saved
2026-03-10 06:08:00,644 - BasicTS-training - INFO - The estimated training finish time is 2026-03-10 06:30:13
2026-03-10 06:08:00,644 - BasicTS-training - INFO - Epoch 93 / 100
2026-03-10 06:09:45,968 - BasicTS-training - INFO - Result <train>: [train/time: 105.32 (s), train/lr: 7.85e-06, train/loss: 0.4762, train/MAE: 0.4762, train/MSE: 0.6739, train/RMSE: 0.8209, train/MAPE: 2.5997, train/WAPE: 0.7896]
2026-03-10 06:09:46,881 - BasicTS-training - INFO - Start validation.
2026-03-10 06:10:13,929 - BasicTS-training - INFO - Result <val>: [val/time: 27.05 (s), val/loss: 0.4367, val/MAE: 0.4367, val/MSE: 0.4216, val/RMSE: 0.6493, val/MAPE: 2.3887, val/WAPE: 0.7214]
2026-03-10 06:10:42,096 - BasicTS-training - INFO - Result <test>: [test/time: 27.14 (s), test/loss: 0.4728, test/MAE: 0.4728, test/MSE: 0.4883, test/RMSE: 0.6988, test/MAPE: 1.8959, test/WAPE: 0.6014]
2026-03-10 06:10:43,694 - BasicTS-training - INFO - Checkpoint /mnt/users/rwl/MATS/results/main/MATS-Full-ETTh2-336/41448eeb37c4f493279852f33c87ec91/MATSArch_093.pt saved
2026-03-10 06:10:43,694 - BasicTS-training - INFO - The estimated training finish time is 2026-03-10 06:30:09
2026-03-10 06:10:43,694 - BasicTS-training - INFO - Epoch 94 / 100
2026-03-10 06:12:09,743 - BasicTS-training - INFO - Result <train>: [train/time: 86.05 (s), train/lr: 6.02e-06, train/loss: 0.4761, train/MAE: 0.4761, train/MSE: 0.6742, train/RMSE: 0.8211, train/MAPE: 2.5991, train/WAPE: 0.7893]
2026-03-10 06:12:10,243 - BasicTS-training - INFO - Start validation.
2026-03-10 06:12:31,605 - BasicTS-training - INFO - Result <val>: [val/time: 21.36 (s), val/loss: 0.4374, val/MAE: 0.4374, val/MSE: 0.4225, val/RMSE: 0.6500, val/MAPE: 2.4005, val/WAPE: 0.7224]
2026-03-10 06:12:54,428 - BasicTS-training - INFO - Result <test>: [test/time: 22.46 (s), test/loss: 0.4740, test/MAE: 0.4740, test/MSE: 0.4904, test/RMSE: 0.7003, test/MAPE: 1.9017, test/WAPE: 0.6024]
2026-03-10 06:12:55,909 - BasicTS-training - INFO - Checkpoint /mnt/users/rwl/MATS/results/main/MATS-Full-ETTh2-336/41448eeb37c4f493279852f33c87ec91/MATSArch_094.pt saved
2026-03-10 06:12:55,910 - BasicTS-training - INFO - The estimated training finish time is 2026-03-10 06:29:32
2026-03-10 06:12:55,910 - BasicTS-training - INFO - Epoch 95 / 100
2026-03-10 06:14:24,903 - BasicTS-training - INFO - Result <train>: [train/time: 88.99 (s), train/lr: 4.43e-06, train/loss: 0.4761, train/MAE: 0.4761, train/MSE: 0.6740, train/RMSE: 0.8210, train/MAPE: 2.6009, train/WAPE: 0.7895]
2026-03-10 06:14:25,644 - BasicTS-training - INFO - Start validation.
2026-03-10 06:14:49,231 - BasicTS-training - INFO - Result <val>: [val/time: 23.59 (s), val/loss: 0.4360, val/MAE: 0.4360, val/MSE: 0.4196, val/RMSE: 0.6478, val/MAPE: 2.3921, val/WAPE: 0.7205]
2026-03-10 06:15:13,399 - BasicTS-training - INFO - Result <test>: [test/time: 23.55 (s), test/loss: 0.4730, test/MAE: 0.4730, test/MSE: 0.4882, test/RMSE: 0.6987, test/MAPE: 1.9137, test/WAPE: 0.6024]
2026-03-10 06:15:15,190 - BasicTS-training - INFO - Checkpoint /mnt/users/rwl/MATS/results/main/MATS-Full-ETTh2-336/41448eeb37c4f493279852f33c87ec91/MATSArch_095.pt saved
2026-03-10 06:15:15,191 - BasicTS-training - INFO - The estimated training finish time is 2026-03-10 06:29:04
2026-03-10 06:15:15,191 - BasicTS-training - INFO - Epoch 96 / 100
2026-03-10 06:16:45,411 - BasicTS-training - INFO - Result <train>: [train/time: 90.22 (s), train/lr: 3.08e-06, train/loss: 0.4760, train/MAE: 0.4760, train/MSE: 0.6742, train/RMSE: 0.8211, train/MAPE: 2.6028, train/WAPE: 0.7893]
2026-03-10 06:16:46,265 - BasicTS-training - INFO - Start validation.
2026-03-10 06:17:10,423 - BasicTS-training - INFO - Result <val>: [val/time: 24.16 (s), val/loss: 0.4361, val/MAE: 0.4361, val/MSE: 0.4194, val/RMSE: 0.6476, val/MAPE: 2.3981, val/WAPE: 0.7213]
2026-03-10 06:17:35,024 - BasicTS-training - INFO - Result <test>: [test/time: 24.05 (s), test/loss: 0.4732, test/MAE: 0.4732, test/MSE: 0.4886, test/RMSE: 0.6990, test/MAPE: 1.9073, test/WAPE: 0.6022]
2026-03-10 06:17:36,401 - BasicTS-training - INFO - Checkpoint /mnt/users/rwl/MATS/results/main/MATS-Full-ETTh2-336/41448eeb37c4f493279852f33c87ec91/MATSArch_096.pt saved
2026-03-10 06:17:36,402 - BasicTS-training - INFO - The estimated training finish time is 2026-03-10 06:28:38
2026-03-10 06:17:36,402 - BasicTS-training - INFO - Epoch 97 / 100
2026-03-10 06:19:06,196 - BasicTS-training - INFO - Result <train>: [train/time: 89.79 (s), train/lr: 1.97e-06, train/loss: 0.4760, train/MAE: 0.4760, train/MSE: 0.6733, train/RMSE: 0.8205, train/MAPE: 2.6006, train/WAPE: 0.7892]
2026-03-10 06:19:07,174 - BasicTS-training - INFO - Start validation.
2026-03-10 06:19:30,892 - BasicTS-training - INFO - Result <val>: [val/time: 23.72 (s), val/loss: 0.4365, val/MAE: 0.4365, val/MSE: 0.4206, val/RMSE: 0.6485, val/MAPE: 2.3927, val/WAPE: 0.7215]
2026-03-10 06:19:55,984 - BasicTS-training - INFO - Result <test>: [test/time: 24.48 (s), test/loss: 0.4731, test/MAE: 0.4731, test/MSE: 0.4888, test/RMSE: 0.6991, test/MAPE: 1.8994, test/WAPE: 0.6018]
2026-03-10 06:19:57,915 - BasicTS-training - INFO - Checkpoint /mnt/users/rwl/MATS/results/main/MATS-Full-ETTh2-336/41448eeb37c4f493279852f33c87ec91/MATSArch_097.pt saved
2026-03-10 06:19:57,915 - BasicTS-training - INFO - The estimated training finish time is 2026-03-10 06:28:13
2026-03-10 06:19:57,916 - BasicTS-training - INFO - Epoch 98 / 100
2026-03-10 06:21:30,194 - BasicTS-training - INFO - Result <train>: [train/time: 92.28 (s), train/lr: 1.11e-06, train/loss: 0.4759, train/MAE: 0.4759, train/MSE: 0.6737, train/RMSE: 0.8208, train/MAPE: 2.6001, train/WAPE: 0.7891]
2026-03-10 06:21:30,834 - BasicTS-training - INFO - Start validation.
2026-03-10 06:21:54,461 - BasicTS-training - INFO - Result <val>: [val/time: 23.63 (s), val/loss: 0.4365, val/MAE: 0.4365, val/MSE: 0.4204, val/RMSE: 0.6483, val/MAPE: 2.3928, val/WAPE: 0.7214]
2026-03-10 06:22:18,234 - BasicTS-training - INFO - Result <test>: [test/time: 23.43 (s), test/loss: 0.4730, test/MAE: 0.4730, test/MSE: 0.4886, test/RMSE: 0.6990, test/MAPE: 1.8995, test/WAPE: 0.6018]
2026-03-10 06:22:20,080 - BasicTS-training - INFO - Checkpoint /mnt/users/rwl/MATS/results/main/MATS-Full-ETTh2-336/41448eeb37c4f493279852f33c87ec91/MATSArch_098.pt saved
2026-03-10 06:22:20,080 - BasicTS-training - INFO - The estimated training finish time is 2026-03-10 06:27:49
2026-03-10 06:22:20,080 - BasicTS-training - INFO - Epoch 99 / 100
2026-03-10 06:23:52,666 - BasicTS-training - INFO - Result <train>: [train/time: 92.59 (s), train/lr: 4.93e-07, train/loss: 0.4759, train/MAE: 0.4759, train/MSE: 0.6739, train/RMSE: 0.8209, train/MAPE: 2.6006, train/WAPE: 0.7891]
2026-03-10 06:23:53,566 - BasicTS-training - INFO - Start validation.
2026-03-10 06:24:17,662 - BasicTS-training - INFO - Result <val>: [val/time: 24.09 (s), val/loss: 0.4364, val/MAE: 0.4364, val/MSE: 0.4201, val/RMSE: 0.6481, val/MAPE: 2.3934, val/WAPE: 0.7213]
2026-03-10 06:24:42,090 - BasicTS-training - INFO - Result <test>: [test/time: 23.65 (s), test/loss: 0.4730, test/MAE: 0.4730, test/MSE: 0.4886, test/RMSE: 0.6990, test/MAPE: 1.9012, test/WAPE: 0.6019]
2026-03-10 06:24:43,654 - BasicTS-training - INFO - Checkpoint /mnt/users/rwl/MATS/results/main/MATS-Full-ETTh2-336/41448eeb37c4f493279852f33c87ec91/MATSArch_099.pt saved
2026-03-10 06:24:43,654 - BasicTS-training - INFO - The estimated training finish time is 2026-03-10 06:27:27
2026-03-10 06:24:43,654 - BasicTS-training - INFO - Epoch 100 / 100
2026-03-10 06:26:14,710 - BasicTS-training - INFO - Result <train>: [train/time: 91.05 (s), train/lr: 1.23e-07, train/loss: 0.4758, train/MAE: 0.4758, train/MSE: 0.6735, train/RMSE: 0.8207, train/MAPE: 2.6005, train/WAPE: 0.7892]
2026-03-10 06:26:15,293 - BasicTS-training - INFO - Start validation.
2026-03-10 06:26:38,482 - BasicTS-training - INFO - Result <val>: [val/time: 23.19 (s), val/loss: 0.4364, val/MAE: 0.4364, val/MSE: 0.4201, val/RMSE: 0.6481, val/MAPE: 2.3938, val/WAPE: 0.7213]
2026-03-10 06:27:00,463 - BasicTS-training - INFO - Result <test>: [test/time: 21.27 (s), test/loss: 0.4731, test/MAE: 0.4731, test/MSE: 0.4886, test/RMSE: 0.6990, test/MAPE: 1.9016, test/WAPE: 0.6019]
2026-03-10 06:27:01,736 - BasicTS-training - INFO - Checkpoint /mnt/users/rwl/MATS/results/main/MATS-Full-ETTh2-336/41448eeb37c4f493279852f33c87ec91/MATSArch_100.pt saved
2026-03-10 06:27:02,307 - BasicTS-training - INFO - The training finished at 2026-03-10 06:27:02
2026-03-10 06:27:02,308 - BasicTS-training - INFO - Evaluating the best model on the test set.
2026-03-10 06:27:02,308 - BasicTS-training - INFO - Loading Checkpoint from '/mnt/users/rwl/MATS/results/main/MATS-Full-ETTh2-336/41448eeb37c4f493279852f33c87ec91/MATSArch_best_val_MAE.pt'
2026-03-10 06:27:29,445 - BasicTS-training - INFO - Result <test>: [test/time: 23.60 (s), test/loss: 0.4466, test/MAE: 0.4466, test/MSE: 0.4457, test/RMSE: 0.6676, test/MAPE: 1.7864, test/WAPE: 0.5715]
2026-03-10 06:27:29,571 - BasicTS-training - INFO - Test metrics saved to /mnt/users/rwl/MATS/results/main/MATS-Full-ETTh2-336/41448eeb37c4f493279852f33c87ec91/test_metrics.json.
